uf;municipio;lavoura_aptidao_boa;lavoura_aptidao_regular;lavoura_aptidao_restrita;pastagem_plantada;silvicultura_ou_pastagem_natural;preservacao_fauna_flora;fonte
AC;PORTO ACRE;28741.62;24992.71;21243.80;16054.57;13960.50;11866.42;1
AL;CAMPO ALEGRE;15753.27;14177.94;12760.14;11484.13;10335.71;8268.57;1
AL;CORURIPE;35677.85;33123.32;30458.18;28392.43;25513.23;21478.07;1
AL;TEOTONIO VILELA;15756.60;14184.80;12766.32;11489.68;10340.72;8272.57;1
BA;ALCOBACA;26130.22;23754.75;21595.84;19632.28;19831.84;14625.05;1
BA;BAIANOPOLIS;7580.00;6130.00;4490.00;3570.00;3020.00;2250.00;1
BA;BARRA;3725.77;3342.32;3190.42;3116.36;2359.90;1986.93;1
BA;BARREIRAS;9427.61;6514.90;3896.75;2115.66;2115.66;1462.41;1
BA;BARROCAS;13280.05;10296.38;8570.43;7787.93;6333.79;5383.45;1
BA;BUERAREMA;15000.00;12000.00;10000.00;15000.00;15000.00;10000.00;1
BA;CAMACAN;11607.74;10446.97;9286.20;11607.74;11607.74;9286.20;1
BA;CARAVELAS;12315.90;11876.05;11436.20;10556.48;9676.77;8797.06;1
BA;COCOS;2749.51;1999.34;1449.97;1199.47;899.93;599.74;1
BA;CONCEICAO DO JACUIPE;26086.00;18781.92;16739.39;14608.16;7512.77;7658.85;1
BA;CONDE;12986.46;7903.83;5371.63;7903.83;6500.00;4478.09;1
BA;CORDEIROS;8500.00;6500.00;4000.00;7500.00;6000.00;4500.00;1
BA;CORRENTINA;9382.94;6880.82;6255.29;5004.23;3753.17;2502.12;1
BA;EUNAPOLIS;39325.66;22767.49;20697.71;16558.17;12418.63;8279.09;1
BA;FORMOSA DO RIO PRETO;10944.02;8064.02;6336.01;5184.01;4032.01;3456.01;1
BA;GUANAMBI;12000.00;9000.00;7500.00;7500.00;6500.00;6500.00;1
BA;IBICUI;26678.10;19208.23;17073.98;14939.74;14939.74;7832.28;1
BA;IBIRAPUA;28770.50;20714.76;18413.12;16111.48;8285.87;8446.58;1
BA;ILHEUS;15796.50;12637.20;8424.80;5255.50;2948.68;2632.75;1
BA;IPECAETA;7000.00;6750.00;6500.00;6000.00;5500.00;5000.00;1
BA;ITAGIMIRIM;13362.80;10268.88;9156.84;7656.48;6441.90;3429.73;1
BA;ITAMARAJU;29234.80;25058.40;22970.20;20882.00;18793.80;16705.60;1
BA;ITANHEM;10000.00;10000.00;9000.00;9000.00;9000.00;7500.00;1
BA;JABORANDI;8640.00;5800.00;3370.00;3326.00;2340.00;1800.00;1
BA;JEQUIE;14327.80;12178.63;10473.51;9662.62;8384.98;7546.49;1
BA;LUIS EDUARDO MAGALHAES;12748.26;8876.56;8498.84;8498.84;8022.75;7554.52;1
BA;MANSIDAO;5850.00;5265.00;4738.50;4027.72;;;1
BA;MULUNGU DO MORRO;11968.00;9206.60;6444.59;3682.84;11968.00;6757.26;1
BA;NOVA VICOSA;20000.00;18000.00;16000.00;14000.00;20000.00;12000.00;1
BA;PRADO;20562.58;16857.62;15233.36;13316.47;13606.24;10847.09;1
BA;QUIJINGUE;2160.00;1650.00;1180.00;1020.00;800.00;660.00;1
BA;RAFAEL JAMBEIRO;12106.00;9664.00;7221.00;9558.00;7646.00;6372.00;1
BA;RIACHAO DAS NEVES;10940.00;8000.00;7150.00;6000.00;4550.00;3450.00;1
BA;SANTO ESTEVAO;13066.20;11666.25;10266.30;9333.02;7933.05;6533.10;1
BA;SAO DESIDERIO;10096.82;6723.93;4421.26;4202.72;4059.17;3787.45;1
BA;SAO GONCALO DOS CAMPOS;27746.75;19773.18;17576.16;15379.14;7909.24;8060.54;1
BA;SERRINHA;13453.57;12780.89;10090.18;7399.46;6726.78;5381.43;1
BA;TANHACU;4250.00;3500.00;2250.00;2200.00;1800.00;1200.00;1
BA;TEIXEIRA DE FREITAS;35000.00;30000.00;27500.00;25000.00;22500.00;20000.00;1
BA;URUCUCA;29134.09;20761.84;18454.97;16148.10;8304.70;8463.57;1
BA;VEREDA;10462.20;9415.80;9120.00;8370.00;8446.58;7678.71;1
BA;XIQUE-XIQUE;2827.48;1921.80;1502.10;1192.84;905.68;596.42;1
CE;SOBRAL;4300.00;4300.00;4300.00;4300.00;4300.00;4300.00;1
ES;ARACRUZ;81648.62;61601.90;55107.60;55546.12;57529.91;35917.04;1
ES;CACHOEIRO DE ITAPEMIRIM;47683.23;37644.65;27606.08;25096.44;20077.15;15057.86;1
ES;SANTA MARIA DE JETIBA;57415.80;49770.00;38884.50;49759.10;42104.80;30621.90;1
GO;ABADIA DE GOIAS;55741.79;39019.25;27870.90;19814.47;13209.64;6604.82;1
GO;ABADIANIA;43832.29;29990.51;23069.62;18455.70;13841.77;13841.77;1
GO;ACREUNA;36226.78;29159.27;21822.27;29159.27;19349.46;19348.17;1
GO;ADELANDIA;33264.46;30687.68;28813.59;25065.50;21785.90;16866.51;1
GO;AGUA FRIA DE GOIAS;15100.00;12800.00;9078.54;7716.75;6559.24;4919.44;1
GO;AGUAS LINDAS DE GOIAS;13979.17;11183.34;9319.45;8653.77;7721.83;6257.34;1
GO;ALEXANIA;24439.24;20773.35;17657.35;15008.74;12757.43;10205.94;1
GO;ALTO HORIZONTE;8390.06;7131.62;5418.23;5031.72;4257.61;2322.33;1
GO;ALTO PARAISO DE GOIAS;16769.67;13695.02;11412.51;9886.50;7969.07;6030.35;1
GO;ALVORADA DO NORTE;15000.00;10430.58;8274.46;14050.00;8274.46;6208.34;1
GO;AMARALINA;12499.22;10624.33;9030.68;7676.08;6524.67;5219.73;1
GO;AMERICANO DO BRASIL;45787.83;39281.37;35329.88;34354.61;305535.89;19441.50;1
GO;AMORINOPOLIS;19306.71;17255.49;15858.87;14397.04;10678.96;8051.16;1
GO;ANICUNS;39657.94;35735.77;34022.54;30600.06;26447.87;21542.31;1
GO;APARECIDA DO RIO DOCE;27728.99;18878.75;14630.89;11681.92;8730.96;5781.32;1
GO;APORE;23579.88;20594.45;16325.40;11874.76;8539.44;4825.72;1
GO;ARACU;23867.92;22019.62;20674.33;23867.92;14760.61;12102.05;1
GO;ARAGOIANIA;35458.96;30663.83;29528.12;30663.83;29528.12;23092.86;1
GO;ARAGUAPAZ;9905.85;8506.27;7647.18;6846.18;5839.84;4632.73;1
GO;ARUANA;29851.86;20424.64;15711.03;7600.28;5698.72;3800.14;1
GO;AURILANDIA;26247.81;22914.27;18770.66;17649.10;17649.92;17649.10;1
GO;BARRO ALTO;5820.68;5432.63;5044.60;4656.53;4387.63;3986.22;1
GO;BELA VISTA DE GOIAS;27097.17;22572.29;19871.96;18964.89;18057.83;10384.30;1
GO;BOM JARDIM DE GOIAS;8406.05;6113.53;4936.22;3729.60;3352.34;2664.96;1
GO;BOM JESUS DE GOIAS;52946.99;52395.72;51789.34;44167.29;42300.24;42178.25;1
GO;BONFINOPOLIS;42762.43;38008.21;33257.37;22963.22;21815.06;20724.31;1
GO;BONOPOLIS;9427.90;8013.71;6811.65;5789.90;4921.42;3973.13;1
GO;BRAZABRANTES;44823.18;36491.00;36491.00;26586.30;20852.00;20852.00;1
GO;BRITANIA;14863.50;10387.02;8550.70;7230.62;6013.92;4774.69;1
GO;BURITI ALEGRE;22795.90;20964.29;18757.52;17654.14;13792.70;12137.22;1
GO;BURITI DE GOIAS;42000.00;38100.00;30000.00;29000.00;15500.00;8900.00;1
GO;CABECEIRAS;33915.68;25951.48;11305.84;11305.84;10175.26;4522.33;1
GO;CACHOEIRA ALTA;11570.00;10123.00;8677.00;9100.00;9100.00;;1
GO;CACHOEIRA DE GOIAS;38750.07;27125.05;19375.04;15500.03;9687.52;4650.01;1
GO;CACHOEIRA DOURADA;42580.30;34064.24;29806.21;29806.21;25548.18;21290.15;1
GO;CACU;33117.76;22659.52;17430.40;15373.60;11310.57;7686.78;1
GO;CAIAPONIA;18787.37;14814.17;11915.80;8874.15;8111.33;5899.30;1
GO;CALDAS NOVAS;19173.86;15186.67;13585.17;11994.71;11199.48;7996.47;1
GO;CALDAZINHA;18461.72;16615.55;15784.78;16615.55;15784.78;7500.14;1
GO;CAMPESTRE DE GOIAS;30000.00;24500.00;19800.00;15200.00;11500.00;7500.00;1
GO;CAMPINACU;7199.74;6879.75;5599.79;4319.85;3999.85;3199.89;1
GO;CAMPO ALEGRE DE GOIAS;26726.87;22489.97;19493.26;15755.35;15755.35;7167.47;1
GO;CAMPO LIMPO DE GOIAS;37257.44;29990.51;23069.62;18455.70;13841.77;9227.85;1
GO;CAMPOS BELOS;9130.30;7760.75;6596.64;5607.15;4766.07;3812.85;1
GO;CAMPOS VERDES;9770.82;8489.17;7792.12;7812.59;6282.52;4678.14;1
GO;CATALAO;30400.00;27500.00;25600.00;23700.00;21600.00;7200.00;1
GO;CAVALCANTE;6795.64;5183.81;2591.90;3617.60;2591.90;1240.32;1
GO;CERES;22873.86;21429.66;20027.88;18468.63;15350.16;11050.91;1
GO;CEZARINA;41297.21;35102.62;31798.85;30972.90;27256.15;17344.85;1
GO;CHAPADAO DO CEU;29640.19;24808.51;20821.76;18709.76;15839.64;11556.67;1
GO;CORUMBAIBA;27461.26;19343.29;15516.25;24330.04;12733.61;10460.58;1
GO;CRISTALINA;25075.42;23194.49;22228.91;21201.44;19706.06;18381.11;1
GO;CRISTIANOPOLIS;36867.74;29494.20;24578.49;29494.20;23595.36;17696.51;1
GO;CRIXAS;8705.46;7862.99;6037.66;5756.83;3510.27;2106.12;1
GO;CROMINIA;35098.14;29993.50;25205.97;21443.18;20227.27;11875.00;1
GO;CUMARI;32412.32;29171.09;25929.86;19447.37;16206.16;14585.54;1
GO;DOVERLANDIA;21361.93;16628.68;14217.53;10684.10;10411.48;5237.96;1
GO;DIORAMA;17502.66;16495.82;15549.05;14653.60;10902.92;7997.83;1
GO;EDEIA;60049.59;53499.73;38213.38;34937.94;22928.03;16377.16;1
GO;ESTRELA DO NORTE;12173.53;10347.51;8795.37;7476.06;6354.66;5083.73;1
GO;FAINA;20763.31;15975.09;12780.07;11880.25;8995.25;6853.25;1
GO;FAZENDA NOVA;12970.01;11530.42;10485.09;11521.91;10088.76;8718.28;1
GO;FIRMINOPOLIS;34290.56;32383.96;22859.26;32439.27;22859.26;14117.27;1
GO;FLORES DE GOIAS;11999.56;7999.40;6409.64;7421.64;6072.00;4530.08;1
GO;FORMOSA;25380.46;21774.67;19584.36;19043.52;16924.21;10775.50;1
GO;FORMOSO;8475.00;7262.69;6197.25;5409.25;4573.30;3846.20;1
GO;GAMELEIRA DE GOIAS;21258.18;19605.73;16685.68;15158.95;10254.75;9390.18;1
GO;GOIANDIRA;39624.20;32392.78;31105.00;27836.00;23477.34;11986.32;1
GO;GOIANIA;86543.49;73561.37;69233.99;64906.62;60579.91;51925.16;1
GO;GOIANIRA;36917.46;35028.07;34163.24;35028.07;30031.02;25967.10;1
GO;GOIAS;17823.15;15128.57;12877.24;10945.65;9303.79;7443.04;1
GO;GOIATUBA;44931.61;44931.61;42441.27;41736.88;20219.21;20219.21;1
GO;GOUVELANDIA;33043.41;31180.37;27212.20;27212.20;23324.75;19417.50;1
GO;GUAPO;28561.11;25470.80;23211.61;21517.94;20352.65;12092.77;1
GO;GUARANI DE GOIAS;13000.00;11000.00;9000.00;13000.00;9000.00;7000.00;1
GO;GUARINOS;12168.80;10343.48;8791.95;7473.95;6352.18;5081.75;1
GO;HIDROLANDIA;45000.00;39000.00;34000.00;39000.00;34000.00;22000.00;1
GO;HIDROLINA;24011.16;20409.48;18283.80;20409.91;17051.90;5561.32;1
GO;IACIARA;13000.00;11000.00;9000.00;13000.00;9000.00;7000.00;1
GO;INACIOLANDIA;36518.57;34248.37;30074.12;30074.12;25777.81;21481.50;1
GO;INDIARA;33872.65;23993.11;20944.57;18212.18;14779.76;14617.17;1
GO;INHUMAS;42500.00;40000.00;35000.00;40000.00;36250.00;12500.00;1
GO;IPAMERI;28744.37;25869.93;22995.50;21558.28;20121.06;15809.40;1
GO;IPIRANGA DE GOIAS;19083.97;16221.38;13788.17;11719.94;9961.95;7969.56;1
GO;IPORA;20846.81;15815.34;12930.16;15815.34;15815.34;4652.36;1
GO;ISRAELANDIA;27892.50;14773.00;8833.50;6621.00;2850.00;1488.00;1
GO;ITABERAI;52609.68;39717.91;28846.02;21707.19;20070.29;16503.94;1
GO;ITAGUARI;41090.99;34927.34;29668.24;25235.00;21499.75;17159.80;1
GO;ITAGUARU;61983.48;53719.01;45454.55;45454.55;37190.09;33057.86;1
GO;ITAJA;18760.44;17317.33;15874.22;14431.11;10823.33;7215.56;1
GO;ITAPACI;13731.36;11647.50;9812.05;8887.42;7797.20;7038.17;1
GO;ITAPIRAPUA;14163.65;11761.48;11028.38;14136.08;11037.95;7244.07;1
GO;ITAPURANGA;18231.68;12618.17;9089.08;12755.39;9161.93;4440.53;1
GO;ITARUMA;19536.66;18224.50;15621.00;12496.80;12496.80;5207.00;1
GO;ITAUCU;39916.60;33057.85;28925.62;33057.85;29958.67;15338.54;1
GO;ITUMBIARA;57734.17;39502.33;30386.40;24309.12;18231.84;12154.56;1
GO;IVOLANDIA;18039.96;17137.96;15424.16;12627.97;12014.61;9019.95;1
GO;JANDAIA;24294.81;16196.44;12299.26;12101.35;8503.26;3421.48;1
GO;JARAGUA;32961.45;21974.62;10987.10;21974.62;8789.71;6592.29;1
GO;JATAI;38958.95;27271.07;19530.83;15883.38;10234.60;5556.67;1
GO;JAUPACI;28072.81;23393.61;19495.01;16245.84;12996.67;10397.34;1
GO;JOVIANIA;43118.24;41545.37;38258.78;33421.61;21991.96;21196.64;1
GO;JUSSARA;18504.27;13459.98;12636.47;12423.50;11429.62;6565.73;1
GO;LAGOA SANTA;18755.88;17313.12;15870.36;14427.60;10820.70;7213.80;1
GO;LEOPOLDO DE BULHOES;26587.33;22599.24;19209.35;16327.95;13878.75;11103.00;1
GO;LUZIANIA;19922.48;13945.67;9960.91;5976.81;3984.10;1992.05;1
GO;MAIRIPOTABA;30677.69;26661.16;23772.21;22088.84;18088.84;18088.84;1
GO;MAMBAI;12444.34;9954.51;7465.88;6222.77;2488.62;2488.62;1
GO;MARA ROSA;14615.58;12423.24;10559.75;8975.79;7629.42;6485.01;1
GO;MARZAGAO;42673.08;29197.37;22459.52;21138.37;15853.78;10569.18;1
GO;MATRINCHA;19920.48;17124.26;14909.09;17124.26;14909.09;10649.60;1
GO;MAURILANDIA;61983.47;61983.47;61983.47;61983.47;30991.73;30991.73;1
GO;MINACU;6630.22;5424.79;3616.31;3616.31;3616.31;1205.44;1
GO;MINEIROS;29950.00;25850.00;17199.85;13759.88;11268.87;8066.14;1
GO;MONTE ALEGRE DE GOIAS;11411.45;10270.30;9129.16;9013.90;7645.65;5135.15;1
GO;MONTES CLAROS DE GOIAS;22360.68;19006.57;13732.25;16155.59;11672.41;8754.30;1
GO;MONTIVIDIU;54036.40;45930.94;41608.02;40527.30;35664.02;22695.28;1
GO;MONTIVIDIU DO NORTE;11053.05;9121.90;7981.09;6994.63;6325.90;3696.30;1
GO;MORRINHOS;36001.73;34476.23;28984.43;22577.34;97631.48;8847.88;1
GO;MORRO AGUDO DE GOIAS;41694.79;35769.95;32171.69;31283.60;27805.45;17703.61;1
GO;MOSSAMEDES;41469.64;28373.96;21826.13;17460.90;13095.68;8730.45;1
GO;MOZARLANDIA;21698.82;17359.05;14104.23;10849.41;9764.46;6509.64;1
GO;MUNDO NOVO;27859.48;19501.64;13930.35;11307.67;7538.46;3769.22;1
GO;MUTUNOPOLIS;11906.63;10120.64;8602.54;7312.16;6215.33;4972.27;1
GO;NIQUELANDIA;11536.46;8904.00;7716.80;6977.60;5171.85;2297.04;1
GO;NOVA AMERICA;20142.39;16927.59;13457.85;13775.46;7600.00;4556.70;1
GO;NOVA CRIXAS;14402.89;10738.72;8140.59;8050.93;6744.47;5322.05;1
GO;NOVA GLORIA;21333.93;18133.84;15413.76;13101.70;11136.44;8909.15;1
GO;NOVA IGUACU DE GOIAS;13469.72;11859.21;10980.75;9223.83;7686.52;7027.68;1
GO;NOVA ROMA;7472.60;5479.91;4981.74;5479.91;3736.31;2490.86;1
GO;NOVA VENEZA;54799.18;51062.89;47326.50;46081.14;44835.71;44835.71;1
GO;NOVO BRASIL;41469.64;28373.96;21826.13;17460.90;13095.68;8730.45;1
GO;NOVO PLANALTO;8005.22;6727.54;5969.99;5505.72;4240.05;3762.91;1
GO;OURO VERDE DE GOIAS;38552.74;33074.38;29747.28;28926.10;25710.82;16369.48;1
GO;PADRE BERNARDO;11269.39;9578.98;8142.13;6920.81;5882.69;4706.15;1
GO;PALMEIRAS DE GOIAS;23764.61;22180.30;20596.00;23460.10;20108.66;12563.84;1
GO;PARANAIGUARA;14122.39;10938.25;9056.03;14122.39;10938.25;9056.03;1
GO;PARAUNA;23898.66;20836.06;17773.46;11552.62;10337.68;9202.75;1
GO;PEROLANDIA;30036.84;27952.20;25142.05;20508.39;17621.41;13518.54;1
GO;PETROLINA DE GOIAS;34450.00;31500.00;25320.00;29490.00;21220.00;18530.00;1
GO;PIRACANJUBA;41416.94;39259.50;37194.00;30992.73;22729.27;20651.25;1
GO;PIRANHAS;13762.32;11421.68;8102.90;7159.71;5647.96;4016.07;1
GO;PIRES DO RIO;24787.19;21684.40;19633.31;18636.22;16416.06;10509.81;1
GO;PLANALTINA;35809.71;25202.53;15116.39;10398.94;4709.03;2471.42;1
GO;PONTALINA;45500.00;43000.00;40000.00;30000.00;20000.00;20000.00;1
GO;PORANGATU;10986.22;9612.94;8239.66;6866.39;5493.11;4119.83;1
GO;PORTEIRAO;30707.58;29489.49;26778.18;22568.43;19759.15;20284.15;1
GO;PORTELANDIA;10830.25;9330.67;8516.09;6109.37;5553.97;2221.59;1
GO;POSSE;13000.00;11000.00;9000.00;13000.00;9000.00;7000.00;1
GO;PROFESSOR JAMIL;19968.85;15960.48;14495.98;14111.98;11970.36;10391.07;1
GO;QUIRINOPOLIS;31249.72;28555.78;17241.23;15086.07;12930.92;12930.92;1
GO;RIO QUENTE;31675.64;21672.81;16671.39;13337.12;10002.83;6668.55;1
GO;RIO VERDE;35571.85;29594.82;13874.24;8077.51;8037.72;8847.92;1
GO;RUBIATABA;20737.11;19002.50;17401.89;15961.68;14665.51;13498.96;1
GO;SANTA BARBARA DE GOIAS;37953.68;33736.60;29519.51;25302.45;16847.89;9515.46;1
GO;SANTA CRUZ DE GOIAS;22636.50;19241.02;16354.87;13901.64;11816.40;9453.12;1
GO;SANTA FE DE GOIAS;38599.60;32809.85;27833.32;23705.11;20149.34;17126.94;1
GO;SANTA HELENA DE GOIAS;29562.50;24241.25;21285.00;24241.00;21285.00;12215.90;1
GO;SANTA RITA DO ARAGUAIA;12766.74;10031.16;9336.66;7633.54;7495.04;3544.07;1
GO;SANTA RITA DO NOVO DESTINO;15592.24;10603.63;9518.29;8490.82;5690.75;3804.73;1
GO;SANTA TEREZA DE GOIAS;12774.72;10694.85;9271.51;8550.87;7286.42;5006.14;1
GO;SANTA TEREZINHA DE GOIAS;13297.08;11302.51;9607.14;8166.06;6941.15;5552.92;1
GO;SANTO ANTONIO DA BARRA;39341.99;35772.76;33983.67;35772.76;33983.67;26829.19;1
GO;SANTO ANTONIO DE GOIAS;47709.10;40552.73;34469.82;29299.35;24904.44;19923.55;1
GO;SAO DOMINGOS;5970.94;5307.50;3980.62;5970.94;5307.50;3317.19;1
GO;SAO FRANCISCO DE GOIAS;33575.30;28453.64;24113.25;20434.96;16756.67;13740.47;1
GO;SAO JOAO D'ALIANCA;15572.96;13237.03;9835.54;4882.21;3619.21;1809.62;1
GO;SAO JOAO DA PARAUNA;43632.00;36360.00;30300.00;25250.00;20200.00;16160.00;1
GO;SAO LUIS DE MONTES BELOS;31258.09;28177.44;23383.17;23418.47;19884.02;16197.01;1
GO;SAO LUIZ DO NORTE;23540.39;20009.33;17007.93;14456.74;12288.22;9830.58;1
GO;SAO MIGUEL DO ARAGUAIA;12696.50;9860.84;9255.14;9143.15;6328.04;5651.43;1
GO;SAO MIGUEL DO PASSA QUATRO;22967.92;19522.73;16594.32;14105.17;11989.40;9591.51;1
GO;SAO PATRICIO;41458.50;34548.76;28790.63;23992.19;19193.75;15354.00;1
GO;SENADOR CANEDO;34700.00;29495.00;26025.00;24290.00;22555.00;13880.00;1
GO;SERRANOPOLIS;27416.20;20609.69;16412.87;14066.28;9033.14;6166.34;1
GO;SILVANIA;29004.74;24564.10;21515.70;20921.11;19053.20;13316.06;1
GO;TAQUARAL DE GOIAS;21262.15;18072.85;15361.90;13057.63;11098.98;8879.19;1
GO;TEREZOPOLIS DE GOIAS;38500.00;34200.00;27800.00;32000.00;23500.00;19800.00;1
GO;TRINDADE;32788.77;30129.60;28129.48;26017.88;24912.91;24162.04;1
GO;TURVANIA;57546.80;49085.58;42769.64;34213.86;28606.28;22808.45;1
GO;TURVELANDIA;41999.87;37805.44;31455.75;30861.51;24815.58;19854.98;1
GO;UIRAPURU;10329.71;8780.25;7463.22;6343.73;5392.17;4313.74;1
GO;URUACU;19168.18;17251.36;15334.54;13417.73;12459.32;8625.68;1
GO;URUANA;40928.51;37878.25;35226.77;34466.11;29086.97;22818.10;1
GO;URUTAI;27926.00;26529.00;23876.00;22340.00;20944.00;19548.00;1
GO;VARJAO;29209.99;23367.97;18694.39;17758.75;11963.30;9571.51;1
GO;VIANOPOLIS;23669.42;20535.47;18370.57;16733.00;11050.73;7658.42;1
GO;VICENTINOPOLIS;49914.99;47552.49;45185.65;42827.48;40464.96;37359.26;1
GO;VILA BOA;12496.80;10622.28;9028.94;7674.60;6523.41;5544.89;1
GO;VILA PROPICIO;28569.58;19849.27;9147.44;9147.44;5966.09;3974.91;1
MA;ACAILANDIA;4513.77;4327.99;4167.97;4513.77;4327.99;4167.97;1
MA;ALTO PARNAIBA;20000.00;18000.00;15500.00;3500.00;2500.00;700.00;1
MA;BALSAS;12144.33;8309.72;6391.72;5514.25;3308.14;2205.42;1
MA;BURITI BRAVO;5000.00;4700.00;4200.00;3800.00;3400.00;3000.00;1
MA;FORTALEZA DOS NOGUEIRAS;26382.00;16350.00;10956.00;7914.00;4560.00;1500.00;1
MA;GRAJAU;10221.24;7228.34;5972.93;9348.24;4843.88;3211.62;1
MA;ITINGA DO MARANHAO;6517.83;5629.78;4574.20;4574.20;3659.35;3659.35;1
MA;LORETO;12155.00;9724.00;7793.50;6220.50;5005.00;2431.00;1
MA;PARNARAMA;3300.00;2970.00;2673.00;2970.00;2138.40;660.00;1
MA;RIACHAO;10500.00;8610.00;4500.00;4000.00;3500.00;1000.00;1
MA;SAO RAIMUNDO DAS MANGABEIRAS;26382.00;16350.00;11225.00;9870.00;4580.00;1869.00;1
MA;TASSO FRAGOSO;35976.00;28554.10;18102.76;12355.13;4024.90;3026.10;1
MA;TIMON;3759.00;3383.00;3045.00;3383.00;2436.00;752.00;1
MG;ABADIA DOS DOURADOS;31200.00;24750.00;16720.00;14410.00;9350.00;6380.00;2
MG;ABAETE;10100.29;8682.70;6046.57;5138.74;4075.55;2847.82;2
MG;ACAIACA;18000.00;15000.00;12000.00;18000.00;13000.00;10000.00;2
MG;ACUCENA;20500.00;16000.00;10000.00;19500.00;13000.00;9500.00;2
MG;AGUA BOA;10975.00;10016.00;5715.00;9525.00;7620.00;1016.00;2
MG;AGUA COMPRIDA;26315.34;23648.00;21567.53;23470.73;23147.34;18519.31;1
MG;AGUANIL;25000.00;18500.00;12500.00;21250.00;12500.00;8750.00;2
MG;AGUAS FORMOSAS;7208.00;6420.00;5629.00;6488.00;4325.00;3566.00;1
MG;AGUAS VERMELHAS;3700.00;2550.00;1400.00;2450.00;1800.00;1350.00;2
MG;ALAGOA;12000.00;9000.00;6000.00;6000.00;4300.00;3200.00;2
MG;ALEM PARAIBA;8100.00;6900.00;6500.00;5900.00;4100.00;3000.00;2
MG;ALFENAS;86661.99;77995.79;69329.59;60663.40;51997.20;43330.96;1
MG;ALFREDO VASCONCELOS;18700.00;12650.00;11000.00;18700.00;12650.00;8500.00;2
MG;ALMENARA;5803.35;4813.28;4062.34;5803.35;3652.61;3242.88;2
MG;ALPERCATA;13400.00;11800.00;9900.00;9300.00;8290.00;7600.00;2
MG;ALPINOPOLIS;51834.58;49164.78;38835.18;28464.30;26057.98;15586.69;1
MG;ALTEROSA;39482.00;31578.02;26685.83;23685.42;19737.22;15791.53;2
MG;ALTO RIO DOCE;16000.00;14500.00;8800.00;11500.00;10500.00;6000.00;2
MG;ALVARENGA;11682.00;8441.00;4231.00;10127.00;4520.00;3954.00;2
MG;ALVINOPOLIS;18000.00;8000.00;5800.00;6500.00;12000.00;8500.00;2
MG;ALVORADA DE MINAS;12300.00;9200.00;7400.00;11000.00;7800.00;6500.00;2
MG;AMPARO DA SERRA;26968.00;20894.00;16424.38;15815.25;13397.21;6910.00;2
MG;ANDRADAS;33951.20;25508.21;15014.58;14927.95;14444.80;9716.00;1
MG;CACHOEIRA DE PAJEU;3700.00;2400.00;1800.00;2200.00;1400.00;1200.00;2
MG;ANDRELANDIA;8710.80;6964.37;5728.20;6474.38;5635.33;3877.16;2
MG;ANGELANDIA;15000.00;12000.00;8000.00;11500.00;6500.00;3000.00;2
MG;ANTONIO CARLOS;16638.00;12481.00;8244.00;16638.00;11544.00;8244.00;2
MG;ANTONIO DIAS;12500.00;11500.00;11000.00;10500.00;8700.00;8500.00;2
MG;ANTONIO PRADO DE MINAS;20000.00;13000.00;7000.00;12000.00;6000.00;6000.00;2
MG;ARACAI;5850.00;4500.00;4050.00;3600.00;1800.00;1080.00;2
MG;ARACITABA;18500.00;12000.00;7000.00;6500.00;5000.00;3000.00;2
MG;ARACUAI;4330.00;2684.00;1180.00;3963.00;1865.00;1630.00;2
MG;ARAGUARI;23243.51;16823.61;12906.73;11721.56;10296.10;5760.27;1
MG;ARANTINA;7000.00;6000.00;5500.00;6000.00;6000.00;4000.00;2
MG;ARAPONGA;30000.00;20000.00;15000.00;25000.00;20000.00;8000.00;2
MG;ARAPORA;33476.70;26781.36;20532.39;20086.02;16738.30;11382.07;2
MG;ARAPUA;30500.00;20000.00;15000.00;13000.00;7900.00;3000.00;2
MG;ARAUJOS;17799.83;9500.02;8397.58;9489.60;8397.58;8010.67;2
MG;ARAXA;25540.00;13865.00;10320.00;9380.00;6460.00;4900.00;2
MG;ARCEBURGO;43000.00;33500.00;23000.00;25600.00;17600.00;11400.00;2
MG;ARCOS;26046.72;17635.80;14276.86;17635.80;12589.25;6511.68;2
MG;AREADO;43732.50;32487.00;24365.25;21866.00;16475.00;11203.00;2
MG;ARGIRITA;16874.00;12468.00;9206.00;12468.00;8832.00;7273.00;2
MG;ARICANDUVA;10500.00;8500.00;7000.00;8500.00;8000.00;5000.00;2
MG;ARINOS;15000.00;8000.00;4000.00;8000.00;3000.00;1500.00;2
MG;ASTOLFO DUTRA;23000.00;19000.00;16200.00;14850.00;10800.00;8250.00;2
MG;ATALEIA;9917.45;9264.55;8264.55;6250.00;6250.00;5000.00;2
MG;AUGUSTO DE LIMA;5500.00;4500.00;2800.00;4500.00;3200.00;2000.00;2
MG;BAEPENDI;11000.00;9000.00;8000.00;8000.00;6000.00;4000.00;1
MG;BALDIM;21500.00;17950.00;12000.00;12000.00;9580.00;8400.00;2
MG;BANDEIRA;6890.00;5512.00;3900.00;6890.00;3900.00;3250.00;2
MG;BARAO DE COCAIS;25440.00;19900.00;15800.00;15800.00;19000.00;16800.00;2
MG;BARAO DO MONTE ALTO;14000.00;10500.00;9000.00;11200.00;8300.00;8300.00;2
MG;BARBACENA;24807.33;21500.51;19019.76;16124.77;12403.67;9922.93;1
MG;BARRA LONGA;15500.00;13200.00;11000.00;12400.00;11000.00;10000.00;2
MG;BARROSO;16800.00;11650.00;7160.00;9322.00;5966.00;5966.00;2
MG;BELA VISTA DE MINAS;13700.00;9200.00;4950.00;8480.00;6900.00;4700.00;2
MG;BELMIRO BRAGA;10100.00;8900.00;7600.00;9150.00;7300.00;6850.00;2
MG;BELO ORIENTE;38223.00;30578.00;22934.00;38223.00;22934.00;19111.00;2
MG;BELO VALE;25473.84;19409.04;14556.78;25473.84;14556.78;12010.75;2
MG;BERILO;7000.00;4500.00;2500.00;4800.00;15000.00;2800.00;2
MG;BERTOPOLIS;10000.00;8500.00;7000.00;6000.00;5000.00;3000.00;2
MG;BERIZAL;4300.00;2400.00;2300.00;2700.00;2500.00;2200.00;2
MG;BIAS FORTES;6000.00;5000.00;3500.00;6000.00;3500.00;3500.00;2
MG;BICAS;13000.00;9000.00;7088.00;9600.00;6800.00;5600.00;2
MG;BIQUINHAS;11418.86;8055.93;4033.37;8737.24;6704.04;3011.29;2
MG;BOA ESPERANCA;32500.00;27500.00;22000.00;19000.00;10000.00;8000.00;1
MG;BOCAINA DE MINAS;8400.00;7875.00;6825.00;6825.00;5775.00;4725.00;2
MG;BOCAIUVA;8300.00;6150.00;4980.00;6260.00;3345.00;3180.00;2
MG;BOM DESPACHO;17174.18;13230.00;8820.00;16537.50;5512.50;1000.00;1
MG;BOM JARDIM DE MINAS;6850.00;4525.00;3050.00;4925.00;2650.00;2600.00;2
MG;BOM JESUS DA PENHA;28765.00;25104.00;18828.00;19664.00;19351.00;15167.00;2
MG;BOM JESUS DO AMPARO;24000.00;19200.00;15600.00;16800.00;10800.00;8400.00;2
MG;BOM JESUS DO GALHO;14963.00;11222.00;8697.00;7649.00;7041.00;6056.00;2
MG;BOM REPOUSO;70000.00;60000.00;50000.00;50000.00;46000.00;46000.00;2
MG;BOM SUCESSO;21400.00;16000.00;11000.00;19000.00;14800.00;9000.00;2
MG;BONFIM;33590.09;26872.09;22351.47;21833.52;20360.44;21046.36;2
MG;BONFINOPOLIS DE MINAS;16500.00;11000.00;5500.00;5500.00;2750.00;1650.00;1
MG;BONITO DE MINAS;4000.00;2300.00;1500.00;3000.00;1600.00;1800.00;2
MG;BORDA DA MATA;45557.50;34067.25;27231.75;44100.00;36067.25;9922.50;2
MG;BOTUMIRIM;5000.00;4000.00;3000.00;4500.00;4000.00;3000.00;2
MG;BRASILANDIA DE MINAS;6000.00;5000.00;4500.00;4000.00;3400.00;1500.00;2
MG;BRASILIA DE MINAS;1500.00;1300.00;1200.00;1000.00;900.00;700.00;2
MG;BRAS PIRES;12000.00;10000.00;8000.00;10000.00;8000.00;5000.00;2
MG;BRAUNAS;5490.00;5280.00;4620.00;4290.00;3300.00;2640.00;2
MG;BRASOPOLIS;35100.00;27230.00;20350.00;27850.00;21200.00;15200.00;2
MG;BRUMADINHO;118312.01;98596.76;80929.21;96675.05;83425.08;78219.83;2
MG;BUENO BRANDAO;54357.37;47873.33;46492.79;45437.92;44779.00;37446.81;1
MG;BUENOPOLIS;8000.00;5000.00;3500.00;4500.00;4500.00;3500.00;2
MG;BURITIS;8649.44;5319.42;3649.44;4149.77;2659.38;1669.98;1
MG;BURITIZEIRO;8782.00;5488.00;4704.00;5488.00;4391.00;1568.00;2
MG;CABECEIRA GRANDE;15069.31;12808.91;10548.51;7534.65;3669.05;2751.78;2
MG;CABO VERDE;21464.52;15768.23;11105.44;11105.44;10937.19;8393.28;2
MG;CACHOEIRA DA PRATA;18245.25;16409.25;14573.25;12737.25;10901.25;9122.63;2
MG;CACHOEIRA DE MINAS;16825.00;15135.00;10140.00;13460.00;11775.00;6727.00;2
MG;CACHOEIRA DOURADA;27720.00;21098.00;13860.00;26950.00;15092.00;13706.00;2
MG;CAETANOPOLIS;5000.00;3900.00;2200.00;2500.00;1750.00;1300.00;2
MG;CAETE;34600.00;31300.00;27800.00;24400.00;21000.00;17400.00;2
MG;CAIANA;25000.00;22000.00;20000.00;17000.00;15000.00;6000.00;2
MG;CAJURI;24480.00;21640.00;19017.00;16940.00;14972.00;11468.00;2
MG;CALDAS;42479.33;32257.84;23140.48;23140.48;13780.98;9517.34;2
MG;CAMACHO;29847.71;26862.94;23878.17;20893.40;17458.63;14423.86;2
MG;CAMANDUCAIA;28000.00;25200.00;22400.00;19600.00;16800.00;14000.00;2
MG;CAMBUI;54972.34;52223.73;41229.26;46726.49;35732.02;30234.79;2
MG;CAMBUQUIRA;50000.00;35000.00;25000.00;43000.00;30000.00;22000.00;2
MG;CAMPANARIO;6030.08;4780.59;4138.60;3601.02;2325.33;2050.67;2
MG;CAMPANHA;41925.00;37500.00;23850.00;26800.00;23850.00;14800.00;2
MG;CAMPESTRE;59960.85;43467.57;21976.57;22009.78;10349.92;10349.92;1
MG;CAMPINA VERDE;26650.00;26000.00;25350.00;24700.00;22750.00;11700.00;1
MG;CAMPO AZUL;3000.00;1900.00;1300.00;1500.00;1000.00;700.00;2
MG;CAMPO BELO;25000.00;18750.00;12500.00;21250.00;12500.00;8750.00;2
MG;CAMPO DO MEIO;41000.00;38250.00;33789.00;28509.32;25338.00;15789.13;2
MG;CAMPO FLORIDO;28925.61;21194.21;15547.52;12396.69;11157.02;9117.35;2
MG;CAMPOS ALTOS;25000.00;23913.04;15217.39;13043.48;7608.70;5434.78;2
MG;CAMPOS GERAIS;56800.00;42500.00;22500.00;32800.00;25800.00;10300.00;2
MG;CANAA;18500.00;16000.00;10000.00;13000.00;9000.00;8500.00;2
MG;CANAPOLIS;40280.00;34980.00;30740.00;29680.00;24380.00;14840.00;2
MG;CANA VERDE;15000.00;12000.00;10000.00;12000.00;8500.00;7000.00;2
MG;CANDEIAS;9500.00;5750.00;5250.00;6850.00;3700.00;2000.00;2
MG;CANTAGALO;9600.00;8600.00;3600.00;9600.00;9600.00;5600.00;2
MG;CAPARAO;33000.00;25000.00;14500.00;17000.00;14500.00;8500.00;2
MG;CAPELA NOVA;20852.00;17724.20;11468.60;20852.00;13553.80;10426.00;2
MG;CAPELINHA;10804.62;9003.50;3601.18;6002.23;4801.22;2400.00;2
MG;CAPETINGA;20699.29;13963.23;10853.39;8624.72;7847.90;6845.97;2
MG;CAPIM BRANCO;29744.03;25164.61;18306.56;18251.26;18251.26;10341.80;2
MG;CAPINOPOLIS;50000.00;45000.00;40000.00;45000.00;30000.00;25000.00;2
MG;CAPITAO ENEAS;15446.00;13214.00;8293.00;9233.00;9233.00;9715.00;2
MG;CAPITOLIO;28303.78;16200.76;11321.64;11321.64;9057.31;4528.44;2
MG;CAPUTIRA;27000.00;22410.00;13450.00;17930.00;13450.00;8964.00;2
MG;CARAI;4564.05;2852.53;2339.07;3423.04;2053.81;1255.11;2
MG;CARANAIBA;21420.00;19380.00;17340.00;17340.00;15300.00;12240.00;2
MG;CARANDAI;29602.99;26642.69;23682.39;20722.09;17761.79;14801.49;2
MG;CARANGOLA;18500.00;11083.33;8516.66;11700.00;6166.66;5000.00;2
MG;CARATINGA;32488.15;28604.92;24916.60;22214.84;20547.91;18953.29;2
MG;CARBONITA;2788.04;2428.43;1699.55;2428.43;3530.58;1695.88;2
MG;CAREACU;21960.00;19260.00;12592.00;17640.00;12045.00;7535.00;2
MG;CARLOS CHAGAS;5676.16;4176.48;3449.60;3524.64;3002.72;2872.48;2
MG;CARMESIA;12600.00;10500.00;8900.00;11000.00;8400.00;7350.00;2
MG;CARMO DA CACHOEIRA;27000.00;21000.00;16000.00;16000.00;13000.00;10000.00;2
MG;CARMO DA MATA;17850.00;13125.00;9450.00;12600.00;8925.00;6000.00;2
MG;CARMO DE MINAS;20100.00;13950.00;8650.00;7550.00;4550.00;1950.00;2
MG;CARMO DO CAJURU;15000.00;10000.00;8000.00;10000.00;9000.00;7000.00;2
MG;CARMO DO PARANAIBA;31348.68;21243.97;16321.69;13472.14;6605.39;3334.76;2
MG;CARMO DO RIO CLARO;26035.90;24708.40;22583.21;18596.00;15937.88;10623.82;1
MG;CARMOPOLIS DE MINAS;20000.00;18000.00;12000.00;20000.00;13000.00;10000.00;2
MG;CARNEIRINHO;23609.00;18869.40;14694.50;15715.35;15192.20;12460.00;1
MG;CARRANCAS;25000.00;20000.00;15000.00;25000.00;20000.00;6500.00;2
MG;CARVALHOPOLIS;50305.00;37740.00;32700.00;34500.00;22600.00;12600.00;2
MG;CARVALHOS;10000.00;8750.00;7500.00;7500.00;5000.00;3750.00;2
MG;CASA GRANDE;21000.00;18836.21;14127.15;16010.78;11301.72;11301.72;2
MG;CASCALHO RICO;40000.00;28000.00;22500.00;21500.00;15400.00;13200.00;2
MG;CASSIA;31241.00;23805.00;18447.00;24400.00;11135.00;5659.00;2
MG;CONCEICAO DA BARRA DE MINAS;15500.00;12000.00;10000.00;15500.00;12000.00;10000.00;2
MG;CATAGUASES;31927.61;28734.85;25542.08;22349.33;19156.57;15963.81;1
MG;CATAS ALTAS;32805.00;27948.00;21873.00;21873.00;20657.00;32805.00;2
MG;CATAS ALTAS DA NORUEGA;10000.00;10000.00;8000.00;12500.00;12000.00;4500.00;2
MG;CATUJI;5586.68;3984.58;3877.91;2907.69;2907.62;2657.24;2
MG;CATUTI;4950.00;3960.00;2840.00;3465.00;1900.00;1900.00;2
MG;CEDRO DO ABAETE;6142.97;5238.04;4610.53;3071.49;2470.40;1602.83;2
MG;CENTRAL DE MINAS;10000.00;6900.00;4600.00;6400.00;5200.00;2700.00;2
MG;CHACARA;13189.90;10617.86;8419.34;12453.45;8606.41;8243.68;2
MG;CHALE;20000.00;15000.00;10000.00;11500.00;10200.00;7000.00;2
MG;CHAPADA DO NORTE;5000.00;3550.00;2000.00;4500.00;6000.00;2000.00;2
MG;CHAPADA GAUCHA;5278.68;3281.06;2282.25;2567.92;1640.00;1640.00;2
MG;CHIADOR;16874.00;12468.00;9206.00;12468.00;8832.00;7273.00;2
MG;CLARAVAL;19500.00;14000.00;11000.00;12500.00;12000.00;6000.00;2
MG;CLARO DOS POCOES;11550.00;7700.00;3850.00;3300.00;2640.00;1980.00;2
MG;CLAUDIO;15600.00;12500.00;9050.00;14250.00;10910.00;6250.00;1
MG;COIMBRA;30000.00;27000.00;25000.00;25000.00;23000.00;10000.00;2
MG;COLUNA;6000.00;4500.00;4000.00;3500.00;3000.00;1700.00;2
MG;COMENDADOR GOMES;18489.08;17318.33;16346.38;15749.96;12966.66;6494.37;1
MG;COMERCINHO;3950.42;2470.20;1515.15;3105.00;1935.10;1510.25;2
MG;CONCEICAO DA APARECIDA;23959.99;20026.22;16083.61;15651.51;12983.34;8573.62;2
MG;CONCEICAO DAS PEDRAS;15661.96;12596.69;9647.07;10781.52;9078.96;5447.58;2
MG;CONCEICAO DAS ALAGOAS;54469.56;48880.98;45629.15;44229.28;37180.92;27038.69;1
MG;CONCEICAO DE IPANEMA;12000.00;10500.00;5500.00;10500.00;6000.00;4000.00;2
MG;CONCEICAO DO MATO DENTRO;13500.00;10800.00;7200.00;7200.00;7200.00;8000.00;2
MG;CONCEICAO DO PARA;23000.00;20000.00;17000.00;15000.00;12000.00;10000.00;2
MG;CONCEICAO DO RIO VERDE;28000.00;23000.00;21000.00;21000.00;18000.00;16000.00;2
MG;CONCEICAO DOS OUROS;14854.00;12971.00;10147.00;11402.00;10094.00;6067.00;2
MG;CONEGO MARINHO;5000.00;3500.00;2000.00;4500.00;2000.00;2000.00;2
MG;CONGONHAL;38500.00;33000.00;23000.00;31350.00;16390.00;12760.00;2
MG;CONGONHAS;50000.00;36000.00;26000.00;36000.00;28000.00;26000.00;2
MG;CONGONHAS DO NORTE;13550.00;10950.00;6780.00;9900.00;6780.00;8350.00;2
MG;CONQUISTA;34300.00;29830.00;24740.00;19230.00;16840.00;10240.00;1
MG;CONSELHEIRO LAFAIETE;21000.00;15800.00;12500.00;19500.00;14000.00;9000.00;2
MG;CONSELHEIRO PENA;5830.00;5280.00;4730.00;4730.00;3630.00;3080.00;2
MG;CONSOLACAO;17552.08;13501.23;12286.46;13164.07;10531.25;8776.05;2
MG;COQUEIRAL;27800.00;23650.00;21000.00;18500.00;14500.00;6000.00;2
MG;CORACAO DE JESUS;5500.00;3000.00;2000.00;5000.00;1500.00;2000.00;2
MG;CORDISBURGO;9800.00;4600.00;1300.00;2200.00;1200.00;1000.00;2
MG;CORDISLANDIA;34051.58;27460.95;21968.76;30756.26;24714.86;17025.79;2
MG;CORINTO;8250.00;6050.00;3960.00;3850.00;2420.00;1500.00;2
MG;COROMANDEL;45000.00;35000.00;25000.00;20000.00;12000.00;5000.00;2
MG;CORONEL FABRICIANO;35600.00;34300.00;28600.00;33000.00;30500.00;30500.00;2
MG;CORONEL MURTA;3000.00;1800.00;960.00;1800.00;1080.00;960.00;2
MG;CORONEL PACHECO;5100.00;4660.74;4237.00;5100.00;4237.00;3765.30;2
MG;CORONEL XAVIER CHAVES;19700.00;16000.00;13800.00;13700.00;12500.00;10650.00;2
MG;CORREGO DANTA;14850.00;12100.00;9900.00;8250.00;6050.00;4620.00;2
MG;CORREGO DO BOM JESUS;50750.00;48212.50;38062.50;43137.50;40600.00;35525.00;2
MG;CORREGO FUNDO;19000.00;15700.00;13600.00;14700.00;12000.00;10500.00;2
MG;CORREGO NOVO;25000.00;22000.00;18000.00;15000.00;14500.00;7500.00;2
MG;COUTO DE MAGALHAES DE MINAS;6500.00;3700.00;3450.00;3500.00;3200.00;3000.00;2
MG;CRISOLITA;10000.00;7704.00;5452.00;10000.00;7014.00;3393.00;2
MG;CRISTAIS;30500.00;24400.00;22000.00;18300.00;12800.00;9450.00;2
MG;CRISTALIA;4500.00;3500.00;2500.00;4000.00;2500.00;2200.00;2
MG;CRISTIANO OTONI;24662.40;24662.40;18625.00;24662.40;18625.00;16117.62;2
MG;CRISTINA;23951.22;19112.58;15967.48;19112.58;9556.29;4717.66;2
MG;CRUCILANDIA;27000.00;23000.00;15500.00;18000.00;13500.00;9000.00;2
MG;CRUZEIRO DA FORTALEZA;40000.00;30000.00;25000.00;20000.00;12000.00;6000.00;1
MG;CRUZILIA;16000.00;14500.00;13000.00;11500.00;10000.00;85000.00;2
MG;CURRAL DE DENTRO;5195.00;3117.00;2078.00;3636.50;2597.50;1870.20;2
MG;CURVELO;4400.00;3720.00;3100.00;3100.00;3100.00;1040.00;2
MG;DATAS;20000.00;14000.00;7000.00;12000.00;6000.00;6000.00;2
MG;DELFIM MOREIRA;35000.00;30000.00;21000.00;23200.00;19500.00;14000.00;2
MG;DELFINOPOLIS;35640.00;26183.00;;25981.00;15120.00;8369.00;2
MG;DELTA;31976.21;27689.31;25372.74;21749.61;15486.91;7689.79;2
MG;DESCOBERTO;16874.00;12468.00;9206.00;12468.00;8832.00;7273.00;2
MG;DESTERRO DE ENTRE RIOS;6000.00;4000.00;3500.00;6000.00;4000.00;3000.00;2
MG;DESTERRO DO MELO;3394.00;2828.30;2828.30;2828.30;2828.30;2828.30;2
MG;DIAMANTINA;8000.00;5200.00;3850.00;5720.00;5720.00;3000.00;2
MG;DIOGO DE VASCONCELOS;18019.08;16217.17;14415.26;12613.35;10811.45;9009.54;2
MG;DIONISIO;12567.00;11310.00;10053.00;13205.00;10426.00;10053.00;2
MG;DIVINESIA;17500.00;12500.00;10250.00;12500.00;10250.00;7590.00;2
MG;DIVINO;29000.00;22500.00;16330.00;16215.00;12220.00;7745.00;2
MG;DIVINO DAS LARANJEIRAS;15750.00;12600.00;10500.00;15750.00;12600.00;10500.00;2
MG;DIVINOLANDIA DE MINAS;20000.00;18000.00;16000.00;14000.00;12000.00;12000.00;2
MG;DIVINOPOLIS;20000.00;15000.00;10000.00;15000.00;10000.00;8000.00;2
MG;DIVISA ALEGRE;4000.00;2700.00;2300.00;2300.00;2200.00;1500.00;2
MG;DIVISA NOVA;63347.16;50468.00;41459.99;43763.41;41270.90;27831.68;2
MG;DIVISOPOLIS;4200.00;2700.00;2000.00;3800.00;3000.00;2000.00;2
MG;DOM BOSCO;7800.00;6500.00;5250.00;3450.00;2875.00;1725.00;1
MG;DOM CAVATI;7950.00;6050.00;4500.00;6280.00;6050.00;3200.00;2
MG;DOM JOAQUIM;13600.00;11100.00;9400.00;10700.00;8100.00;6700.00;2
MG;DOM SILVERIO;12000.00;10000.00;8000.00;9000.00;6000.00;6000.00;2
MG;DOM VICOSO;26600.00;21400.00;16200.00;16200.00;13500.00;13500.00;2
MG;DORES DE CAMPOS;12837.40;9693.33;7089.49;8663.33;5647.49;3555.33;2
MG;DORES DE GUANHAES;9800.00;7650.00;6580.00;7100.00;5480.00;4390.00;2
MG;DORES DO INDAIA;21850.00;17480.00;15295.00;13110.00;8170.00;5700.00;2
MG;DORES DO TURVO;16500.00;9000.00;6600.00;9000.00;6500.00;6000.00;2
MG;DORESOPOLIS;26250.00;21000.00;12600.00;21000.00;12600.00;3700.00;2
MG;DOURADOQUARA;20000.00;16200.00;15000.00;12000.00;8000.00;5000.00;2
MG;DURANDE;24313.00;19430.00;14546.00;19429.00;17040.00;12156.00;2
MG;ELOI MENDES;70000.00;63000.00;45500.00;42000.00;35000.00;20000.00;2
MG;ENGENHEIRO NAVARRO;10000.00;6000.00;4170.00;5860.00;3650.00;3000.00;2
MG;ENTRE RIOS DE MINAS;20500.00;16300.00;13600.00;16300.00;12200.00;9500.00;2
MG;ERVALIA;25582.00;18308.00;13314.00;18308.00;12482.00;11590.00;2
MG;ESMERALDAS;45045.84;37536.70;30032.06;27027.51;22522.92;18018.34;1
MG;ESPERA FELIZ;32000.00;27000.00;19000.00;16000.00;13000.00;9000.00;2
MG;ESPINOSA;3700.00;2800.00;1650.00;3600.00;1900.00;1700.00;2
MG;ESPIRITO SANTO DO DOURADO;35026.26;31546.13;28041.01;24535.88;21030.76;17525.63;2
MG;ESTIVA;39618.00;32320.00;15639.00;30235.00;20330.00;16160.00;2
MG;ESTRELA DALVA;8673.79;6939.03;5204.27;8673.79;5204.27;5204.27;2
MG;ESTRELA DO SUL;73000.00;62000.00;52000.00;52000.00;41000.00;21000.00;1
MG;EUGENOPOLIS;20500.00;13500.00;8000.00;13250.00;6500.00;6000.00;2
MG;EWBANK DA CAMARA;11000.00;8000.00;5000.00;6000.00;5000.00;3500.00;2
MG;EXTREMA;55463.45;50785.43;46168.58;51635.90;40635.90;35233.90;2
MG;FAMA;71823.15;52932.05;40981.05;44215.32;36329.64;32288.38;2
MG;FARIA LEMOS;12000.00;8000.00;6000.00;10000.00;8000.00;5000.00;2
MG;FELICIO DOS SANTOS;10028.04;5341.02;3924.01;7354.61;3394.43;2398.01;2
MG;SAO GONCALO DO RIO PRETO;8500.00;3500.00;1600.00;5000.00;4000.00;2200.00;2
MG;FELISBURGO;3154.15;2340.50;1526.85;1940.15;1325.32;1033.90;2
MG;FELIXLANDIA;25500.00;18500.00;17500.00;16200.00;10500.00;10500.00;2
MG;FERNANDES TOURINHO;8000.00;7500.00;6500.00;7500.00;6500.00;5000.00;2
MG;FERROS;8000.00;7000.00;6000.00;8000.00;6000.00;5000.00;2
MG;FERVEDOURO;27000.00;20500.00;17000.00;17000.00;13000.00;9000.00;2
MG;FLORESTAL;31750.00;27750.00;25000.00;23000.00;21850.00;20750.00;2
MG;FORMIGA;34705.57;15931.31;9425.98;12567.97;7855.00;6254.46;2
MG;FORMOSO;9337.00;4679.00;3718.00;4700.00;2950.00;1305.00;2
MG;FORTALEZA DE MINAS;36000.00;31200.00;26400.00;26400.00;21600.00;7800.00;2
MG;FORTUNA DE MINAS;18300.00;14600.00;12200.00;14600.00;12200.00;9700.00;2
MG;FRANCISCO BADARO;60000.00;3500.00;2500.00;2500.00;2000.00;1500.00;2
MG;FRANCISCO DUMONT;7417.39;5933.92;4450.43;7417.39;4274.28;3709.63;2
MG;FRANCISCO SA;9000.00;6000.00;4000.00;7560.00;4820.00;3560.00;2
MG;FRANCISCOPOLIS;18000.00;14250.00;9000.00;12600.00;10800.00;6000.00;2
MG;FREI GASPAR;3092.00;2663.00;2224.00;2031.00;1912.00;934.00;2
MG;FREI INOCENCIO;4300.00;3800.00;2650.00;3800.00;2600.00;1700.00;2
MG;FREI LAGONEGRO;10000.00;5500.00;3600.00;8100.00;5000.00;1600.00;2
MG;FRONTEIRA;42500.00;38250.00;34000.00;27175.00;23914.00;18479.00;2
MG;FRONTEIRA DOS VALES;13000.00;10000.00;6200.00;9000.00;5000.00;4650.00;2
MG;FRUTA DE LEITE;3800.00;3400.00;3000.00;3000.00;3800.00;2000.00;2
MG;FRUTAL;22431.00;20369.00;18429.00;18429.00;15914.00;8123.00;2
MG;FUNILANDIA;29450.00;17700.00;8850.00;14710.00;14710.00;7500.00;2
MG;GAMELEIRAS;3750.00;2650.00;2100.00;1850.00;1500.00;1000.00;2
MG;GLAUCILANDIA;10061.00;8049.00;5500.00;5400.00;4800.00;3521.00;2
MG;GOIANA;18490.00;14558.00;11963.83;15445.00;10095.00;10163.00;2
MG;GONCALVES;92000.00;80400.00;70000.00;62000.00;58900.00;46750.00;2
MG;GONZAGA;7647.32;7042.56;6473.01;5850.35;5311.90;4624.62;2
MG;GOUVEIA;8180.00;7252.00;5113.00;6273.00;5185.00;3124.00;2
MG;GOVERNADOR VALADARES;6599.08;5939.04;5909.22;5879.40;3958.92;3298.88;1
MG;GRAO MOGOL;5500.00;4500.00;3000.00;5000.00;4000.00;2500.00;2
MG;GRUPIARA;21900.00;16969.00;12973.00;9853.00;7882.00;5254.00;2
MG;GUANHAES;8312.00;7169.10;5974.25;5371.63;4779.40;3584.55;2
MG;GUARACIABA;12000.00;10800.00;9000.00;8500.00;7800.00;4000.00;2
MG;GUARACIAMA;8100.00;6050.00;4950.00;6160.00;3245.00;3080.00;2
MG;GUARANESIA;50195.00;43026.00;30050.00;30050.00;27318.00;21855.00;2
MG;GUARANI;15000.00;10000.00;7000.00;20000.00;7000.00;3000.00;2
MG;GUARARA;16874.00;12468.00;9206.00;12468.00;8832.00;7273.00;2
MG;GUARDA-MOR;18000.00;14000.00;8000.00;8000.00;5000.00;4000.00;1
MG;GUAXUPE;63084.66;43301.90;31086.18;21537.46;19046.63;14095.66;1
MG;GUIDOVAL;34650.00;24255.00;17325.00;29452.00;20790.00;13860.00;2
MG;GUIMARANIA;43000.00;35000.00;25000.00;20000.00;12000.00;5000.00;2
MG;GUIRICEMA;22000.00;18000.00;13000.00;12000.00;10000.00;8000.00;2
MG;GURINHATA;11908.61;11280.51;11180.02;10381.84;9083.95;8667.66;1
MG;HELIODORA;24793.39;17355.37;12396.69;9971.36;8264.46;6500.00;2
MG;IAPU;18500.00;18000.00;15200.00;16700.00;15200.00;12000.00;2
MG;IBERTIOGA;10000.00;8000.00;6000.00;8000.00;6000.00;3000.00;2
MG;IBIA;36279.34;27168.36;21767.69;14512.08;8706.75;6156.23;2
MG;IBIAI;6640.00;5220.00;3840.00;5340.00;3180.00;2160.00;2
MG;IBIRACATU;3000.00;2500.00;1800.00;4000.00;1800.00;1500.00;2
MG;IBIRITE;180881.75;166620.18;149072.63;149072.29;140671.99;130597.08;2
MG;IBITIURA DE MINAS;35116.80;30367.52;21112.00;18982.70;16540.83;11884.00;2
MG;IBITURUNA;25000.00;20000.00;15000.00;14000.00;12000.00;10000.00;2
MG;ICARAI DE MINAS;2425.50;1984.50;1212.75;1378.13;937.13;937.13;2
MG;IGARAPE;265000.00;182000.00;100000.00;200000.00;150000.00;60000.00;2
MG;IGARATINGA;15500.00;11000.00;9000.00;11000.00;11000.00;7000.00;2
MG;IJACI;16500.00;11550.00;8250.00;7260.00;6600.00;4950.00;2
MG;ILICINEA;54387.32;42794.23;32918.64;26334.91;19751.18;13167.46;1
MG;IMBE DE MINAS;32676.00;24000.00;16332.00;20100.00;16332.00;8160.00;2
MG;INCONFIDENTES;43789.00;38316.00;26274.00;38316.00;24084.00;21985.00;2
MG;INDAIABIRA;6000.00;4000.00;3200.00;4200.00;3000.00;3500.00;2
MG;INDIANOPOLIS;40800.00;34000.00;32000.00;32000.00;25500.00;18000.00;2
MG;INGAI;16500.00;11550.00;8250.00;7260.00;6600.00;4950.00;2
MG;INHAPIM;23760.00;20661.00;16528.00;14462.00;13429.00;11363.00;2
MG;INIMUTABA;5565.00;4987.00;3333.75;4987.50;3885.00;1155.00;2
MG;IPANEMA;13695.10;10291.06;6288.98;10291.06;6288.98;4363.07;2
MG;IPIACU;18354.00;16422.00;11592.00;14490.00;11592.00;10626.00;2
MG;IPUIUNA;35000.00;29800.00;22000.00;20500.00;18000.00;13500.00;2
MG;IRAI DE MINAS;21143.70;14924.57;8706.00;8706.00;6218.57;2487.42;2
MG;ITABIRA;15000.00;12750.00;11025.00;8317.05;5775.00;2362.50;2
MG;ITABIRINHA;13853.00;12463.00;11381.00;11381.00;8755.00;7622.00;2
MG;ITABIRITO;30341.67;27307.51;24273.34;21239.17;18205.00;14170.84;1
MG;ITACAMBIRA;3000.00;3000.00;1500.00;3500.00;5000.00;3500.00;2
MG;ITACARAMBI;5327.00;3196.00;1385.00;3728.90;1385.00;1385.00;2
MG;ITAGUARA;19500.00;15640.00;14076.00;15640.00;9384.00;5000.00;2
MG;ITAIPE;9400.00;8200.00;7400.00;7400.00;5300.00;3800.00;2
MG;ITAJUBA;29869.60;24831.60;18148.00;21529.40;17445.80;12066.40;2
MG;ITAMARANDIBA;6790.29;5431.73;2804.38;5431.73;6790.29;2804.38;1
MG;ITAMARATI DE MINAS;15000.00;11500.00;8500.00;15000.00;8500.00;5800.00;1
MG;ITAMBACURI;4990.49;3669.07;2338.39;1918.21;1064.24;1064.24;2
MG;ITAMBE DO MATO DENTRO;22000.00;20000.00;17000.00;15000.00;12000.00;6000.00;2
MG;ITAMOGI;40440.74;33546.40;25115.03;27311.25;20605.21;14855.92;1
MG;ITAMONTE;15000.00;10000.00;6000.00;6000.00;4300.00;3200.00;2
MG;ITANHANDU;13000.00;11000.00;9000.00;7800.00;6100.00;4500.00;2
MG;ITANHOMI;15000.00;10000.00;5000.00;10000.00;8800.00;5000.00;2
MG;ITAOBIM;7090.00;5450.00;3427.00;2861.00;1456.00;1456.00;2
MG;ITAPAGIPE;21427.47;20356.09;16070.60;14643.20;11714.56;7321.60;1
MG;ITAPECERICA;16000.00;12100.00;10450.00;8800.00;7700.00;6600.00;2
MG;ITATIAIUCU;64000.00;46755.00;29092.00;41000.00;29092.00;20780.00;2
MG;ITAU DE MINAS;24068.96;19255.17;16848.28;14441.38;12034.48;9627.59;2
MG;ITAUNA;45000.00;38000.00;27000.00;25000.00;20000.00;18000.00;2
MG;ITAVERAVA;15080.00;14500.00;13456.00;13456.00;11600.00;4524.00;2
MG;ITINGA;3750.00;2500.00;2000.00;3750.00;1500.00;1400.00;2
MG;ITUETA;10000.00;9000.00;8000.00;8000.00;7000.00;6000.00;2
MG;ITUIUTABA;25242.05;18371.92;14989.28;18855.39;14504.15;13469.35;1
MG;ITUMIRIM;19166.40;15972.00;12777.66;10381.80;9349.41;7679.87;2
MG;ITURAMA;23163.00;20743.00;20743.00;20743.00;20743.00;6683.00;2
MG;ITUTINGA;19000.00;15200.00;12900.00;14600.00;11500.00;7700.00;2
MG;JABOTICATUBAS;20000.00;15000.00;12500.00;12500.00;9000.00;7000.00;2
MG;JACINTO;6198.00;4338.00;3900.00;5200.00;4000.00;3000.00;2
MG;JACUI;31200.00;27000.00;24000.00;26000.00;20000.00;15000.00;2
MG;JACUTINGA;17850.00;12600.00;10500.00;9500.00;8400.00;7350.00;2
MG;JAIBA;7300.00;4300.00;3400.00;3000.00;1800.00;1300.00;2
MG;JAMPRUCA;5100.00;4300.00;3400.00;4900.00;3400.00;2700.00;2
MG;JANAUBA;7600.00;5450.00;3860.00;3800.00;3124.00;3000.00;2
MG;JANUARIA;6500.00;4000.00;2500.00;5000.00;2500.00;2500.00;2
MG;JAPARAIBA;18253.75;15646.50;10431.00;10431.00;7823.25;3911.63;2
MG;JAPONVAR;6000.00;4500.00;3500.00;2000.00;1000.00;800.00;2
MG;JECEABA;18485.18;12798.00;10665.00;14931.00;10131.75;10665.00;2
MG;JENIPAPO DE MINAS;5000.00;4000.00;2800.00;3500.00;3500.00;3000.00;2
MG;JEQUERI;21877.74;16136.18;13948.40;16747.98;12304.88;10938.87;2
MG;JEQUITAI;10000.00;6000.00;4500.00;5000.00;2000.00;2000.00;2
MG;JEQUITIBA;20000.00;13700.00;11200.00;15000.00;8500.00;5000.00;2
MG;JEQUITINHONHA;7722.11;4633.25;2837.76;5980.00;2691.00;2365.09;2
MG;JESUANIA;45000.00;35000.00;22000.00;30000.00;22000.00;12000.00;2
MG;JOAIMA;10000.00;6560.00;2350.00;5600.00;3500.00;1356.00;2
MG;JOANESIA;5319.60;4427.28;3660.80;3306.16;2482.48;1853.28;2
MG;JOAO MONLEVADE;25000.00;18000.00;10000.00;25000.00;15000.00;8000.00;2
MG;JOAO PINHEIRO;11796.00;10880.00;7574.00;6007.60;5400.00;2733.00;2
MG;JOAQUIM FELICIO;6500.00;5500.00;4500.00;5500.00;4500.00;4000.00;2
MG;JORDANIA;5400.00;3700.00;3200.00;5400.00;2100.00;1000.00;2
MG;JOSE GONCALVES DE MINAS;6600.00;5500.00;4100.00;5600.00;6400.00;2700.00;2
MG;JOSE RAYDAN;7228.00;4439.00;2200.00;3300.00;2993.00;2530.00;2
MG;JOSENOPOLIS;4500.00;3200.00;2500.00;4500.00;4000.00;2000.00;2
MG;NOVA UNIAO;36870.97;24580.65;18435.50;24580.65;12290.32;9832.26;2
MG;JUATUBA;120000.00;100000.00;90000.00;100000.00;85000.00;80000.00;2
MG;JUIZ DE FORA;13110.00;12040.00;11050.00;13110.00;11050.00;9830.00;1
MG;JURAMENTO;10000.00;6500.00;3000.00;7500.00;3000.00;2000.00;2
MG;JURUAIA;25349.33;20822.66;16397.78;14363.33;9138.89;7891.29;2
MG;JUVENILIA;2400.00;1600.00;900.00;3200.00;1100.00;1000.00;2
MG;LADAINHA;5500.00;4700.00;4000.00;3900.00;3600.00;3600.00;2
MG;LAGAMAR;30000.00;20000.00;15000.00;10000.00;5000.00;3000.00;2
MG;LAGOA DA PRATA;15890.03;10646.32;6514.91;7627.22;6038.21;3178.01;2
MG;LAGOA DOS PATOS;7800.00;4600.00;3100.00;2600.00;1550.00;1100.00;2
MG;LAGOA DOURADA;22770.00;18975.00;15180.00;18975.00;12100.00;7700.00;2
MG;LAGOA FORMOSA;29730.00;14865.00;9910.00;14865.00;9910.00;4955.00;2
MG;LAGOA GRANDE;17742.39;12391.51;9913.22;9012.01;6083.11;3041.56;1
MG;LAGOA SANTA;180000.00;150000.00;100000.00;130000.00;100000.00;90000.00;2
MG;LAJINHA;30500.00;20500.00;14200.00;26200.00;1800.00;10200.00;2
MG;LAMBARI;52600.00;47400.00;31600.00;47300.00;42100.00;31600.00;2
MG;LAMIM;22000.00;18000.00;16000.00;15000.00;12000.00;10000.00;2
MG;LARANJAL;15200.00;11800.00;10000.00;12300.00;8060.00;7000.00;2
MG;LASSANCE;15750.00;8800.00;5500.00;5500.00;4400.00;3080.00;1
MG;LAVRAS;15963.20;9460.00;8041.00;7095.00;6503.20;4730.00;2
MG;LEANDRO FERREIRA;15000.00;10000.00;8000.00;10000.00;5000.00;2500.00;2
MG;LEME DO PRADO;9000.00;6000.00;4000.00;6000.00;11000.00;3500.00;2
MG;LEOPOLDINA;16500.00;12528.79;10841.18;12269.63;10027.58;9065.22;2
MG;LIBERDADE;10000.00;8000.00;8000.00;6000.00;8000.00;4000.00;1
MG;LIMA DUARTE;20922.11;16842.30;12030.21;11583.84;7722.56;3861.28;1
MG;LIMEIRA DO OESTE;24615.59;19673.24;15301.40;16394.36;15847.88;8428.89;2
MG;LONTRA;9500.00;8000.00;5000.00;4500.00;3000.00;2500.00;2
MG;LUISBURGO;28566.30;25639.95;21894.60;20122.20;16417.80;13417.95;2
MG;LUISLANDIA;1705.00;1320.00;1100.00;880.00;700.00;600.00;2
MG;LUMINARIAS;16500.00;11550.00;8250.00;7260.00;6600.00;4950.00;2
MG;LUZ;14959.70;11846.95;9486.75;9584.30;6012.45;3873.30;2
MG;MACHACALIS;13732.58;11847.43;10501.39;8347.25;7270.19;6193.12;2
MG;MACHADO;48000.00;35000.00;29000.00;25000.00;20500.00;12600.00;2
MG;MADRE DE DEUS DE MINAS;10000.00;8000.00;5300.00;7700.00;5100.00;2650.00;2
MG;MALACACHETA;4900.00;3800.00;2500.00;4900.00;3500.00;2800.00;2
MG;MANGA;5500.00;2800.00;1600.00;3000.00;900.00;900.00;2
MG;MANHUACU;31360.00;25088.00;20697.60;18972.80;15523.20;15523.20;2
MG;MANHUMIRIM;43768.54;32780.42;22548.76;33897.93;24585.30;17135.21;2
MG;MANTENA;12162.00;7228.00;5060.00;10176.00;5087.00;4070.00;2
MG;MARAVILHAS;10000.00;8004.05;6772.65;8004.05;4920.32;3192.22;2
MG;MAR DE ESPANHA;16874.00;12468.00;9206.00;12468.00;8832.00;7273.00;2
MG;MARIANA;25609.50;24329.03;19207.13;17561.25;10536.75;8780.63;1
MG;MARILAC;9000.00;7000.00;5000.00;9000.00;5000.00;5000.00;2
MG;MARIO CAMPOS;115000.00;102000.00;91000.00;81000.00;72000.00;64000.00;2
MG;MARIPA DE MINAS;16874.00;12468.00;9206.00;12468.00;8832.00;7273.00;2
MG;MARLIERIA;13362.75;9353.93;6681.38;13362.75;9353.93;6681.38;2
MG;MARMELOPOLIS;19000.00;16000.00;12000.00;14000.00;11000.00;10000.00;2
MG;MARTINHO CAMPOS;14000.00;13000.00;13000.00;13000.00;10000.00;8000.00;2
MG;MARTINS SOARES;36365.00;25975.00;20780.00;25975.00;25000.00;10390.00;2
MG;MATA VERDE;7100.00;6324.00;5258.00;6100.00;4665.00;3843.00;2
MG;MATERLANDIA;10578.58;8462.86;6347.15;10578.58;5723.41;5289.29;2
MG;MATEUS LEME;60000.00;50000.00;40000.00;28000.00;21000.00;18000.00;2
MG;MATIAS BARBOSA;6500.00;5122.00;4849.00;5122.00;4225.00;3445.00;2
MG;MATIAS CARDOSO;6000.00;4000.00;3000.00;2500.00;1500.00;1300.00;2
MG;MATIPO;38500.00;29260.00;20350.00;16500.00;15730.00;8800.00;2
MG;MATO VERDE;5030.00;3725.00;2830.00;3960.00;1955.00;1180.00;2
MG;MATOZINHOS;13620.71;11144.22;8667.72;8667.72;7429.47;3714.73;2
MG;MATUTINA;25280.00;14000.00;11141.00;8423.00;4200.00;2136.75;2
MG;MEDEIROS;31233.50;20081.25;14875.00;14875.00;9668.75;5950.00;2
MG;MEDINA;4400.00;3961.00;3521.00;3081.00;2640.00;2200.00;2
MG;MENDES PIMENTEL;8264.46;6198.35;6198.35;4648.76;4648.76;3636.36;2
MG;MERCES;12000.00;10000.00;9000.00;12000.00;7000.00;4000.00;2
MG;MESQUITA;7000.00;5600.00;4900.00;7000.00;5600.00;5600.00;2
MG;MINAS NOVAS;6384.22;4537.58;1923.65;7038.35;20582.14;726.26;1
MG;MINDURI;9810.30;5948.00;5426.97;5948.00;5426.97;4905.15;2
MG;MIRABELA;4200.00;3000.00;2500.00;1800.00;1200.00;970.00;2
MG;MIRADOURO;16500.00;12000.00;8000.00;10500.00;6500.00;5500.00;2
MG;MIRAVANIA;4620.00;2310.00;1155.00;1155.00;840.00;525.00;2
MG;MOEDA;35146.20;31631.58;28116.96;26152.62;24518.08;35146.20;2
MG;MOEMA;32000.00;26000.00;20000.00;26000.00;20000.00;10000.00;2
MG;MONJOLOS;7140.04;6426.04;5712.03;4998.03;4284.02;3570.02;2
MG;MONSENHOR PAULO;36900.00;26400.00;18000.00;30750.00;23300.00;15000.00;2
MG;MONTE ALEGRE DE MINAS;41343.97;35469.22;31901.29;31017.26;27572.59;17554.69;1
MG;MONTE AZUL;5349.65;4087.60;2728.92;3675.00;1930.00;1324.00;1
MG;MONTE BELO;35000.00;32000.00;25000.00;25000.00;15000.00;10000.00;2
MG;MONTE CARMELO;36028.87;25292.26;16439.96;14627.72;9979.99;4575.67;1
MG;MONTE FORMOSO;5000.00;4375.00;3275.00;5000.00;3125.00;2875.00;2
MG;MONTE SANTO DE MINAS;20500.00;14500.00;9900.00;14500.00;9900.00;3900.00;2
MG;MONTES CLAROS;6200.00;4700.00;2700.00;4300.00;2100.00;1350.00;2
MG;MONTE SIAO;15750.00;10500.00;6300.00;6300.00;6300.00;4200.00;2
MG;MONTEZUMA;12000.00;6000.00;3000.00;7000.00;2500.00;500.00;2
MG;MORADA NOVA DE MINAS;22000.00;13500.00;10000.00;12500.00;12500.00;5000.00;1
MG;MORRO DA GARCA;9921.01;7272.66;5200.63;5475.08;4532.27;2584.55;2
MG;MORRO DO PILAR;15693.00;12554.40;9415.80;10462.00;8369.60;8369.60;2
MG;MUNHOZ;31500.00;29400.00;27300.00;28350.00;21000.00;21000.00;2
MG;MURIAE;38703.70;32253.09;25802.47;32253.09;25802.47;21502.06;1
MG;MUTUM;7499.45;6213.32;4438.09;6213.32;5059.41;4438.09;2
MG;MUZAMBINHO;60000.00;38000.00;27500.00;27500.00;19000.00;19000.00;2
MG;NANUQUE;6299.00;5768.00;5313.00;4554.00;4098.00;3036.00;1
MG;NAQUE;27893.25;21884.10;17011.05;27893.25;16868.25;14585.55;2
MG;NATALANDIA;12434.05;8640.00;6600.00;5040.00;4200.00;3120.00;1
MG;NATERCIA;18500.00;14500.00;12500.00;16500.00;15000.00;6000.00;2
MG;NAZARENO;19500.00;14950.00;12350.00;19500.00;14950.00;10000.00;2
MG;NEPOMUCENO;20504.17;18112.50;16146.00;13713.75;12181.95;7938.45;2
MG;NINHEIRA;7000.00;4000.00;2000.00;2500.00;2500.00;1800.00;2
MG;NOVA ERA;12000.00;8000.00;5300.00;7860.00;4500.00;4500.00;2
MG;NOVA LIMA;287380.00;229904.00;114952.00;201166.00;172428.00;143690.00;2
MG;NOVA MODICA;8260.00;8118.00;5991.74;5230.00;4526.20;3760.30;2
MG;NOVA PONTE;43316.09;40717.12;38274.10;32532.99;26026.39;9701.10;1
MG;NOVA PORTEIRINHA;22000.00;12000.00;4200.00;4200.00;3000.00;2000.00;2
MG;NOVA RESENDE;39306.97;32432.00;22733.52;27099.41;21987.68;11033.40;2
MG;NOVA SERRANA;20000.00;15000.00;10000.00;15000.00;8000.00;5000.00;2
MG;NOVO CRUZEIRO;9000.00;8000.00;7125.00;7125.00;5225.00;3200.00;2
MG;NOVO ORIENTE DE MINAS;12127.07;10914.36;6063.53;12127.07;8488.95;6063.53;2
MG;NOVORIZONTE;3155.00;2251.00;1535.00;2148.00;2111.00;1085.00;2
MG;OLARIA;4900.00;4300.00;3700.00;4400.00;2550.00;2200.00;2
MG;OLHOS-D'AGUA;12000.00;10000.00;8000.00;7500.00;7000.00;5300.00;2
MG;OLIMPIO NORONHA;40000.00;30000.00;20000.00;25000.00;20000.00;12000.00;2
MG;OLIVEIRA;27000.00;22000.00;16000.00;10090.00;6200.00;4500.00;2
MG;OLIVEIRA FORTES;15000.00;8000.00;5000.00;18000.00;13000.00;5000.00;2
MG;ONCA DE PITANGUI;26000.00;20500.00;18000.00;17900.00;13300.00;9000.00;2
MG;ORATORIOS;30000.00;12590.30;7949.83;11849.13;7398.00;5443.57;2
MG;ORIZANIA;23746.31;20184.37;15435.10;17809.74;14247.77;14247.77;2
MG;OURO FINO;44000.00;34000.00;20000.00;33000.00;25000.00;11000.00;2
MG;OURO PRETO;28500.39;20714.50;16695.27;16076.92;15458.58;13912.72;1
MG;OURO VERDE DE MINAS;7858.62;7297.29;4632.12;7041.85;45888.65;3271.74;2
MG;PADRE CARVALHO;4000.00;3500.00;2750.00;2700.00;4000.00;2000.00;2
MG;PADRE PARAISO;4032.00;2195.00;1754.00;2195.00;1754.00;1460.00;2
MG;PAINEIRAS;8133.00;6191.92;4294.22;6885.94;4793.05;3151.20;2
MG;PAINS;27090.00;27000.00;26845.00;26615.00;26500.00;23575.00;1
MG;PAI PEDRO;4350.00;3307.00;2490.00;3080.00;1757.00;1447.00;2
MG;PAIVA;13200.00;9500.00;8000.00;6300.00;5500.00;5500.00;2
MG;PALMA;15117.70;12511.20;10008.96;11677.12;9383.40;7819.50;2
MG;PALMOPOLIS;3000.00;2750.00;2500.00;4000.00;3600.00;5000.00;2
MG;PAPAGAIOS;16609.60;12477.96;6730.00;11232.24;9965.76;6986.41;2
MG;PARA DE MINAS;29200.00;22900.00;16100.00;16100.00;12000.00;7800.00;2
MG;PARACATU;21867.40;17007.98;14578.27;10933.70;9232.90;7046.16;1
MG;PARAGUACU;82600.00;66000.00;47200.00;62000.00;44200.00;18500.00;2
MG;PARAISOPOLIS;41184.00;33407.00;25055.00;32697.00;22807.00;19006.00;2
MG;PARAOPEBA;10000.00;7700.00;5000.00;3500.00;2800.00;1700.00;2
MG;PASSABEM;14400.00;13200.00;12000.00;11600.00;9800.00;8600.00;2
MG;PASSA QUATRO;14000.00;11000.00;10000.00;10500.00;9000.00;5500.00;2
MG;PASSA TEMPO;20000.00;18000.00;16000.00;16000.00;12000.00;11000.00;2
MG;PASSA VINTE;6800.00;5200.00;4000.00;4500.00;2800.00;2500.00;2
MG;PASSOS;38436.09;31630.52;26603.88;19464.94;9988.96;6757.24;1
MG;PATIS;1700.00;1400.00;1000.00;800.00;750.00;450.00;2
MG;PATOS DE MINAS;31000.00;20000.00;15000.00;11000.00;7000.00;4500.00;1
MG;PATROCINIO;39000.00;19000.00;10500.00;10500.00;5250.00;3150.00;2
MG;PATROCINIO DO MURIAE;16528.93;14049.59;11570.25;10557.63;9545.00;8300.00;2
MG;PAULA CANDIDO;25000.00;21900.00;12500.00;17250.00;14400.00;7300.00;2
MG;PAULISTAS;9277.00;8349.00;7421.00;7885.00;5566.00;3711.00;2
MG;PAVAO;5068.00;4250.49;3639.55;5068.00;2911.63;2564.00;2
MG;PECANHA;9700.00;8700.00;3700.00;9700.00;9700.00;5700.00;2
MG;PEDRA AZUL;4640.00;3090.00;1850.00;1300.00;780.00;700.00;2
MG;PEDRA BONITA;29539.28;23341.18;17950.00;20342.08;12699.60;10165.31;2
MG;PEDRA DO ANTA;18000.00;15000.00;13000.00;17000.00;15500.00;12000.00;2
MG;PEDRA DO INDAIA;19550.00;14950.00;7700.00;11325.00;8800.00;5400.00;2
MG;PEDRA DOURADA;20000.00;17000.00;15000.00;15000.00;12000.00;8000.00;2
MG;PEDRAS DE MARIA DA CRUZ;7000.00;5500.00;3000.00;5000.00;3000.00;2500.00;2
MG;PEDRINOPOLIS;40000.00;35000.00;30000.00;25000.00;20000.00;10000.00;2
MG;PEDRO LEOPOLDO;41412.00;33882.98;26353.44;26353.44;22588.66;11294.31;2
MG;PEDRO TEIXEIRA;5483.00;4387.00;3837.00;4387.00;3837.00;3289.00;2
MG;PEQUERI;16874.00;12468.00;9206.00;12468.00;8832.00;7273.00;2
MG;PEQUI;15228.00;14100.00;9025.00;19176.00;7332.00;6768.00;2
MG;PERDIGAO;10263.35;8579.09;5631.67;20102.29;10263.35;9330.32;2
MG;PERDIZES;60330.00;44857.00;39154.00;31155.00;9330.00;5608.00;2
MG;PERDOES;13860.00;9240.00;6930.00;13860.00;9240.00;6930.00;2
MG;PERIQUITO;11180.00;10080.00;8925.00;7830.00;6720.00;4460.00;2
MG;PESCADOR;8100.00;7100.00;5900.00;7000.00;3300.00;2900.00;2
MG;PIAU;12500.00;9700.00;7500.00;9700.00;8000.00;8400.00;2
MG;PIEDADE DE CARATINGA;64882.12;50726.02;35390.25;41288.62;28312.20;39322.50;2
MG;PIEDADE DE PONTE NOVA;19893.44;15276.94;10000.00;16500.00;8000.00;8000.00;2
MG;PIEDADE DO RIO GRANDE;6322.00;4634.00;2943.00;4251.00;2808.00;982.00;2
MG;PIEDADE DOS GERAIS;65006.11;57854.91;50704.76;32581.25;28996.79;25413.37;2
MG;PIMENTA;29000.00;18700.00;9400.00;12500.00;6000.00;5000.00;1
MG;PINTOPOLIS;3500.00;2000.00;1400.00;1400.00;900.00;750.00;2
MG;PIRACEMA;21195.00;17077.00;14124.00;14253.00;12326.00;12070.00;2
MG;PIRAJUBA;80583.91;67152.48;53722.38;40291.62;33576.57;26861.52;1
MG;PIRANGA;17000.00;12500.00;9000.00;14000.00;11000.00;5000.00;2
MG;PIRANGUCU;65000.00;50000.00;25000.00;23000.00;19000.00;12500.00;2
MG;PIRANGUINHO;36334.00;28288.00;22838.00;20762.00;15086.00;10900.00;2
MG;PIRAPETINGA;15000.00;10000.00;9000.00;15000.00;10000.00;9000.00;2
MG;PIRAPORA;8900.00;6200.00;5600.00;5200.00;2800.00;2500.00;2
MG;PIRAUBA;10375.45;7330.15;4986.00;7330.15;4745.00;3948.00;2
MG;PITANGUI;27324.00;24045.00;21859.00;18580.00;14680.00;10929.00;2
MG;PIUMHI;21000.00;16000.00;11000.00;12800.00;7350.00;8400.00;2
MG;PLANURA;55000.00;55000.00;55000.00;55000.00;55000.00;55000.00;2
MG;POCO FUNDO;114000.00;88000.00;62000.00;41000.00;21000.00;14000.00;2
MG;POCOS DE CALDAS;17650.00;15123.00;13960.00;14365.00;11633.00;9306.00;2
MG;POCRANE;20661.15;15608.03;9820.78;8768.56;7365.59;5085.76;2
MG;POMPEU;10815.00;8652.00;6489.00;8652.00;6489.00;3090.00;2
MG;PONTE NOVA;20000.00;11000.00;6000.00;10000.00;5000.00;3600.00;2
MG;PONTO CHIQUE;3000.00;2000.00;1200.00;1000.00;900.00;700.00;2
MG;PONTO DOS VOLANTES;1800.00;1350.00;1000.00;1600.00;1200.00;800.00;2
MG;PORTEIRINHA;5200.00;3900.00;3200.00;4000.00;2300.00;1900.00;2
MG;PORTO FIRME;22091.87;16010.79;12772.45;17127.02;12075.09;14348.08;2
MG;POTE;6500.00;5500.00;5000.00;6000.00;5000.00;4500.00;1
MG;POUSO ALEGRE;60992.00;47956.00;13032.00;57343.00;23979.00;20852.00;2
MG;POUSO ALTO;5604.56;5082.28;4548.82;4211.81;3828.48;3481.89;2
MG;PRADOS;13073.51;10535.48;8716.50;8816.95;7194.97;5141.41;2
MG;PRATA;28576.80;26082.00;18630.00;18630.00;18630.00;18630.00;2
MG;PRATAPOLIS;23673.58;19728.08;13810.00;11840.26;8287.63;3621.94;2
MG;PRATINHA;10746.08;9979.43;8188.25;7018.50;4968.60;3549.00;2
MG;PRESIDENTE BERNARDES;15000.00;10000.00;8000.00;12000.00;8000.00;5000.00;2
MG;PRESIDENTE JUSCELINO;3666.84;2933.48;2200.11;3666.84;2200.11;733.37;2
MG;PRESIDENTE KUBITSCHEK;7000.00;5800.00;3500.00;7000.00;3000.00;3500.00;2
MG;PRESIDENTE OLEGARIO;15975.14;14900.38;11981.36;8785.59;4792.54;1948.19;1
MG;ALTO JEQUITIBA;35616.00;30528.00;15264.00;15264.00;10176.00;10176.00;2
MG;PRUDENTE DE MORAIS;30000.00;25000.00;20000.00;22000.00;20000.00;12000.00;2
MG;QUARTEL GERAL;6671.77;5237.65;3928.24;5736.48;4052.95;3242.36;2
MG;QUELUZITO;31950.00;22038.00;17050.00;22525.00;16200.00;12100.00;2
MG;RAUL SOARES;12042.00;8429.42;6984.38;9031.00;7225.22;6021.01;2
MG;RECREIO;12411.00;9308.25;8688.75;10319.40;8067.15;6826.05;2
MG;REDUTO;40979.92;34149.32;27319.95;34149.32;27319.95;14868.00;2
MG;RESENDE COSTA;7720.67;6948.61;6176.54;5404.47;4632.41;3860.33;2
MG;RESPLENDOR;15680.94;13067.45;11760.70;10976.40;10453.96;3921.50;2
MG;RESSAQUINHA;21840.49;13104.29;12012.27;13104.27;8736.19;8736.19;2
MG;RIACHINHO;7500.00;5950.00;4460.00;3000.00;1823.00;1500.00;2
MG;RIACHO DOS MACHADOS;4500.00;3599.00;2699.00;4500.00;2500.00;1500.00;2
MG;RIBEIRAO DAS NEVES;93787.69;84408.90;75029.35;65651.37;56272.62;46893.85;2
MG;RIO ACIMA;28111.44;22529.59;19181.39;20601.74;17455.89;17103.21;2
MG;RIO CASCA;20000.00;13500.00;10000.00;10000.00;7000.00;7000.00;2
MG;RIO DOCE;9000.00;8000.00;7000.00;7000.00;6000.00;4000.00;2
MG;RIO DO PRADO;3000.00;2500.00;2100.00;2500.00;2000.00;1600.00;2
MG;RIO ESPERA;13500.00;11000.00;8500.00;12000.00;11000.00;6000.00;2
MG;RIO MANSO;27000.00;21000.00;12000.00;36000.00;21000.00;15000.00;2
MG;RIO NOVO;13043.00;9516.00;6028.30;12605.73;7510.65;5929.40;2
MG;RIO PARANAIBA;30200.00;21000.00;17800.00;11800.00;6400.00;3500.00;1
MG;RIO PARDO DE MINAS;5000.00;3000.00;2000.00;3000.00;2500.00;3000.00;2
MG;RIO PIRACICABA;15802.00;13020.00;7838.00;13083.00;13907.00;7838.00;2
MG;RIO POMBA;5730.40;5617.17;4446.92;4914.88;3744.78;3744.78;2
MG;RIO PRETO;10000.00;8000.00;6000.00;6000.00;4000.00;4000.00;2
MG;RIO VERMELHO;10000.00;6700.00;5775.00;10000.00;5775.00;5000.00;2
MG;RITAPOLIS;18840.00;13755.00;9420.00;16015.00;14130.00;8478.00;2
MG;ROCHEDO DE MINAS;16874.00;12468.00;9206.00;12468.00;8832.00;7273.00;2
MG;RODEIRO;37589.10;30071.28;18794.53;30071.28;18794.53;15987.41;2
MG;ROMARIA;50000.00;44000.00;27500.00;24500.00;18000.00;15000.00;2
MG;ROSARIO DA LIMEIRA;22000.00;20000.00;17000.00;20000.00;17000.00;9500.00;2
MG;RUBELITA;5000.00;3000.00;2000.00;4500.00;3000.00;1500.00;2
MG;RUBIM;5000.00;4750.00;3500.00;6000.00;2500.00;3500.00;2
MG;SABARA;26300.00;20800.00;15700.00;17000.00;12000.00;7000.00;2
MG;SABINOPOLIS;3871.19;2122.57;1067.37;1067.37;1067.37;715.63;2
MG;SACRAMENTO;47836.06;41002.34;34168.61;27334.89;20501.17;8200.47;1
MG;SALINAS;5000.00;3000.00;1000.00;3000.00;2000.00;1000.00;2
MG;SALTO DA DIVISA;2850.00;1980.00;1400.00;3000.00;1450.00;1450.00;2
MG;SANTA BARBARA;26945.31;24012.25;19725.72;18548.28;17685.35;16096.98;2
MG;SANTA BARBARA DO LESTE;61855.60;52890.45;39669.52;39669.52;22720.00;14400.00;2
MG;SANTA BARBARA DO MONTE VERDE;12000.00;10000.00;8000.00;7000.00;4500.00;2400.00;2
MG;SANTA BARBARA DO TUGURIO;13200.00;11200.00;9200.00;10600.00;7800.00;7200.00;2
MG;SANTA CRUZ DE SALINAS;4365.00;2727.00;1662.00;2727.00;1766.00;1351.00;2
MG;SANTA CRUZ DO ESCALVADO;24000.00;19000.00;15000.00;19000.00;16000.00;15000.00;2
MG;SANTA EFIGENIA DE MINAS;7249.95;6524.98;5799.94;5066.00;5783.34;4649.39;2
MG;SANTA FE DE MINAS;3250.00;2431.00;2000.00;1900.00;1500.00;1200.00;2
MG;SANTA HELENA DE MINAS;9000.00;7500.00;6000.00;5000.00;4000.00;3000.00;2
MG;SANTA JULIANA;43200.58;40608.54;38172.03;32446.23;25956.98;9675.23;1
MG;SANTA LUZIA;26500.00;21000.00;11000.00;10000.00;8000.00;7000.00;2
MG;SANTA MARGARIDA;24659.93;16532.40;13500.04;14926.71;11220.64;9500.35;2
MG;SANTA MARIA DE ITABIRA;14500.00;13000.00;11600.00;10150.00;8700.00;7000.00;2
MG;SANTA MARIA DO SALTO;6715.00;5682.00;4649.00;5391.00;4201.00;4690.00;2
MG;SANTA MARIA DO SUACUI;8834.08;7058.00;4124.20;6785.15;5480.41;5480.41;2
MG;SANTANA DA VARGEM;45000.00;30600.00;18000.00;22000.00;15000.00;9000.00;2
MG;SANTANA DE CATAGUASES;19216.00;12812.00;9609.00;12812.00;9609.00;6407.00;2
MG;SANTANA DE PIRAPAMA;28357.00;20000.00;12429.00;15000.00;8929.00;7500.00;2
MG;SANTANA DO DESERTO;6500.00;5122.00;4849.00;5122.00;4225.00;3445.00;2
MG;SANTANA DO GARAMBEU;6300.00;4425.00;3775.00;5050.00;3850.00;3200.00;2
MG;SANTANA DO JACARE;18000.00;15000.00;11000.00;17000.00;10500.00;7500.00;2
MG;SANTANA DO MANHUACU;21500.00;17000.00;13000.00;15000.00;11200.00;8500.00;2
MG;SANTANA DO PARAISO;29000.00;26100.00;23200.00;20300.00;17400.00;11600.00;2
MG;SANTANA DO RIACHO;19000.00;15500.00;12200.00;8800.00;7200.00;7000.00;2
MG;SANTANA DOS MONTES;20185.00;16450.00;14600.00;20185.00;11385.00;10350.00;2
MG;SANTA RITA DE CALDAS;36053.10;30652.44;24751.32;21029.24;18631.26;14898.75;2
MG;SANTA RITA DE JACUTINGA;8160.00;6350.00;3750.00;8000.00;3750.00;3500.00;2
MG;SANTA RITA DE MINAS;35000.00;31500.00;27720.00;27720.00;12250.00;11500.00;2
MG;SANTA RITA DE IBITIPOCA;15437.00;10803.13;7718.66;10806.13;10034.26;7718.66;2
MG;SANTA RITA DO ITUETO;14500.00;9400.00;6000.00;11000.00;6800.00;6800.00;2
MG;SANTA RITA DO SAPUCAI;15005.00;13577.00;12150.00;12150.00;10007.00;6851.25;2
MG;SANTA ROSA DA SERRA;28187.50;19937.50;13887.50;13887.50;8868.20;4400.00;2
MG;SANTA VITORIA;25836.25;23252.63;23020.10;21869.09;18807.42;17867.05;1
MG;SANTO ANTONIO DO AMPARO;19733.66;17055.52;16773.61;16519.89;16237.98;6258.39;1
MG;SANTO ANTONIO DO AVENTUREIRO;16244.70;11371.29;8122.35;16244.70;9746.82;8122.35;2
MG;SANTO ANTONIO DO GRAMA;22000.00;17600.00;14300.00;16500.00;14300.00;11000.00;2
MG;SANTO ANTONIO DO ITAMBE;15000.00;13500.00;10500.00;9000.00;8500.00;7500.00;2
MG;SANTO ANTONIO DO JACINTO;7810.00;6050.00;4950.00;5500.00;4840.00;7150.00;2
MG;SANTO ANTONIO DO MONTE;10080.00;8500.00;6500.00;8500.00;8500.00;4500.00;2
MG;SANTO ANTONIO DO RETIRO;10000.00;3600.00;2400.00;2000.00;1800.00;900.00;2
MG;SANTO ANTONIO DO RIO ABAIXO;17000.00;15000.00;13000.00;11200.00;9600.00;8000.00;2
MG;SANTO HIPOLITO;6427.84;3882.38;2634.79;6427.84;1976.07;1053.92;2
MG;SANTOS DUMONT;16000.00;11000.00;8000.00;10000.00;8000.00;6000.00;2
MG;SAO BENTO ABADE;47501.52;32760.75;23587.74;42165.75;29484.67;14740.77;2
MG;SAO BRAS DO SUACUI;20000.00;16000.00;12000.00;10000.00;10000.00;6000.00;2
MG;SAO DOMINGOS DAS DORES;48500.00;34500.00;30300.00;28300.00;27600.00;24500.00;2
MG;SAO DOMINGOS DO PRATA;16000.00;13500.00;11000.00;9875.00;6425.00;5830.00;2
MG;SAO FELIX DE MINAS;7000.00;5050.00;4109.00;4841.71;3804.57;2767.00;2
MG;SAO FRANCISCO;1500.00;1150.00;920.00;800.00;630.00;520.00;2
MG;SAO FRANCISCO DE PAULA;22000.00;14850.00;13200.00;12650.00;11000.00;6600.00;2
MG;SAO FRANCISCO DE SALES;20776.00;18912.00;17189.00;15478.00;15391.00;8829.00;2
MG;SAO FRANCISCO DO GLORIA;21000.00;19500.00;18000.00;21000.00;19500.00;18000.00;2
MG;SAO GERALDO;36523.47;27392.60;18261.73;18261.73;14609.38;14609.38;2
MG;SAO GERALDO DA PIEDADE;16322.92;14282.55;8161.46;6121.09;7141.53;6121.09;2
MG;SAO GONCALO DO ABAETE;23800.00;15500.00;7800.00;7800.00;3500.00;2700.00;1
MG;SAO GONCALO DO PARA;18000.00;14000.00;11000.00;13000.00;10000.00;8000.00;2
MG;SAO GONCALO DO RIO ABAIXO;32000.00;25000.00;20000.00;25000.00;20000.00;15000.00;2
MG;SAO GONCALO DO SAPUCAI;46238.85;40300.39;29525.71;29617.78;25962.18;16397.00;2
MG;SAO GOTARDO;40000.00;32000.00;24400.00;19600.00;12700.00;6400.00;2
MG;SAO JOAO BATISTA DO GLORIA;45000.00;40000.00;35000.00;33000.00;26000.00;12000.00;2
MG;SAO JOAO DA LAGOA;5500.00;3200.00;2100.00;2000.00;1400.00;1200.00;2
MG;SAO JOAO DA MATA;34000.00;27600.00;25000.00;26500.00;15000.00;14000.00;2
MG;SAO JOAO DA PONTE;9390.69;6904.92;5247.74;4833.44;3590.56;2761.97;2
MG;SAO JOAO DAS MISSOES;6500.00;5500.00;4000.00;7000.00;4000.00;4000.00;2
MG;SAO JOAO DEL REI;21269.04;15326.22;12094.16;13136.76;10321.74;8549.32;2
MG;SAO JOAO DO MANHUACU;40750.00;35000.00;30000.00;35000.00;30000.00;25000.00;2
MG;SAO JOAO DO ORIENTE;22314.05;20082.64;17851.24;15619.83;13388.43;11157.02;2
MG;SAO JOAO DO PACUI;3200.00;2600.00;2000.00;2500.00;1500.00;1400.00;2
MG;SAO JOAO DO PARAISO;5000.00;4000.00;3500.00;3500.00;3000.00;2500.00;1
MG;SAO JOAO EVANGELISTA;9500.00;7000.00;6000.00;9500.00;7000.00;4500.00;2
MG;SAO JOAO NEPOMUCENO;17783.79;14645.47;10461.05;10072.91;6715.27;3357.64;1
MG;SAO JOAQUIM DE BICAS;115000.00;92000.00;69000.00;92000.00;69000.00;57500.00;2
MG;SAO JOSE DA BARRA;52825.91;33516.62;25369.58;21720.50;13843.30;6921.70;2
MG;SAO JOSE DA SAFIRA;8000.00;7200.00;5760.00;4032.00;3500.00;2000.00;2
MG;SAO JOSE DA VARGINHA;36860.00;29490.00;22116.00;18430.00;14744.00;11058.00;2
MG;SAO JOSE DO DIVINO;12601.69;11188.61;9668.10;12495.79;8759.45;7991.13;2
MG;SAO JOSE DO GOIABAL;23000.00;19000.00;15000.00;14000.00;9000.00;7000.00;2
MG;SAO JOSE DO JACURI;16500.00;11000.00;8000.00;11000.00;7500.00;5500.00;2
MG;SAO JOSE DO MANTIMENTO;15700.00;11800.00;8200.00;15400.00;10800.00;8400.00;2
MG;SAO MIGUEL DO ANTA;21896.16;14925.10;11156.44;14229.60;11180.40;9408.96;2
MG;SAO PEDRO DA UNIAO;75517.49;42181.46;27930.96;32325.15;26817.54;21418.19;2
MG;SAO PEDRO DOS FERROS;19404.00;12127.50;4851.00;12127.50;9702.00;4851.00;2
MG;SAO PEDRO DO SUACUI;14000.00;11000.00;7000.00;10000.00;7000.00;5000.00;2
MG;SAO ROMAO;5000.00;4200.00;3500.00;3000.00;1500.00;1200.00;2
MG;SAO ROQUE DE MINAS;28000.00;18000.00;9500.00;14000.00;11000.00;5000.00;2
MG;SAO SEBASTIAO DA BELA VISTA;52920.00;47880.00;42840.00;42840.00;35280.00;22680.00;2
MG;SAO SEBASTIAO DA VARGEM ALEGRE;28000.00;22000.00;17000.00;24000.00;15500.00;10500.00;2
MG;SAO SEBASTIAO DO ANTA;33700.00;30400.00;24500.00;20800.00;13800.00;6600.00;2
MG;SAO SEBASTIAO DO MARANHAO;7000.00;5800.00;4200.00;6850.00;3500.00;3000.00;2
MG;SAO SEBASTIAO DO OESTE;20000.00;15000.00;12000.00;18000.00;16000.00;7535.00;2
MG;SAO SEBASTIAO DO PARAISO;57396.50;36354.60;27944.00;31018.50;22155.60;19217.00;2
MG;SAO SEBASTIAO DO RIO PRETO;14400.00;13200.00;12000.00;11600.00;9800.00;8600.00;2
MG;SAO SEBASTIAO DO RIO VERDE;14774.10;10248.00;7210.50;7210.50;6650.00;3993.00;2
MG;SAO TIAGO;12220.00;11130.00;8650.00;11360.00;7770.00;5250.00;2
MG;SAO TOMAS DE AQUINO;48409.26;34954.81;29414.79;32184.80;27963.83;20972.87;2
MG;SAO TOME DAS LETRAS;26762.90;21410.32;16057.74;16057.74;16057.74;10705.16;2
MG;SAO VICENTE DE MINAS;10000.00;9000.00;8000.00;9000.00;9000.00;8000.00;2
MG;SAPUCAI-MIRIM;45200.00;30150.00;23500.00;20450.00;18350.00;15600.00;2
MG;SARDOA;20000.00;14500.00;12000.00;14500.00;11000.00;10000.00;2
MG;SARZEDO;300525.82;240422.25;180000.00;210000.00;160000.00;88528.13;2
MG;SETUBINHA;10120.00;7332.00;4510.00;4032.00;3652.00;2905.60;2
MG;SEM-PEIXE;40000.00;20000.00;15000.00;30000.00;15000.00;30000.00;2
MG;SENADOR AMARAL;50000.00;41250.00;31250.00;30000.00;27500.00;26250.00;2
MG;SENADOR CORTES;16874.00;12468.00;9206.00;12468.00;8832.00;7273.00;2
MG;SENADOR FIRMINO;17000.00;13500.00;10000.00;13500.00;10000.00;10000.00;2
MG;SENADOR JOSE BENTO;36225.00;25961.00;15960.00;25323.00;17130.00;9660.00;2
MG;SENADOR MODESTINO GONCALVES;5460.00;3950.00;2000.00;8400.00;5000.00;3800.00;2
MG;SENHORA DE OLIVEIRA;15000.00;12000.00;9000.00;12000.00;10000.00;5000.00;2
MG;SENHORA DO PORTO;4700.00;4230.00;3760.00;3290.00;2820.00;2350.00;2
MG;SENHORA DOS REMEDIOS;9801.38;9280.03;8862.95;9280.03;8862.95;8862.95;2
MG;SERICITA;33094.00;27578.25;19856.34;22062.60;11031.30;8825.04;2
MG;SERITINGA;9846.90;8271.40;6302.00;6892.83;4431.11;3347.95;2
MG;SERRA AZUL DE MINAS;13095.00;10916.00;8101.00;11959.00;6996.00;5182.00;2
MG;SERRA DA SAUDADE;6028.78;4572.04;3636.85;4572.04;1558.65;1246.92;2
MG;SERRANIA;42626.00;31125.00;24442.00;21872.00;16175.00;10597.00;2
MG;SERRANOPOLIS DE MINAS;4200.00;3500.00;2400.00;3500.00;1800.00;1500.00;2
MG;SERRANOS;10224.29;7970.86;7067.14;7060.43;5657.14;4574.29;2
MG;SERRO;11117.09;9342.85;7542.85;9388.74;6584.58;4927.66;2
MG;SETE LAGOAS;19180.00;14700.00;10335.00;10580.00;6320.00;10440.00;2
MG;SILVEIRANIA;10081.51;8994.62;8714.40;8390.63;6651.78;6151.34;2
MG;SIMAO PEREIRA;6500.00;5122.00;4849.00;5122.00;4225.00;3445.00;2
MG;SIMONESIA;27424.77;19557.70;15040.72;16120.55;11923.82;8942.86;2
MG;SOLEDADE DE MINAS;23000.00;16750.00;10000.00;15625.00;10000.00;5500.00;2
MG;TABULEIRO;11579.90;9843.00;8101.03;9264.04;7303.06;8112.22;2
MG;TAIOBEIRAS;5000.00;4000.00;3000.00;3000.00;2000.00;2000.00;2
MG;TAPARUBA;12000.00;10500.00;8500.00;10500.00;9000.00;9000.00;2
MG;TAPIRA;33027.00;21840.00;15981.00;14915.00;11719.00;9000.00;2
MG;TAPIRAI;28000.00;20000.00;16000.00;15000.00;10000.00;7000.00;2
MG;TAQUARACU DE MINAS;33600.00;26880.00;20160.00;26880.00;16800.00;13440.00;2
MG;TARUMIRIM;10080.00;7200.00;6000.00;4800.00;3600.00;2400.00;2
MG;TEIXEIRAS;30000.00;23000.00;18000.00;30000.00;23000.00;18000.00;2
MG;TEOFILO OTONI;8680.21;7812.19;6944.17;6076.15;5208.13;4340.11;1
MG;TIMOTEO;34125.00;28350.00;25200.00;24150.00;22575.00;16800.00;2
MG;TIRADENTES;25000.00;20000.00;15000.00;11500.00;7500.00;7500.00;2
MG;TIROS;31000.00;20000.00;12000.00;8000.00;4000.00;3000.00;2
MG;TOCANTINS;7487.00;6738.00;5990.00;6738.00;4492.00;4309.00;2
MG;TOCOS DO MOJI;47020.00;37620.00;28210.00;37620.00;28210.00;23510.00;1
MG;TOMBOS;15120.00;10584.00;9072.00;10584.00;7560.00;5000.00;2
MG;TRES CORACOES;90000.00;70000.00;60000.00;56000.00;50000.00;20000.00;1
MG;TRES MARIAS;10000.00;8000.00;5000.00;8000.00;6000.00;2000.00;2
MG;TRES PONTAS;44000.00;32000.00;18500.00;32000.00;13000.00;9500.00;2
MG;TUMIRITINGA;18000.00;17851.22;10413.21;17851.22;10413.21;8925.84;2
MG;TUPACIGUARA;22555.67;17998.27;15144.43;20299.89;11649.89;9221.41;2
MG;TURMALINA;9500.00;6000.00;3800.00;8000.00;12000.00;2500.00;2
MG;TURVOLANDIA;44000.00;35000.00;28000.00;44000.00;28000.00;18000.00;2
MG;UBA;19000.00;14000.00;9500.00;14000.00;9500.00;7500.00;2
MG;UBAI;2500.00;1600.00;1100.00;1000.00;900.00;480.00;2
MG;UBAPORANGA;10000.00;8500.00;7000.00;6500.00;5500.00;5500.00;2
MG;UBERABA;21204.33;16293.92;10896.65;9436.07;7912.78;7384.12;1
MG;UBERLANDIA;30881.00;26248.00;19146.00;25631.00;18528.00;16884.00;1
MG;UMBURATIBA;13067.45;11500.00;10100.00;13067.45;9200.00;7500.00;2
MG;UNAI;24472.36;20997.28;18966.07;17864.82;15050.50;10523.11;1
MG;UNIAO DE MINAS;23619.98;21257.98;18895.98;16533.99;14171.99;11809.99;1
MG;URUANA DE MINAS;10884.26;7310.60;4214.70;4823.61;2376.09;1393.78;2
MG;URUCANIA;18079.00;14460.00;10878.00;12092.00;9675.00;6046.00;2
MG;URUCUIA;2796.58;2188.88;1910.43;1707.62;1198.39;863.15;2
MG;VARGEM ALEGRE;17908.00;13576.20;10514.90;9516.65;8518.40;7321.60;2
MG;VARGEM BONITA;25000.00;15000.00;10000.00;12000.00;9000.00;8000.00;2
MG;VARGEM GRANDE DO RIO PARDO;6776.90;4170.40;3127.80;3127.80;3127.80;3500.00;2
MG;VARGINHA;50631.86;42844.67;23366.61;50631.86;42844.67;23366.61;1
MG;VARJAO DE MINAS;18000.00;10000.00;6000.00;4000.00;2000.00;800.00;2
MG;VARZEA DA PALMA;20135.00;10068.00;6292.00;6292.00;5244.00;2622.00;2
MG;VAZANTE;24000.00;17000.00;14000.00;9500.00;7500.00;4000.00;1
MG;VERDELANDIA;7250.00;4550.00;3900.00;2600.00;2340.00;1950.00;2
MG;VEREDINHA;9000.00;6000.00;3500.00;7000.00;5000.00;3000.00;2
MG;VERISSIMO;19684.25;15690.36;12394.89;9878.48;9806.46;7390.54;2
MG;VERMELHO NOVO;29095.00;23920.00;11115.00;12765.00;7935.00;7935.00;2
MG;VESPASIANO;65441.15;58141.97;48004.15;58141.97;41529.95;24917.97;2
MG;VICOSA;46583.53;41925.19;37266.83;32252.26;23291.77;18633.41;2
MG;VIEIRAS;19000.00;15600.00;13000.00;14300.00;11700.00;6500.00;2
MG;MATHIAS LOBATO;4450.00;3950.00;3950.00;3950.00;2750.00;1800.00;2
MG;VIRGEM DA LAPA;4520.00;2630.00;1300.00;3598.00;2125.00;1500.00;1
MG;VIRGINIA;12243.87;10093.34;8466.66;12090.00;4911.10;2374.99;2
MG;VIRGINOPOLIS;24000.00;22000.00;18000.00;16000.00;15000.00;15000.00;2
MG;VISCONDE DO RIO BRANCO;21712.06;18093.38;14474.71;9046.67;5970.83;3618.68;2
MG;VOLTA GRANDE;7091.62;5673.30;3545.81;5673.30;3545.81;3545.81;2
MG;WENCESLAU BRAZ;32500.00;21000.00;17300.00;22400.00;17000.00;14000.00;2
MS;AGUA CLARA;24910.00;19190.00;15050.00;13180.00;9770.00;7400.00;1
MS;ALCINOPOLIS;16766.00;12019.00;8865.00;5160.00;4259.00;3356.00;1
MS;AMAMBAI;26342.89;18024.08;13864.69;11091.74;8318.81;5545.87;1
MS;ANASTACIO;21582.50;17950.00;11474.00;6772.50;6941.00;5519.00;1
MS;ANAURILANDIA;24571.00;20142.00;15928.00;13066.00;10290.00;6950.00;1
MS;ANGELICA;27568.00;22655.83;19374.00;17904.00;12021.00;6183.00;1
MS;ANTONIO JOAO;29039.48;24005.25;18400.78;14201.22;9169.74;6113.39;1
MS;APARECIDA DO TABOADO;13656.00;9081.00;7130.00;6624.00;6019.00;3851.00;1
MS;AQUIDAUANA;15769.00;11335.00;9140.00;7641.50;5985.00;4153.00;1
MS;ARAL MOREIRA;29770.00;20632.50;18396.00;13049.00;11853.00;8528.00;1
MS;BANDEIRANTES;21200.00;15340.00;11958.00;9200.00;7750.00;5860.00;1
MS;BATAGUASSU;16848.50;16006.00;12652.50;9275.00;8441.00;6720.00;1
MS;BATAYPORA;30280.00;24950.00;18840.00;15455.00;12250.00;8160.00;1
MS;BELA VISTA;16870.00;11809.00;8499.00;7266.00;6307.00;3154.00;1
MS;BODOQUENA;11186.70;8762.92;;7127.53;5646.62;3728.90;1
MS;BONITO;23350.06;12623.97;8610.00;8982.62;7616.83;6819.75;1
MS;BRASILANDIA;16159.72;15349.91;12144.48;8899.94;8099.41;6449.97;1
MS;CAARAPO;29275.50;25795.00;23035.00;17830.00;15940.00;5575.00;1
MS;CAMAPUA;11348.80;9123.30;7988.40;6942.00;5619.90;2667.00;1
MS;CAMPO GRANDE;43710.50;35318.08;26925.67;19713.44;12938.31;6206.89;1
MS;CARACOL;19186.57;17407.63;14027.91;13634.87;10601.27;7080.73;1
MS;CASSILANDIA;37663.67;25769.88;19822.98;15858.38;11893.79;7929.19;1
MS;CHAPADAO DO SUL;30037.14;20552.04;15808.50;12646.80;9484.44;6322.74;1
MS;CORGUINHO;13833.01;8259.38;4817.96;6882.89;4129.69;2064.82;1
MS;CORONEL SAPUCAIA;38171.90;27373.62;21973.96;20500.67;15375.76;10249.81;1
MS;CORUMBA;;;;3717.00;3026.00;1513.00;1
MS;COSTA RICA;25076.90;19129.91;11496.37;9412.20;7375.75;5361.83;1
MS;COXIM;16142.46;11070.40;9375.98;7792.98;5353.17;4405.56;1
MS;DEODAPOLIS;34207.50;30975.00;25795.00;23287.00;17366.00;7575.00;1
MS;DOIS IRMAOS DO BURITI;16243.00;13684.00;11205.00;9481.00;7473.00;4672.00;1
MS;DOURADINA;35440.50;33830.00;27460.00;25783.50;18050.00;4707.50;1
MS;DOURADOS;39750.00;32145.00;25315.00;20540.00;16145.00;10070.00;1
MS;ELDORADO;47418.02;32649.74;24613.80;20306.63;14744.14;9181.65;1
MS;FATIMA DO SUL;22790.74;18443.37;16522.19;15951.32;;;1
MS;FIGUEIRAO;11809.00;10060.00;6953.00;5225.00;4303.00;3169.00;1
MS;GLORIA DE DOURADOS;42395.00;38537.00;30834.00;29219.00;23123.00;15416.00;1
MS;GUIA LOPES DA LAGUNA;17517.00;10440.00;9310.00;8297.00;6012.00;5477.00;1
MS;IGUATEMI;19460.00;14525.00;11328.33;9234.17;7390.83;4812.50;1
MS;INOCENCIA;16898.62;13518.90;12392.32;10139.17;9951.63;6759.45;1
MS;ITAPORA;40306.25;32762.50;25643.33;20891.67;16275.00;10232.83;1
MS;ITAQUIRAI;30028.00;24397.00;19197.00;15594.00;12213.00;8175.00;1
MS;IVINHEMA;26312.00;18684.00;17327.00;15061.00;9266.00;5530.00;1
MS;JAPORA;27546.57;22508.30;20710.47;17792.43;11477.64;5030.62;1
MS;JARAGUARI;16263.00;12628.00;10305.00;8146.00;6697.00;5085.00;1
MS;JARDIM;14200.00;10900.00;9900.00;8170.00;5290.00;4490.00;1
MS;JATEI;31065.50;25909.50;22503.00;18860.00;16187.50;6066.50;1
MS;JUTI;26197.81;20750.58;20103.16;15252.26;13158.85;5383.64;1
MS;LADARIO;;;;5954.00;4181.00;3084.00;1
MS;LAGUNA CARAPA;28630.00;27011.25;26214.42;25499.25;;10686.00;1
MS;MARACAJU;33000.00;32147.41;25376.89;18606.37;16901.20;10130.69;1
MS;MIRANDA;;;;5524.00;3935.00;2245.00;1
MS;MUNDO NOVO;47417.54;32649.47;24613.67;20306.18;14743.55;9181.59;1
MS;NAVIRAI;36280.35;25395.65;19758.14;15329.37;11922.48;5109.35;1
MS;NIOAQUE;18672.50;14221.00;13049.17;11369.00;8499.00;4860.00;1
MS;NOVA ALVORADA DO SUL;20490.00;16181.00;13015.00;9435.00;6766.50;4935.00;1
MS;NOVA ANDRADINA;26700.00;24200.00;17700.00;16040.00;11750.00;7200.00;1
MS;NOVO HORIZONTE DO SUL;20125.00;16903.00;13700.00;11748.00;8730.00;5442.50;1
MS;PARAISO DAS AGUAS;19270.40;14446.67;10957.60;8148.45;6110.67;4589.14;1
MS;PARANAIBA;12627.00;11822.00;11152.00;10521.00;9996.00;6337.00;1
MS;PARANHOS;25842.54;20585.47;19300.26;;;5420.28;1
MS;PEDRO GOMES;9147.13;6097.42;5628.90;3752.16;2813.79;1875.42;1
MS;PONTA PORA;32067.92;21364.00;20693.33;14735.00;9354.33;4987.50;1
MS;PORTO MURTINHO;15043.00;10500.00;5957.00;4875.00;3257.00;2770.00;1
MS;RIBAS DO RIO PARDO;30362.50;21874.00;15844.00;11465.00;9899.00;5057.00;1
MS;RIO BRILHANTE;30835.00;21658.00;17033.00;13982.50;10972.50;7770.00;1
MS;RIO NEGRO;14335.00;10496.00;6664.00;5683.00;4783.00;3968.00;1
MS;RIO VERDE DE MATO GROSSO;20354.00;11508.00;9863.00;8220.00;6575.00;4931.00;1
MS;ROCHEDO;21636.00;13574.00;11606.00;7781.00;5172.00;3868.00;1
MS;SANTA RITA DO PARDO;16100.00;15300.00;12000.00;8900.00;7900.00;6000.00;1
MS;SAO GABRIEL DO OESTE;31680.55;22266.79;15642.68;6751.32;5236.53;3479.38;1
MS;SETE QUEDAS;17834.94;15430.07;;13318.88;;9774.68;1
MS;SELVIRIA;13969.00;11454.00;9519.00;8842.00;5898.00;4134.00;1
MS;SIDROLANDIA;39510.59;27657.41;19755.30;12617.64;8411.76;4205.88;1
MS;SONORA;14200.00;11110.00;8760.00;7332.50;5710.00;4202.00;1
MS;TACURU;15718.00;11939.00;9945.00;9175.00;7795.00;3825.00;1
MS;TAQUARUSSU;20457.00;18615.00;12985.00;12286.00;9206.00;5882.00;1
MS;TERENOS;32500.00;22855.00;16275.00;12016.00;8000.00;4608.00;1
MS;TRES LAGOAS;9218.03;8807.17;8308.82;7838.31;7447.32;4721.01;1
MS;VICENTINA;51624.78;43575.06;35885.34;30758.86;20505.91;14866.78;1
MT;ACORIZAL;19230.00;17560.00;8940.00;15360.00;11120.00;8240.00;1
MT;AGUA BOA;7976.15;5976.81;5466.21;4989.40;3983.44;2526.18;1
MT;ALTA FLORESTA;20717.49;14175.12;10903.94;8723.16;7651.14;5266.26;1
MT;ALTO ARAGUAIA;12307.30;9889.00;7822.78;6121.50;4141.98;2355.10;1
MT;ALTO BOA VISTA;24230.00;19560.00;12300.00;16960.00;9120.00;4460.00;1
MT;ALTO GARCAS;13359.85;9825.06;7414.19;5118.63;3672.63;2984.10;1
MT;ALTO PARAGUAI;19994.00;15810.00;9450.00;14640.00;8102.00;4160.00;1
MT;ALTO TAQUARI;26847.97;20881.76;13423.99;8949.33;5966.22;4474.66;1
MT;APIACAS;11602.26;9758.01;7265.96;5640.32;5640.32;3107.42;1
MT;ARAGUAIANA;14482.24;10160.99;7701.46;6276.93;4904.94;3743.58;1
MT;ARAGUAINHA;21046.40;17994.67;14206.32;11007.26;9470.88;7576.70;1
MT;ARAPUTANGA;18000.00;12600.00;9000.00;5450.00;3650.00;1900.00;1
MT;ARENAPOLIS;26669.47;21450.63;16500.40;14146.78;9900.00;5294.96;1
MT;ARIPUANA;5278.34;4486.59;3813.59;3241.56;2755.32;2342.03;1
MT;BARAO DE MELGACO;22167.00;19248.00;11914.00;14232.00;8460.00;4246.00;1
MT;BARRA DO BUGRES;17041.33;12523.61;11328.75;10364.60;7541.03;5165.08;1
MT;BARRA DO GARCAS;15447.18;14674.82;11585.39;8495.95;7723.59;4634.15;1
MT;BOA ESPERANCA DO NORTE;8690.00;7660.20;6152.00;5840.00;3760.31;2942.53;1
MT;BOM JESUS DO ARAGUAIA;19800.00;13881.48;9921.42;7920.00;5950.00;3150.00;1
MT;BRASNORTE;10926.12;8764.09;7425.45;5569.92;3687.88;3677.94;1
MT;CACERES;13354.51;10015.88;8012.70;6232.10;2492.84;1246.42;1
MT;CAMPINAPOLIS;17690.92;11044.54;8107.16;6288.02;5240.21;3094.91;1
MT;CAMPO NOVO DO PARECIS;10867.47;9750.84;9477.81;7632.21;7472.51;7358.52;1
MT;CAMPO VERDE;23647.03;13729.78;8721.93;6024.58;4824.86;2837.87;1
MT;CAMPOS DE JULIO;15383.41;10389.98;8354.13;7721.79;6504.74;4244.72;1
MT;CANABRAVA DO NORTE;21651.47;14490.00;9853.20;9687.67;9365.07;7415.26;1
MT;CANARANA;8973.50;6191.52;4134.20;5143.81;4649.11;2685.89;1
MT;CARLINDA;7640.00;6120.00;5102.00;5015.00;4920.00;4920.00;1
MT;CASTANHEIRA;6642.88;6310.73;4982.16;4886.78;2932.07;1954.71;1
MT;CHAPADA DOS GUIMARAES;21212.00;17920.00;8756.00;9360.00;4152.00;3240.00;1
MT;CLAUDIA;9023.29;8009.19;6995.08;5980.97;4966.87;4792.44;1
MT;COCALINHO;14496.57;10157.90;7265.48;5509.42;3305.57;2031.58;1
MT;COLIDER;12988.38;10492.24;8784.88;8784.88;8310.87;5117.18;1
MT;COMODORO;11906.57;8146.13;6266.41;5765.41;4324.06;2882.38;1
MT;CONFRESA;27062.98;21152.63;16210.34;12921.64;9963.89;6490.15;1
MT;CONQUISTA D'OESTE;33891.92;23724.34;16945.96;12041.10;8027.40;4013.70;1
MT;COTRIGUACU;6326.50;5061.20;4077.08;3953.54;2600.90;2165.61;1
MT;CUIABA;19216.89;14782.22;10840.30;8869.33;5912.89;3843.38;1
MT;CURVELANDIA;22753.97;15927.78;11376.99;6554.02;4369.34;2184.67;1
MT;DENISE;24646.43;19839.23;15260.95;10377.45;7783.08;6104.38;1
MT;DIAMANTINO;14445.67;10691.20;8624.93;7127.91;5182.24;3907.89;1
MT;DOM AQUINO;22742.00;18680.00;11140.00;14474.00;7890.00;5380.00;1
MT;FELIZ NATAL;9649.31;6968.26;5788.20;4766.21;3602.62;3006.11;1
MT;FIGUEIROPOLIS D'OESTE;28808.13;20165.69;14404.07;12041.10;8027.40;4013.70;1
MT;GAUCHA DO NORTE;27143.26;18571.71;14285.92;11428.75;8571.56;5714.37;1
MT;GENERAL CARNEIRO;23740.00;17642.00;12432.00;13942.00;8103.00;5058.00;1
MT;GLORIA D'OESTE;37678.67;25780.14;19830.88;18664.36;13998.27;9332.18;1
MT;GUARANTA DO NORTE;15550.65;13218.05;10885.46;13453.48;10762.78;6726.74;1
MT;GUIRATINGA;14067.00;9469.00;6857.00;5356.00;3176.00;2297.00;1
MT;INDIAVAI;37678.67;25780.14;19830.88;18664.36;13998.27;9332.18;1
MT;IPIRANGA DO NORTE;6498.22;5793.75;;4982.63;;2836.36;1
MT;ITANHANGA;11812.45;10231.00;7894.50;9645.21;6932.16;3938.26;1
MT;ITAUBA;13180.91;10281.10;9885.67;9094.82;8640.07;6366.37;1
MT;ITIQUIRA;26371.56;15652.72;11859.43;8854.04;4600.34;3923.43;1
MT;JACIARA;16034.31;11340.34;7077.49;7256.35;4362.56;3392.50;1
MT;JAURU;19670.43;14332.30;13323.75;12664.97;12445.03;6791.38;1
MT;JUARA;9936.93;7814.78;6169.58;4569.99;3656.03;1828.02;1
MT;JUINA;10544.17;8435.34;6795.13;6589.24;4334.83;3609.35;1
MT;JURUENA;6211.63;5901.05;4658.72;4436.88;2662.13;1774.75;1
MT;JUSCIMEIRA;37497.07;26606.12;20283.51;16372.99;11950.70;8031.44;1
MT;LAMBARI D'OESTE;15529.64;12086.26;9503.75;8057.53;6060.34;3994.30;1
MT;LUCAS DO RIO VERDE;18507.44;17689.80;15586.19;8828.05;5977.90;5552.23;1
MT;LUCIARA;23978.00;19660.00;12912.00;16760.00;5640.00;3460.00;1
MT;VILA BELA DA SANTISSIMA TRINDADE;17345.30;12136.52;9174.15;9245.26;6842.60;4169.79;1
MT;MARCELANDIA;13409.00;10212.00;8260.00;7531.00;5802.00;4442.00;1
MT;MATUPA;14552.51;11641.00;8961.50;8406.34;6185.80;3489.41;1
MT;MIRASSOL D'OESTE;24646.43;19839.23;15260.95;12208.76;10530.05;7020.04;1
MT;NOBRES;16042.35;11747.72;8859.43;7433.30;5377.10;3681.38;1
MT;NORTELANDIA;28995.80;19839.23;15260.95;12208.76;9156.57;6104.38;1
MT;NOSSA SENHORA DO LIVRAMENTO;8466.16;6889.06;5942.35;5032.34;3574.50;2045.39;1
MT;NOVA BANDEIRANTES;11860.29;9332.48;7827.65;6631.32;5977.32;4765.86;1
MT;NOVA NAZARE;19490.00;16388.00;7885.36;12513.00;5927.72;2105.80;1
MT;NOVA LACERDA;33891.92;23724.34;16945.96;12041.10;8027.40;4013.70;1
MT;NOVA SANTA HELENA;12278.67;10931.01;8834.65;6962.91;6094.41;4791.68;1
MT;NOVA BRASILANDIA;10927.10;10380.74;8053.27;5780.43;5135.73;4032.10;1
MT;NOVA CANAA DO NORTE;11900.00;9782.48;8500.00;7980.25;7000.00;5571.46;1
MT;NOVA MUTUM;11051.31;8296.17;5786.87;5786.87;5678.78;5103.00;1
MT;NOVA OLIMPIA;25337.10;17335.90;13335.31;10668.26;8001.18;5334.12;1
MT;NOVA UBIRATA;9407.27;8256.51;6773.23;5769.79;3762.90;3010.32;1
MT;NOVA XAVANTINA;9672.64;7289.27;6045.07;5043.08;3800.20;3689.20;1
MT;NOVO MUNDO;16374.52;12048.80;10195.81;8032.94;8032.94;5561.45;1
MT;NOVO HORIZONTE DO NORTE;12841.11;11454.86;9193.07;7296.09;6566.48;3793.97;1
MT;NOVO SAO JOAQUIM;11395.08;7497.72;4653.36;4162.93;2686.58;1881.64;1
MT;PARANAITA;11773.52;9641.90;7638.74;6624.63;6624.63;4504.50;1
MT;PARANATINGA;13495.83;12821.04;10121.88;7422.71;6747.92;4048.75;1
MT;PEDRA PRETA;19699.25;12021.80;10111.29;8079.95;6021.93;4046.72;1
MT;PEIXOTO DE AZEVEDO;26404.91;15464.80;11046.29;9941.66;6075.46;5799.30;1
MT;PLANALTO DA SERRA;15480.00;12945.00;7568.00;11982.00;8195.00;2940.00;1
MT;POCONE;9955.28;6636.19;5324.06;4260.11;3079.19;946.32;1
MT;PONTAL DO ARAGUAIA;11133.60;10576.92;8350.20;6123.48;5566.80;3340.08;1
MT;PONTES E LACERDA;13307.74;9394.11;7455.63;7076.96;5307.72;3538.49;1
MT;PORTO ALEGRE DO NORTE;23833.26;22641.60;17874.95;12842.48;7705.49;6421.24;1
MT;PORTO DOS GAUCHOS;12126.11;10670.79;9280.73;6594.79;4586.31;3307.44;1
MT;PORTO ESPERIDIAO;;14744.88;11332.02;9145.14;6991.39;4638.84;1
MT;PORTO ESTRELA;21121.67;16619.42;11116.66;10227.34;5669.51;1133.91;1
MT;PRIMAVERA DO LESTE;17137.75;13025.72;9440.08;7759.22;6133.93;2391.73;1
MT;QUERENCIA;12937.13;8198.53;4437.72;4312.35;2574.03;1788.53;1
MT;SAO JOSE DOS QUATRO MARCOS;28808.13;20165.69;14404.07;12041.10;8027.40;4013.70;1
MT;RESERVA DO CABACAL;27279.21;19095.45;13639.60;8618.30;5745.53;2872.77;1
MT;RIBEIRAOZINHO;31000.00;27000.00;24666.67;21000.00;11333.34;9333.34;1
MT;RIO BRANCO;15529.64;12086.29;9503.75;8057.53;6060.34;3994.30;1
MT;SANTA CARMEM;10309.43;8537.86;6464.87;7933.22;5553.13;5883.68;1
MT;SANTO AFONSO;18071.91;17168.32;13553.94;11500.99;9200.80;6900.60;1
MT;SAO JOSE DO POVO;18568.00;14842.00;7940.00;12948.00;5960.00;2780.00;1
MT;SAO JOSE DO RIO CLARO;14000.00;11000.00;9000.00;10000.00;8000.00;4000.00;1
MT;SAO JOSE DO XINGU;8433.07;6065.10;5486.88;3961.58;2427.62;2427.62;1
MT;SAO PEDRO DA CIPA;28804.94;23422.04;17021.48;18415.16;8122.24;3916.08;1
MT;RONDOLANDIA;20894.32;14296.12;10997.01;8797.61;6598.21;4398.80;1
MT;RONDONOPOLIS;22600.00;19650.00;16700.00;6650.00;3000.00;9700.00;1
MT;ROSARIO OESTE;20259.41;14181.59;10129.71;7697.16;5131.44;2565.72;1
MT;SANTA CRUZ DO XINGU;20378.49;19359.57;15283.87;11557.73;6934.64;5778.87;1
MT;SALTO DO CEU;15529.64;12086.26;9503.72;8057.53;6060.34;3994.30;1
MT;SANTA RITA DO TRIVELATO;15973.09;12778.47;9583.85;7999.59;6399.67;4799.75;1
MT;SANTA TEREZINHA;16908.80;11150.40;8199.36;7020.00;4900.00;4160.00;1
MT;SANTO ANTONIO DO LESTE;14968.33;10495.02;7500.00;7525.83;3938.36;3388.55;1
MT;SANTO ANTONIO DO LEVERGER;20156.26;15504.81;11370.20;9302.89;6201.93;4031.25;1
MT;SAO FELIX DO ARAGUAIA;29142.00;25058.00;17084.00;21800.00;5023.00;4886.00;1
MT;SAPEZAL;12961.76;6456.92;3998.44;3880.17;3180.01;1795.69;1
MT;SERRA NOVA DOURADA;19489.85;18515.36;14617.39;10916.11;6549.66;54858.05;1
MT;SINOP;9688.85;8680.03;7049.70;6357.41;4769.20;3751.00;1
MT;SORRISO;6519.53;6235.05;5913.75;5631.73;;4022.71;1
MT;TABAPORA;16198.77;13732.31;12256.67;15319.58;11262.41;6490.30;1
MT;TANGARA DA SERRA;19288.10;13397.41;11697.97;13324.42;9834.53;3945.33;1
MT;TAPURAH;9616.74;8224.45;7256.58;6741.36;6741.36;5064.13;1
MT;TERRA NOVA DO NORTE;21010.08;17461.78;13631.68;17793.30;12670.28;11002.32;1
MT;TESOURO;18454.30;13779.51;9186.13;11142.34;5740.97;3293.65;1
MT;TORIXOREU;18454.43;14942.90;11400.00;8119.41;7042.99;4624.91;1
MT;UNIAO DO SUL;10741.08;9535.13;7070.81;7699.10;5084.84;3054.97;1
MT;VALE DE SAO DOMINGOS;37678.67;25780.14;19830.88;15864.70;11898.53;7932.35;1
MT;VARZEA GRANDE;18322.23;14094.02;10335.62;8456.41;5637.61;3664.45;1
MT;VERA;9688.60;9216.86;8760.48;8309.28;5880.03;5876.09;1
MT;VILA RICA;23034.04;19450.97;15356.03;8189.88;6142.41;3583.07;1
MT;NOVA GUARITA;12990.00;11005.00;9170.00;11005.00;10850.00;7650.00;1
MT;NOVA MARILANDIA;15429.72;11869.02;9890.85;8000.85;5877.05;4701.64;1
MT;NOVA MARINGA;8003.27;6745.91;5196.02;5028.87;3792.47;2529.74;1
MT;NOVA MONTE VERDE;11671.41;10168.08;8904.14;8253.05;8253.05;5345.02;1
PA;ABAETETUBA;;;;;;654.97;2
PA;ABEL FIGUEIREDO;;;;;;443.82;2
PA;ACARA;;;;;;654.97;2
PA;AFUA;;;;;;654.97;2
PA;AGUA AZUL DO NORTE;;;;;;823.09;2
PA;ALENQUER;;;;;;823.09;2
PA;ALMEIRIM;;;;;;823.09;2
PA;ALTAMIRA;6552.64;5242.12;4914.48;4586.85;3931.58;3276.32;1
PA;ANAJAS;;;;;;654.97;2
PA;ANANINDEUA;;;;;;654.97;2
PA;ANAPU;;;;;;823.09;2
PA;AUGUSTO CORREA;;;;;;654.97;2
PA;AURORA DO PARA;;;;;;443.82;2
PA;AVEIRO;;;;;;823.09;2
PA;BAGRE;;;;;;654.97;2
PA;BAIAO;;;;;;654.97;2
PA;BANNACH;;;;;;823.09;2
PA;BARCARENA;;;;;;654.97;2
PA;BELEM;;;;;;654.97;2
PA;BELTERRA;;;;;;823.09;2
PA;BENEVIDES;;;;;;654.97;2
PA;BOM JESUS DO TOCANTINS;;;;;;1201.01;2
PA;BONITO;;;;;;654.97;2
PA;BRAGANCA;;;;;;654.97;2
PA;BRASIL NOVO;;;;;;823.09;2
PA;BREJO GRANDE DO ARAGUAIA;;;;;;1201.01;2
PA;BREU BRANCO;4672.75;4205.47;3995.19;3795.43;3605.65;1442.26;1
PA;BREVES;;;;;;654.97;2
PA;BUJARU;;;;;;443.82;2
PA;CACHOEIRA DO PIRIA;;;;;;654.97;2
PA;CACHOEIRA DO ARARI;;;;;;654.97;2
PA;CAMETA;;;;;;654.97;2
PA;CANAA DOS CARAJAS;;;;;;1201.01;2
PA;CAPANEMA;;;;;;654.97;2
PA;CAPITAO POCO;;;;;;443.82;2
PA;CASTANHAL;10875.88;9457.30;8038.71;10875.88;9457.30;8038.71;1
PA;CHAVES;;;;;;654.97;2
PA;COLARES;;;;;;654.97;2
PA;CONCEICAO DO ARAGUAIA;;;;;;823.09;2
PA;CONCORDIA DO PARA;;;;;;443.82;2
PA;CUMARU DO NORTE;6519.09;5867.18;5215.27;6519.09;3911.46;3259.55;1
PA;CURIONOPOLIS;;;;;;1201.01;2
PA;CURRALINHO;;;;;;654.97;2
PA;CURUA;;;;;;823.09;2
PA;CURUCA;;;;;;654.97;2
PA;DOM ELISEU;;;;;;443.82;2
PA;ELDORADO DOS CARAJAS;9379.87;6253.25;3126.62;9379.87;6253.25;3126.62;1
PA;FARO;;;;;;823.09;2
PA;FLORESTA DO ARAGUAIA;6947.65;6375.75;5553.35;5370.45;4791.26;4220.02;1
PA;GARRAFAO DO NORTE;;;;;;443.82;2
PA;GOIANESIA DO PARA;;;;;;654.97;2
PA;GURUPA;;;;;;654.97;2
PA;IGARAPE-ACU;;;;;;654.97;2
PA;IGARAPE-MIRI;;;;;;654.97;2
PA;INHANGAPI;;;;;;654.97;2
PA;IPIXUNA DO PARA;;;;;;443.82;2
PA;IRITUIA;;;;;;443.82;2
PA;ITAITUBA;;;;;;823.09;2
PA;ITUPIRANGA;;;;;;654.97;2
PA;JACAREACANGA;;;;;;823.09;2
PA;JACUNDA;;;;;;654.97;2
PA;JURUTI;;;;;;823.09;2
PA;LIMOEIRO DO AJURU;;;;;;654.97;2
PA;MAE DO RIO;;;;;;443.82;2
PA;MAGALHAES BARATA;;;;;;654.97;2
PA;MARABA;8900.00;7550.00;6100.00;7400.00;4000.00;2280.00;1
PA;MARACANA;;;;;;654.97;2
PA;MARAPANIM;;;;;;654.97;2
PA;MARITUBA;;;;;;654.97;2
PA;MEDICILANDIA;3723.62;3351.16;2978.90;2606.53;2234.17;1861.81;1
PA;MELGACO;;;;;;654.97;2
PA;MOCAJUBA;;;;;;654.97;2
PA;MOJU;;;;;;654.97;2
PA;MOJUI DOS CAMPOS;;;;;;823.09;2
PA;MONTE ALEGRE;;;;;;823.09;2
PA;MUANA;;;;;;654.97;2
PA;NOVA ESPERANCA DO PIRIA;;;;;;443.82;2
PA;NOVA IPIXUNA;;;;;;654.97;2
PA;NOVA TIMBOTEUA;;;;;;654.97;2
PA;NOVO PROGRESSO;3693.95;2955.17;2659.63;1847.00;1662.27;1329.84;1
PA;NOVO REPARTIMENTO;4855.85;4307.93;4067.90;3940.77;3529.45;1523.86;1
PA;OBIDOS;;;;;;823.09;2
PA;OEIRAS DO PARA;;;;;;654.97;2
PA;ORIXIMINA;;;;;;823.09;2
PA;OUREM;;;;;;443.82;2
PA;OURILANDIA DO NORTE;6673.11;4448.75;2224.37;6673.11;4448.75;2224.37;1
PA;PACAJA;;;;;;823.09;2
PA;PALESTINA DO PARA;;;;;;1201.01;2
PA;PARAGOMINAS;4564.00;3651.00;3600.00;3000.00;2738.00;2282.00;1
PA;PARAUAPEBAS;;;;;;1201.01;2
PA;PAU D'ARCO;;;;;;823.09;2
PA;PEIXE-BOI;;;;;;654.97;2
PA;PICARRA;;;;;;1201.01;2
PA;PLACAS;;;;;;823.09;2
PA;PONTA DE PEDRAS;;;;;;654.97;2
PA;PORTEL;;;;;;654.97;2
PA;PORTO DE MOZ;;;;;;823.09;2
PA;PRAINHA;;;;;;823.09;2
PA;PRIMAVERA;;;;;;654.97;2
PA;QUATIPURU;;;;;;654.97;2
PA;REDENCAO;8672.24;6005.20;4503.90;6005.20;4503.90;2924.07;1
PA;RIO MARIA;5076.41;3568.80;3005.32;5076.41;3568.80;3005.32;1
PA;RONDON DO PARA;;;;;;443.82;2
PA;RUROPOLIS;;;;;;823.09;2
PA;SALINOPOLIS;;;;;;654.97;2
PA;SALVATERRA;;;;;;654.97;2
PA;SANTA BARBARA DO PARA;;;;;;654.97;2
PA;SANTA CRUZ DO ARARI;;;;;;654.97;2
PA;SANTA ISABEL DO PARA;6008.75;4807.00;3845.60;3076.48;2461.18;1845.88;1
PA;SANTA LUZIA DO PARA;;;;;;654.97;2
PA;SANTA MARIA DAS BARREIRAS;;;;;;823.09;2
PA;SANTA MARIA DO PARA;;;;;;654.97;2
PA;SANTANA DO ARAGUAIA;7061.84;6326.43;5138.02;4635.52;3475.94;2733.85;1
PA;SANTAREM;;;;;;823.09;2
PA;SANTAREM NOVO;;;;;;654.97;2
PA;SANTO ANTONIO DO TAUA;;;;;;654.97;2
PA;SAO CAETANO DE ODIVELAS;;;;;;654.97;2
PA;SAO DOMINGOS DO ARAGUAIA;;;;;;1201.01;2
PA;SAO DOMINGOS DO CAPIM;;;;;;654.97;2
PA;SAO FELIX DO XINGU;5930.09;4173.00;3512.99;5930.09;4173.00;3512.99;1
PA;SAO FRANCISCO DO PARA;;;;;;654.97;2
PA;SAO GERALDO DO ARAGUAIA;;;;;;1201.01;2
PA;SAO JOAO DA PONTA;;;;;;654.97;2
PA;SAO JOAO DE PIRABAS;;;;;;654.97;2
PA;SAO JOAO DO ARAGUAIA;;;;;;1201.01;2
PA;SAO MIGUEL DO GUAMA;;;;;;654.97;2
PA;SAO SEBASTIAO DA BOA VISTA;;;;;;654.97;2
PA;SAPUCAIA;;;;;;823.09;2
PA;SENADOR JOSE PORFIRIO;;;;;;823.09;2
PA;SOURE;;;;;;654.97;2
PA;TAILANDIA;;;;;;654.97;2
PA;TERRA ALTA;;;;;;654.97;2
PA;TERRA SANTA;;;;;;823.09;2
PA;TOME-ACU;;;;;;443.82;2
PA;TRACUATEUA;;;;;;654.97;2
PA;TRAIRAO;3307.93;2646.35;1984.76;3307.93;2646.35;1653.97;1
PA;TUCUMA;;;;;;823.09;2
PA;TUCURUI;;;;;;654.97;2
PA;ULIANOPOLIS;4006.79;3606.11;3205.43;2804.75;2404.07;2003.40;1
PA;URUARA;;;;;;823.09;2
PA;VIGIA;;;;;;654.97;2
PA;VISEU;;;;;;654.97;2
PA;VITORIA DO XINGU;;;;;;823.09;2
PA;XINGUARA;7438.01;5206.71;4462.81;7438.01;5206.71;4462.81;1
PB;BORBOREMA;10000.00;9000.00;7500.00;8500.00;7000.00;6000.00;1
PB;ITABAIANA;34917.31;25459.27;22075.77;11113.90;11112.90;6659.32;1
PE;GRAVATA;25833.33;19891.67;15241.67;13433.33;12400.00;10850.00;1
PI;AGUA BRANCA;16350.00;13579.00;9879.00;14206.00;8786.00;3906.00;1
PI;ANTONIO ALMEIDA;10000.00;7000.00;3500.00;5000.00;3000.00;2000.00;1
PI;AROAZES;1128.23;1006.51;856.84;1006.51;875.60;666.51;1
PI;BAIXA GRANDE DO RIBEIRO;18000.00;12000.00;8000.00;8500.00;5000.00;1500.00;1
PI;BERTOLINIA;1777.35;1421.88;1139.60;909.60;731.85;355.47;1
PI;BOM JESUS;18538.00;12738.00;8550.00;7750.00;6550.00;1950.00;1
PI;BOQUEIRAO DO PIAUI;3000.00;2700.00;2400.00;2100.00;1800.00;1500.00;1
PI;COCAL;2409.44;855.06;855.06;1496.45;1478.23;1814.18;1
PI;CORRENTE;19000.00;12000.00;9600.00;2500.00;6500.00;3500.00;1
PI;CRISTINO CASTRO;10000.00;8000.00;6000.00;6000.00;4000.00;3000.00;1
PI;CURRAIS;6340.00;4350.00;3560.00;1970.00;1600.00;;1
PI;GILBUES;22000.00;12000.00;10000.00;6000.00;2000.00;1500.00;1
PI;JERUMENHA;2500.00;2000.00;1300.00;1800.00;1750.00;1400.00;1
PI;LANDRI SALES;4675.00;3740.00;2997.50;2392.50;1925.00;935.00;1
PI;MIGUEL ALVES;2380.00;1904.00;1526.00;1218.00;980.00;476.00;1
PI;MONTE ALEGRE DO PIAUI;18000.00;12500.00;10100.00;7600.00;2800.00;1850.00;1
PI;PIRACURUCA;2571.25;2359.50;1648.63;1315.90;1058.75;514.25;1
PI;RIBEIRO GONCALVES;14078.96;11262.50;9026.57;7177.10;5797.22;2815.63;1
PI;SANTA FILOMENA;20000.00;17000.00;14449.50;7600.00;4500.00;2500.00;1
PI;SAO GONCALO DO PIAUI;4000.00;3197.00;2561.50;2036.67;1645.00;799.00;1
PI;SAO JOAO DO PIAUI;1358.00;861.00;588.00;630.00;525.00;472.50;1
PI;UNIAO;3248.22;2598.58;2208.69;1662.33;1337.50;898.04;1
PI;URUCUI;18450.00;12570.00;8230.00;8750.00;5100.00;1880.00;1
PR;ABATIA;85700.00;64800.00;55500.00;42800.00;32300.00;12000.00;2
PR;ADRIANOPOLIS;34000.00;28000.00;25000.00;20000.00;13000.00;8000.00;1
PR;AGUDOS DO SUL;55100.00;40000.00;30300.00;21000.00;12100.00;5400.00;2
PR;ALMIRANTE TAMANDARE;56700.00;40400.00;30900.00;20800.00;11800.00;4800.00;2
PR;ALTAMIRA DO PARANA;68100.00;55300.00;43300.00;35100.00;23600.00;11700.00;1
PR;ALTONIA;86962.44;76674.99;54508.85;49709.73;35335.57;18416.56;1
PR;ALTO PARANA;;63175.56;52055.01;41226.60;32016.00;10000.01;1
PR;ALTO PIQUIRI;80145.65;51235.59;34789.61;33317.03;24152.29;12622.49;1
PR;ALVORADA DO SUL;152444.76;126529.15;100613.54;80795.72;74697.93;71649.03;1
PR;AMAPORA;78105.00;74460.10;61859.16;49049.94;38740.08;27076.40;1
PR;AMPERE;90800.00;74100.00;58000.00;35200.00;23500.00;9200.00;1
PR;ANAHY;88000.00;68300.00;53400.00;39200.00;24100.00;13500.00;1
PR;ANDIRA;121263.56;103680.34;81852.90;54568.60;43654.88;21827.44;1
PR;ANGULO;95347.65;87043.50;79139.55;70935.45;46123.05;21010.50;1
PR;ANTONINA;46400.00;46400.00;33600.00;24800.00;16200.00;4400.00;2
PR;ANTONIO OLINTO;54800.00;40200.00;25600.00;19600.00;10300.00;4500.00;2
PR;APUCARANA;86531.10;59205.49;45542.68;36434.15;27325.61;18217.07;1
PR;ARAPONGAS;145000.00;114800.00;94500.00;69300.00;50300.00;25200.00;1
PR;ARAPOTI;60371.78;57353.19;45278.84;33204.48;30185.89;12074.36;1
PR;ARAPUA;87379.90;62651.70;53196.80;37611.80;30858.30;13195.30;1
PR;ARARUNA;65300.00;52700.00;41600.00;34100.00;23000.00;11200.00;1
PR;ARAUCARIA;70900.00;50200.00;39000.00;25400.00;13800.00;5700.00;1
PR;ARIRANHA DO IVAI;80000.00;60000.00;46900.00;36400.00;30400.00;12600.00;1
PR;ASSAI;100000.00;85000.00;65000.00;40000.00;30000.00;15000.00;1
PR;ASSIS CHATEAUBRIAND;95500.00;71400.00;55200.00;35400.00;24800.00;20282.66;1
PR;ASTORGA;88651.24;84218.68;66488.43;48758.18;44223.28;26595.70;1
PR;ATALAIA;126258.86;84867.64;70688.28;51191.66;;12511.20;1
PR;BALSA NOVA;86600.00;61600.00;47200.00;31700.00;17700.00;7700.00;1
PR;BANDEIRANTES;109174.28;79252.44;66313.27;54991.49;38817.52;13343.52;1
PR;BARBOSA FERRAZ;118637.65;112705.77;84529.32;60570.00;32940.00;16290.00;1
PR;BARRACAO;91200.00;71100.00;56600.00;35400.00;23200.00;9200.00;2
PR;BARRA DO JACARE;95200.00;80900.00;66640.00;47600.00;38080.00;19040.00;1
PR;BELA VISTA DA CAROBA;93200.00;75800.00;59800.00;36300.00;24600.00;10300.00;2
PR;BELA VISTA DO PARAISO;121000.00;97600.00;79500.00;68800.00;58500.00;20800.00;1
PR;BITURUNA;75582.72;61119.83;45658.28;25630.90;16706.78;5603.52;1
PR;BOA ESPERANCA;88400.00;72100.00;56800.00;46200.00;31100.00;15300.00;2
PR;BOA ESPERANCA DO IGUACU;93700.00;75600.00;59800.00;36400.00;25100.00;9500.00;2
PR;BOA VENTURA DE SAO ROQUE;71610.68;52527.89;47706.98;38165.58;28624.19;19082.79;1
PR;BOA VISTA DA APARECIDA;86900.00;67700.00;50800.00;37900.00;23000.00;11400.00;2
PR;BOCAIUVA DO SUL;37500.00;37500.00;28000.00;17900.00;11300.00;4500.00;2
PR;BOM JESUS DO SUL;45400.72;33302.35;30245.93;24196.74;18147.55;12098.36;1
PR;BOM SUCESSO;55374.00;40607.61;36916.00;29532.80;22149.61;14766.40;1
PR;BOM SUCESSO DO SUL;102400.00;79000.00;64400.00;35100.00;22800.00;10400.00;2
PR;BORRAZOPOLIS;83000.00;60600.00;48800.00;37900.00;31500.00;13500.00;2
PR;BRAGANEY;87000.00;67500.00;52200.00;38700.00;23900.00;12900.00;2
PR;BRASILANDIA DO SUL;75700.00;53900.00;42000.00;35900.00;28600.00;15835.47;1
PR;CAFEARA;83000.00;66400.00;56000.00;48300.00;40100.00;14200.00;1
PR;CAFELANDIA;95722.15;76196.34;59553.31;44771.33;33924.12;20630.97;1
PR;CAFEZAL DO SUL;42800.00;42800.00;35400.00;32700.00;25300.00;11400.00;2
PR;CALIFORNIA;87400.00;70400.00;57100.00;42500.00;29200.00;15000.00;2
PR;CAMBARA;118300.00;90800.00;75000.00;59800.00;44000.00;32900.00;1
PR;CAMBE;133400.00;110000.00;94700.00;79300.00;67300.00;24300.00;1
PR;CAMBIRA;91000.00;71700.00;59200.00;43200.00;36200.00;15000.00;2
PR;CAMPINA DA LAGOA;83200.00;67800.00;53400.00;43500.00;29200.00;14500.00;1
PR;CAMPINA DO SIMAO;71200.00;49500.00;32100.00;22000.00;15000.00;6000.00;2
PR;CAMPINA GRANDE DO SUL;53400.00;38200.00;29400.00;20600.00;12000.00;4800.00;2
PR;CAMPO BONITO;87000.00;67500.00;52200.00;38700.00;23900.00;12900.00;2
PR;CAMPO DO TENENTE;58000.00;41500.00;31100.00;21700.00;12400.00;5400.00;2
PR;CAMPO LARGO;69601.00;46632.00;30624.00;20880.00;13920.00;6264.00;1
PR;CAMPO MAGRO;51500.00;38000.00;29000.00;19200.00;11300.00;4800.00;2
PR;CAMPO MOURAO;112038.20;79755.64;63468.53;50484.73;33685.50;26098.72;1
PR;CANDIDO DE ABREU;60371.78;51617.87;31574.44;24148.71;18111.53;8452.05;1
PR;CANDOI;103414.30;73692.02;43527.07;26205.18;17983.74;7673.34;1
PR;CANTAGALO;73100.00;50500.00;32300.00;22100.00;15600.00;6300.00;1
PR;CAPANEMA;91600.00;73900.00;57600.00;36200.00;24700.00;9300.00;2
PR;CAPITAO LEONIDAS MARQUES;88800.00;69200.00;51900.00;38700.00;23500.00;12700.00;2
PR;CARAMBEI;47613.43;40288.29;32963.14;25638.00;18312.86;13185.26;1
PR;CARLOPOLIS;62000.00;62000.00;50500.00;39300.00;29400.00;13400.00;2
PR;CASCAVEL;43450.00;37310.00;30170.00;23030.00;17710.00;17700.00;1
PR;CASTRO;39884.34;35895.91;29913.25;25924.82;21936.39;11965.29;1
PR;CATANDUVAS;88600.00;69800.00;53100.00;38900.00;23800.00;13000.00;2
PR;CENTENARIO DO SUL;83000.00;66400.00;56000.00;48300.00;40100.00;14200.00;1
PR;CERRO AZUL;36000.00;36000.00;27100.00;17700.00;10800.00;4200.00;2
PR;CEU AZUL;88800.00;69900.00;53100.00;38800.00;23800.00;13000.00;2
PR;CHOPINZINHO;52863.56;29474.74;21522.67;21522.67;10191.41;10191.41;1
PR;CIANORTE;77300.00;57700.00;48300.00;39100.00;29400.00;11800.00;1
PR;CIDADE GAUCHA;35200.00;26400.00;24200.00;24200.00;11000.00;11000.00;1
PR;CLEVELANDIA;95500.00;73700.00;60100.00;32800.00;21200.00;9600.00;2
PR;COLOMBO;73400.00;53900.00;44100.00;30000.00;16300.00;6000.00;2
PR;COLORADO;50400.00;45811.00;41233.00;19000.00;16254.00;16254.00;1
PR;CONGONHINHAS;92055.00;74800.00;56950.00;46665.00;44880.00;12410.00;1
PR;CONSELHEIRO MAIRINCK;56900.00;56900.00;44100.00;33100.00;26900.00;12800.00;2
PR;CONTENDA;61300.00;42400.00;32700.00;22000.00;12500.00;5300.00;2
PR;CORBELIA;39705.35;31346.33;22987.31;20897.56;12538.53;8359.02;1
PR;CORNELIO PROCOPIO;116128.54;99289.90;78386.76;52257.84;41806.27;20903.14;1
PR;CORONEL DOMINGOS SOARES;32694.65;28498.84;25883.27;17437.15;13077.86;8718.57;1
PR;CORONEL VIVIDA;75755.29;65542.16;50209.90;39639.40;23783.64;15855.76;1
PR;CORUMBATAI DO SUL;86940.00;61800.00;33005.00;29900.00;20660.00;20660.00;1
PR;CRUZEIRO DO IGUACU;93700.00;75600.00;59800.00;36400.00;25100.00;9500.00;1
PR;CRUZEIRO DO OESTE;45114.36;40602.92;33835.77;24812.90;20301.46;13534.31;1
PR;CRUZEIRO DO SUL;48300.00;48300.00;40000.00;31500.00;24500.00;8100.00;2
PR;CRUZ MACHADO;42700.00;42700.00;32800.00;18100.00;10700.00;4800.00;2
PR;CRUZMALTINA;83200.00;60800.00;49000.00;38100.00;31500.00;13500.00;2
PR;CURIUVA;55396.64;47364.12;37392.73;24928.49;19942.79;14957.09;1
PR;DIAMANTE DO NORTE;78400.00;74700.00;63200.00;49800.00;39000.00;12400.00;1
PR;DIAMANTE DO SUL;61100.00;50800.00;41000.00;22800.00;15900.00;6700.00;2
PR;DIAMANTE D'OESTE;80800.00;64400.00;50100.00;29800.00;19900.00;10400.00;2
PR;DOIS VIZINHOS;87049.01;69583.32;51558.73;34791.67;23893.08;8662.98;1
PR;DOURADINA;44100.00;44100.00;35400.00;32700.00;25300.00;11400.00;2
PR;DOUTOR CAMARGO;131367.60;104572.78;88892.08;57833.02;39827.32;26065.00;1
PR;ENEAS MARQUES;92200.00;73700.00;58000.00;36200.00;25100.00;9400.00;2
PR;ENGENHEIRO BELTRAO;86400.00;70400.00;55500.00;40500.00;30400.00;15000.00;1
PR;ESPERANCA NOVA;;65550.00;56695.00;52095.00;40595.00;18285.00;1
PR;ENTRE RIOS DO OESTE;91700.00;67600.00;53300.00;32800.00;22800.00;12300.00;2
PR;ESPIGAO ALTO DO IGUACU;71400.00;59100.00;48600.00;26600.00;17900.00;7800.00;2
PR;FAROL;119205.00;107058.00;89201.00;66000.00;45259.00;33360.00;1
PR;FAXINAL;82900.00;60800.00;49200.00;38600.00;31300.00;13500.00;2
PR;FAZENDA RIO GRANDE;61300.00;42400.00;32700.00;22000.00;12500.00;5300.00;2
PR;FENIX;125600.00;106400.00;86600.00;68300.00;55600.00;20220.00;1
PR;FERNANDES PINHEIRO;50342.76;36929.94;33532.03;26825.63;20119.22;13412.81;1
PR;FIGUEIRA;54900.00;54900.00;43100.00;32800.00;24900.00;10900.00;2
PR;FLORAI;107831.00;83857.00;55640.00;42568.00;34160.00;14600.00;1
PR;FLOR DA SERRA DO SUL;93700.00;75200.00;59300.00;36400.00;24400.00;9900.00;2
PR;FLORESTA;166175.00;132020.00;115920.00;81190.00;60375.00;22655.00;1
PR;FLORESTOPOLIS;125400.00;95095.00;78584.00;59878.50;42322.50;41277.50;1
PR;FLORIDA;109900.00;89300.00;82300.00;69000.00;49900.00;21200.00;1
PR;FORMOSA DO OESTE;91700.00;67600.00;52000.00;32800.00;22800.00;12300.00;2
PR;FOZ DO IGUACU;193041.60;154370.40;119786.40;92957.60;69063.20;42444.00;1
PR;FRANCISCO ALVES;74400.00;57100.00;49700.00;35900.00;28600.00;11400.00;2
PR;FRANCISCO BELTRAO;93700.00;76500.00;61500.00;38100.00;25500.00;12000.00;2
PR;FOZ DO JORDAO;47435.08;37448.75;27649.66;22032.35;16727.11;11109.80;1
PR;GENERAL CARNEIRO;34771.63;25499.20;23181.09;18544.87;13908.65;7211.89;1
PR;GODOY MOREIRA;79600.00;58000.00;46800.00;33000.00;28900.00;12700.00;2
PR;GOIOERE;100950.00;83200.00;59050.00;44350.00;32130.00;25110.00;1
PR;GOIOXIM;94050.00;67700.00;52600.00;30200.00;21500.00;12900.00;1
PR;GRANDES RIOS;77200.00;68292.31;59384.62;50476.92;38600.00;20784.62;1
PR;GUAIRA;80910.00;63810.00;46440.00;28620.00;20520.00;10980.00;1
PR;GUAIRACA;87400.44;75442.47;62589.31;49624.38;42693.79;29663.18;1
PR;GUAMIRANGA;83300.00;59300.00;41800.00;26900.00;16100.00;8000.00;2
PR;GUAPIRAMA;58100.00;58100.00;44100.00;32800.00;26900.00;11800.00;2
PR;GUAPOREMA;52500.00;52500.00;45600.00;36000.00;28200.00;10400.00;2
PR;GUARACI;59700.00;47800.00;40200.00;34800.00;28900.00;10200.00;2
PR;GUARANIACU;51136.36;38119.83;31663.22;20382.23;13553.72;7716.94;1
PR;GUARAPUAVA;114300.00;78400.00;45100.00;29800.00;19900.00;8300.00;1
PR;GUARAQUECABA;38600.00;38600.00;30400.00;21600.00;14300.00;4400.00;2
PR;GUARATUBA;67500.00;49600.00;39500.00;29400.00;18100.00;4400.00;2
PR;HONORIO SERPA;116500.00;89900.00;73300.00;40000.00;26000.00;11800.00;1
PR;IBAITI;86061.34;73152.14;61964.17;55939.87;38727.60;36145.76;1
PR;IBEMA;87700.00;69000.00;52300.00;38200.00;23400.00;12900.00;2
PR;IBIPORA;130903.61;111268.07;91632.53;78542.17;58906.63;32725.91;1
PR;ICARAIMA;37700.00;37700.00;35400.00;29400.00;25300.00;11400.00;2
PR;IGUARACU;75783.16;63440.11;55897.86;53318.00;45405.87;22539.44;1
PR;IGUATU;90400.00;70400.00;52800.00;39400.00;23800.00;13000.00;2
PR;IMBAU;47121.54;33067.75;28824.05;24800.81;19840.64;9920.33;1
PR;IMBITUVA;79100.00;59300.00;45600.00;25900.00;15300.00;8200.00;1
PR;INACIO MARTINS;77900.00;60600.00;43500.00;22200.00;12900.00;9400.00;2
PR;INAJA;;60000.00;50000.00;40000.00;31000.00;10000.00;1
PR;INDIANOPOLIS;53100.00;53100.00;45700.00;36000.00;28200.00;11400.00;2
PR;IPIRANGA;41213.77;32537.19;23860.61;21691.46;17353.17;13014.88;1
PR;IPORA;59500.00;44100.00;35400.00;32700.00;25300.00;11400.00;2
PR;IRACEMA DO OESTE;91700.00;67600.00;52000.00;32800.00;22800.00;12300.00;2
PR;IRATI;66951.81;56403.60;43877.61;25857.75;15602.55;8790.17;1
PR;IRETAMA;86915.33;59950.33;51645.67;43325.33;40192.67;11409.00;1
PR;ITAGUAJE;62400.00;54200.00;45300.00;37400.00;37400.00;10800.00;2
PR;ITAIPULANDIA;127200.00;100200.00;77300.00;56800.00;56800.00;21100.00;1
PR;ITAMBARACA;102435.40;87582.27;69143.89;46095.93;36876.74;18438.37;1
PR;ITAMBE;94500.00;75000.00;63000.00;42300.00;32800.00;13900.00;2
PR;ITAPEJARA D'OESTE;95900.00;73900.00;60300.00;32900.00;21300.00;9700.00;2
PR;ITAPERUCU;33100.00;33100.00;25000.00;16900.00;10400.00;4200.00;2
PR;ITAUNA DO SUL;55350.00;45360.00;35505.00;32400.00;23220.00;9050.00;1
PR;IVAI;98600.00;71900.00;51300.00;33700.00;23500.00;7600.00;2
PR;IVAIPORA;81100.00;60500.00;47400.00;37100.00;30200.00;13400.00;2
PR;IVATE;36400.00;36400.00;31500.00;29400.00;25300.00;11400.00;2
PR;IVATUBA;103100.00;81600.00;71200.00;50300.00;37400.00;14200.00;2
PR;JABOTI;56900.00;56900.00;44100.00;33100.00;26900.00;12800.00;2
PR;JACAREZINHO;45452.34;33331.72;28786.48;24241.25;20453.55;13635.70;1
PR;JAGUAPITA;86300.00;69300.00;56500.00;49100.00;41800.00;14800.00;1
PR;JAGUARIAIVA;41228.73;37238.83;26599.17;23939.26;22609.29;8727.60;1
PR;JANDAIA DO SUL;118000.00;92300.00;73400.00;49300.00;39300.00;16800.00;1
PR;JANIOPOLIS;105000.00;84000.00;56500.00;52300.00;36200.00;18900.00;1
PR;JAPIRA;56900.00;56900.00;44100.00;33100.00;26900.00;12800.00;2
PR;JAPURA;115300.00;86100.00;71300.00;56600.00;42200.00;17300.00;1
PR;JARDIM ALEGRE;78800.00;60300.00;47300.00;36400.00;29900.00;13700.00;1
PR;JARDIM OLINDA;78750.00;66360.00;55020.00;42945.00;39960.00;34650.00;1
PR;JATAIZINHO;112690.13;83954.15;70544.02;57922.73;45301.44;14649.72;1
PR;JESUITAS;91700.00;67600.00;52000.00;32800.00;22800.00;12300.00;1
PR;JOAQUIM TAVORA;54900.00;54900.00;42800.00;32800.00;26200.00;11600.00;2
PR;JUNDIAI DO SUL;58100.00;58100.00;44100.00;32800.00;26900.00;11800.00;2
PR;JURANDA;130635.82;93078.02;78381.49;49151.73;35155.24;16329.48;1
PR;JUSSARA;130780.00;85900.00;74160.00;58070.00;35000.00;18000.00;1
PR;KALORE;91000.00;71700.00;59200.00;43200.00;36200.00;15000.00;2
PR;LAPA;55885.45;38237.41;29413.39;24437.06;18327.79;12218.53;1
PR;LARANJAL;65535.31;59293.85;40569.48;31207.29;21845.10;9923.92;1
PR;LARANJEIRAS DO SUL;71700.00;59900.00;49900.00;27400.00;19600.00;7800.00;2
PR;LEOPOLIS;127490.00;121115.50;82868.50;63745.00;50996.00;31872.50;1
PR;LIDIANOPOLIS;108600.00;83600.00;65700.00;50700.00;41600.00;18000.00;1
PR;LINDOESTE;47214.06;44853.36;35410.55;27117.65;16270.59;10847.06;1
PR;LOANDA;56736.91;44792.30;32847.68;29861.53;21500.30;10750.15;1
PR;LOBATO;97250.00;73540.00;60030.00;43525.00;45023.00;20210.00;1
PR;LONDRINA;128562.00;98722.00;69811.00;48911.00;35467.00;22547.00;1
PR;LUIZIANA;118322.52;87506.27;74299.29;45400.00;35800.00;24212.77;1
PR;LUNARDELLI;78200.00;60200.00;47300.00;36500.00;30000.00;13000.00;2
PR;LUPIONOPOLIS;82900.00;66400.00;55900.00;48400.00;40100.00;14200.00;1
PR;MALLET;72200.00;59000.00;52700.00;21000.00;13700.00;9600.00;2
PR;MAMBORE;130252.88;114527.59;97689.66;65126.44;39075.86;31779.72;1
PR;MANDAGUACU;118990.00;76155.00;60900.00;48700.00;38900.00;19500.00;1
PR;MANDAGUARI;94500.00;75000.00;63000.00;42300.00;32800.00;13900.00;2
PR;MANDIRITUBA;57700.00;41500.00;31600.00;21700.00;12600.00;5500.00;2
PR;MANFRINOPOLIS;91200.00;71100.00;56600.00;34600.00;22800.00;9200.00;2
PR;MANGUEIRINHA;95500.00;73700.00;60100.00;32800.00;21200.00;9600.00;1
PR;MANOEL RIBAS;79100.00;62700.00;40700.00;31400.00;23500.00;10400.00;1
PR;MARECHAL CANDIDO RONDON;79278.80;57785.43;52764.44;42546.29;33120.92;23078.94;1
PR;MARIA HELENA;54241.65;48271.98;36950.19;30671.74;20482.14;12865.66;1
PR;MARIALVA;95400.00;75600.00;64700.00;43500.00;33500.00;14200.00;2
PR;MARILANDIA DO SUL;56103.15;50492.83;44882.51;37402.10;26929.51;26929.51;1
PR;MARILENA;48700.00;48700.00;40900.00;32500.00;25400.00;8400.00;2
PR;MARILUZ;84138.89;64880.18;46724.73;38991.45;28255.70;12472.43;1
PR;MARINGA;106500.00;84200.00;71400.00;51200.00;37900.00;14500.00;2
PR;MARIOPOLIS;98100.00;75700.00;61700.00;33600.00;21800.00;9900.00;2
PR;MARIPA;95500.00;72000.00;56500.00;35400.00;24800.00;12300.00;2
PR;MARMELEIRO;93700.00;75200.00;59300.00;36400.00;24400.00;9900.00;2
PR;MARQUINHO;48231.00;42850.00;37930.00;36420.00;24600.00;17157.00;1
PR;MARUMBI;91000.00;71700.00;59200.00;43200.00;36200.00;15000.00;2
PR;MATELANDIA;88300.00;68400.00;52800.00;39100.00;24000.00;13000.00;2
PR;MATINHOS;38600.00;38600.00;30400.00;21600.00;14300.00;4400.00;2
PR;MATO RICO;75100.00;58100.00;35300.00;27600.00;18900.00;7200.00;2
PR;MAUA DA SERRA;104600.00;84200.00;67300.00;46900.00;36200.00;18200.00;2
PR;MEDIANEIRA;88800.00;69000.00;53500.00;39800.00;24700.00;13200.00;2
PR;MERCEDES;91700.00;67600.00;53300.00;32800.00;22800.00;12300.00;2
PR;MIRADOR;74400.00;67100.00;56800.00;44400.00;35100.00;12100.00;1
PR;MIRASELVA;59700.00;47800.00;40200.00;34800.00;28900.00;10200.00;2
PR;MISSAL;159100.00;127200.00;100200.00;77300.00;35000.00;19100.00;1
PR;MOREIRA SALES;73000.00;59000.00;46600.00;34200.00;25800.00;12600.00;1
PR;MORRETES;67500.00;49600.00;39500.00;29400.00;18100.00;4400.00;2
PR;MUNHOZ DE MELO;82560.00;61440.00;50240.00;37120.00;29696.00;9200.00;1
PR;NOSSA SENHORA DAS GRACAS;82005.00;67830.00;57435.00;47460.00;35595.00;26000.00;1
PR;NOVA ALIANCA DO IVAI;74300.00;48500.00;40200.00;31500.00;24500.00;8100.00;2
PR;NOVA AMERICA DA COLINA;87800.00;65100.00;53800.00;43300.00;33700.00;12000.00;2
PR;NOVA AURORA;76200.00;63000.00;48900.00;35200.00;28300.00;23500.00;1
PR;NOVA CANTU;95225.01;69831.67;63483.34;50786.67;35709.38;22219.17;1
PR;NOVA ESPERANCA;89400.00;60800.00;50600.00;37000.00;37000.00;11200.00;2
PR;NOVA ESPERANCA DO SUDOESTE;94000.00;75500.00;58300.00;36300.00;24900.00;9500.00;2
PR;NOVA FATIMA;115000.00;94085.33;75751.25;61671.76;44218.63;29031.42;1
PR;NOVA LARANJEIRAS;37015.20;27151.40;24659.49;19727.59;14795.70;7268.06;1
PR;NOVA LONDRINA;;67700.00;56900.00;45000.00;35400.00;11700.00;1
PR;NOVA OLIMPIA;55225.15;49210.34;36687.91;30231.97;19571.48;12171.43;1
PR;NOVA SANTA BARBARA;88100.00;65000.00;54500.00;44200.00;35100.00;12000.00;2
PR;NOVA SANTA ROSA;69474.22;57155.53;34929.04;22693.52;22139.24;12142.59;1
PR;NOVA PRATA DO IGUACU;131200.00;107100.00;84900.00;51500.00;35100.00;14500.00;1
PR;NOVA TEBAS;51264.74;39402.96;34276.49;27441.19;20505.89;13670.60;1
PR;NOVO ITACOLOMI;87400.00;70400.00;57100.00;42500.00;29200.00;15000.00;2
PR;ORTIGUEIRA;;59112.33;45613.32;30877.24;19910.15;8382.68;1
PR;OURIZONA;135609.00;98635.00;84500.00;56584.00;39000.00;13900.00;1
PR;OURO VERDE DO OESTE;115100.00;98700.00;76000.00;56900.00;46500.00;12800.00;1
PR;PAICANDU;103100.00;81600.00;71200.00;50300.00;37400.00;14200.00;2
PR;PALMAS;98967.22;74225.41;59380.33;40464.36;24278.62;16185.74;1
PR;PALMEIRA;50663.36;40003.29;29343.23;26930.68;21320.13;16270.63;1
PR;PALMITAL;70600.00;55400.00;33800.00;28930.00;25000.00;7300.00;1
PR;PALOTINA;38780.85;34625.77;30470.68;26315.58;21467.98;11772.75;1
PR;PARAISO DO NORTE;74300.00;48500.00;40200.00;31500.00;24500.00;8100.00;2
PR;PARANACITY;;62000.00;49610.00;39700.00;29775.00;9262.00;1
PR;PARANAGUA;46400.00;46400.00;33600.00;24800.00;16200.00;4400.00;2
PR;PARANAPOEMA;77925.00;65665.00;54444.00;42495.00;40937.00;35845.00;1
PR;PARANAVAI;48300.00;48300.00;40000.00;31500.00;24500.00;8100.00;1
PR;PATO BRAGADO;91700.00;67600.00;53300.00;32800.00;22800.00;12300.00;2
PR;PATO BRANCO;104300.00;80400.00;65600.00;35700.00;23200.00;10500.00;2
PR;PAULA FREITAS;58000.00;43400.00;30000.00;20300.00;10900.00;4500.00;2
PR;PAULO FRONTIN;58000.00;46700.00;32000.00;18900.00;10300.00;5100.00;2
PR;PEABIRU;91676.00;74702.00;58876.00;47970.00;32308.00;15908.00;1
PR;PEROBAL;94055.75;64353.94;54843.66;41455.97;32130.58;14495.71;1
PR;PEROLA;40900.00;40900.00;35400.00;32700.00;25300.00;11400.00;2
PR;PEROLA D'OESTE;93200.00;75800.00;59800.00;36300.00;24600.00;10300.00;2
PR;PIEN;57600.00;41500.00;31600.00;21700.00;12600.00;5500.00;2
PR;PINHALAO;55900.00;55900.00;42100.00;33100.00;26100.00;12000.00;2
PR;PINHAL DE SAO BENTO;91200.00;71100.00;56600.00;34600.00;22800.00;9200.00;2
PR;PINHAO;77000.00;54800.00;32000.00;20800.00;14600.00;5800.00;2
PR;PIRAI DO SUL;41213.77;32537.19;23860.61;21691.46;17353.17;13014.88;1
PR;PIRAQUARA;53400.00;39100.00;31200.00;22100.00;12600.00;5300.00;2
PR;PITANGA;75500.00;58100.00;36300.00;27500.00;19500.00;7300.00;2
PR;PITANGUEIRAS;87100.00;70300.00;57200.00;49500.00;42100.00;15000.00;2
PR;PLANALTINA DO PARANA;85200.00;75300.00;62500.00;49500.00;38900.00;12800.00;1
PR;PLANALTO;91600.00;73900.00;57600.00;36200.00;24700.00;9300.00;2
PR;PONTA GROSSA;37964.62;27495.65;21715.54;14596.39;13548.42;12386.59;1
PR;PONTAL DO PARANA;38600.00;38600.00;30400.00;21600.00;14300.00;4400.00;2
PR;PORECATU;80000.00;61800.00;52100.00;43700.00;36900.00;13300.00;2
PR;PORTO AMAZONAS;98600.00;71900.00;51300.00;33700.00;23500.00;7600.00;2
PR;PORTO BARREIRO;78500.00;67000.00;56200.00;26900.00;20800.00;8500.00;2
PR;PORTO RICO;75390.00;75390.00;62580.00;49560.00;38955.00;25000.00;1
PR;PORTO VITORIA;49900.00;49900.00;35200.00;18300.00;10000.00;4100.00;2
PR;PRADO FERREIRA;81054.10;67545.08;49533.06;34222.84;26117.43;17111.42;1
PR;PRANCHITA;99200.00;82800.00;67000.00;39700.00;27400.00;11800.00;2
PR;PRESIDENTE CASTELO BRANCO;89400.00;60800.00;50600.00;37000.00;37000.00;11200.00;2
PR;PRIMEIRO DE MAIO;125000.00;102000.00;84000.00;68600.00;54000.00;21000.00;1
PR;PRUDENTOPOLIS;66400.00;44800.00;29700.00;18900.00;12300.00;4800.00;2
PR;QUARTO CENTENARIO;83500.00;68200.00;53600.00;44100.00;30300.00;21400.00;1
PR;QUATIGUA;104493.92;75704.74;60335.10;42733.80;30516.95;17238.76;1
PR;QUATRO BARRAS;53400.00;39100.00;31200.00;22100.00;12600.00;5300.00;2
PR;QUATRO PONTES;95500.00;71400.00;55200.00;34100.00;24800.00;12300.00;2
PR;QUEDAS DO IGUACU;43551.48;31945.90;29013.96;23211.17;17408.37;11605.58;1
PR;QUERENCIA DO NORTE;51500.00;51500.00;43200.00;34100.00;26000.00;8400.00;1
PR;QUINTA DO SOL;80000.00;65200.00;51500.00;37600.00;28200.00;13900.00;1
PR;QUITANDINHA;70665.00;60570.00;55522.50;45427.50;35332.50;30285.00;1
PR;RAMILANDIA;80100.00;62400.00;46900.00;34900.00;21100.00;11400.00;2
PR;RANCHO ALEGRE;129355.00;112835.00;96627.00;79275.00;64315.00;36261.00;1
PR;RANCHO ALEGRE D'OESTE;83200.00;67800.00;53400.00;43500.00;29200.00;14500.00;1
PR;REALEZA;94500.00;78000.00;61600.00;37700.00;25700.00;11200.00;2
PR;REBOUCAS;72900.00;60800.00;54000.00;21300.00;13900.00;10200.00;2
PR;RENASCENCA;99200.00;82800.00;67000.00;39700.00;27400.00;11800.00;2
PR;RESERVA;70800.00;70800.00;50400.00;33000.00;22900.00;7000.00;2
PR;RESERVA DO IGUACU;45278.84;33204.49;30185.89;24148.71;18111.53;12074.36;1
PR;RIBEIRAO CLARO;53600.00;53600.00;41100.00;30900.00;23600.00;11500.00;2
PR;RIBEIRAO DO PINHAL;116900.00;86200.00;72400.00;59100.00;47200.00;15800.00;1
PR;RIO AZUL;72600.00;60200.00;53400.00;21300.00;13800.00;9600.00;2
PR;RIO BOM;87400.00;70400.00;57100.00;42500.00;29200.00;15000.00;2
PR;RIO BONITO DO IGUACU;69100.00;58800.00;48000.00;25600.00;18900.00;7500.00;2
PR;RIO BRANCO DO IVAI;70100.00;56200.00;43100.00;32800.00;28300.00;12400.00;2
PR;RIO BRANCO DO SUL;49489.77;42313.76;33405.60;24497.44;17816.32;8908.16;1
PR;RIO NEGRO;56000.00;40900.00;29900.00;21200.00;12400.00;5500.00;2
PR;ROLANDIA;143904.00;114862.00;96023.00;78000.00;57520.00;22798.00;1
PR;RONCADOR;78900.00;64200.00;50500.00;41000.00;27600.00;15954.89;1
PR;RONDON;53100.00;53100.00;45700.00;36000.00;28200.00;11400.00;1
PR;ROSARIO DO IVAI;70300.00;57200.00;43700.00;32500.00;28300.00;12400.00;2
PR;SABAUDIA;104600.00;85100.00;68100.00;51400.00;36200.00;18200.00;2
PR;SALGADO FILHO;91200.00;71100.00;56600.00;34600.00;22800.00;9200.00;2
PR;SALTO DO ITARARE;55900.00;55900.00;42400.00;32800.00;26200.00;11800.00;2
PR;SALTO DO LONTRA;94500.00;77100.00;61100.00;37100.00;25300.00;10400.00;2
PR;SANTA AMELIA;85700.00;64800.00;55500.00;42800.00;32300.00;12000.00;2
PR;SANTA CECILIA DO PAVAO;88100.00;65000.00;54500.00;44200.00;35100.00;12000.00;2
PR;SANTA CRUZ DE MONTE CASTELO;70238.18;57872.06;46606.02;38179.40;31492.88;10656.98;1
PR;SANTA FE;85500.00;59400.00;49400.00;36600.00;36600.00;11100.00;2
PR;SANTA HELENA;91700.00;71400.00;52000.00;32000.00;22800.00;12300.00;2
PR;SANTA INES;62400.00;54200.00;45300.00;37400.00;37400.00;10800.00;2
PR;SANTA ISABEL DO IVAI;77900.00;71400.00;59600.00;47100.00;37000.00;34200.00;1
PR;SANTA IZABEL DO OESTE;94500.00;78000.00;61600.00;37700.00;25700.00;11200.00;2
PR;SANTA LUCIA;88800.00;69200.00;52000.00;38700.00;23500.00;12700.00;2
PR;SANTA MARIA DO OESTE;100400.00;78700.00;47700.00;35500.00;25100.00;10000.00;1
PR;SANTA MARIANA;116009.87;87007.40;69605.92;57890.91;40523.64;23156.36;1
PR;SANTA MONICA;85700.00;78400.00;64900.00;51950.00;41500.00;26000.00;1
PR;SANTANA DO ITARARE;69800.00;68300.00;52100.00;38800.00;29300.00;14100.00;1
PR;SANTA TEREZA DO OESTE;43227.99;34086.57;30170.94;25595.84;19454.49;13560.44;1
PR;SANTA TEREZINHA DE ITAIPU;159100.00;127200.00;100200.00;77300.00;56800.00;19100.00;1
PR;SANTO ANTONIO DA PLATINA;84500.00;63100.00;52400.00;38000.00;29100.00;13000.00;2
PR;SANTO ANTONIO DO CAIUA;78750.00;71339.00;59153.00;50400.00;45150.00;42000.00;1
PR;SANTO ANTONIO DO PARAISO;87700.00;64800.00;54200.00;43900.00;35000.00;11800.00;2
PR;SANTO ANTONIO DO SUDOESTE;93200.00;75800.00;59800.00;36300.00;24600.00;10300.00;2
PR;SANTO INACIO;81860.00;64975.00;54450.00;49503.00;;12000.00;1
PR;SAO CARLOS DO IVAI;80788.45;58401.17;43944.52;33919.81;25701.02;9882.08;1
PR;SAO JERONIMO DA SERRA;;87769.50;68545.80;57012.00;42510.00;12306.50;1
PR;SAO JOAO;66946.54;52852.53;43603.34;39639.40;37711.52;18498.39;1
PR;SAO JOAO DO CAIUA;64915.00;63616.69;52348.03;41898.91;38006.10;19976.25;1
PR;SAO JOAO DO IVAI;84600.00;67700.00;56400.00;38400.00;33600.00;15800.00;2
PR;SAO JOAO DO TRIUNFO;109420.81;74866.87;57589.90;46071.92;34553.94;23035.96;1
PR;SAO JORGE D'OESTE;94000.00;75500.00;58300.00;36300.00;24900.00;9500.00;2
PR;SAO JORGE DO IVAI;97301.87;76118.12;66301.91;43912.81;32807.22;12887.23;1
PR;SAO JORGE DO PATROCINIO;51000.00;51000.00;42000.00;48000.00;30000.00;12000.00;1
PR;SAO JOSE DA BOA VISTA;83500.00;61100.00;49800.00;35500.00;26100.00;11400.00;2
PR;SAO JOSE DAS PALMEIRAS;89100.00;70800.00;51300.00;29400.00;22200.00;12100.00;2
PR;SAO JOSE DOS PINHAIS;100200.00;71800.00;54300.00;35800.00;19200.00;7900.00;1
PR;SAO MANOEL DO PARANA;55854.56;42269.59;42269.59;37740.71;34784.06;32001.32;1
PR;SAO MATEUS DO SUL;65831.54;44371.85;35787.99;16709.08;13889.27;4292.13;1
PR;SAO MIGUEL DO IGUACU;91100.00;71400.00;52000.00;34100.00;22800.00;12300.00;1
PR;SAO PEDRO DO IGUACU;91700.00;71400.00;52000.00;34100.00;22800.00;12300.00;2
PR;SAO PEDRO DO IVAI;115900.00;94200.00;69800.00;52100.00;39600.00;22900.00;1
PR;SAO PEDRO DO PARANA;51800.00;51800.00;42900.00;34000.00;26700.00;8800.00;1
PR;SAO SEBASTIAO DA AMOREIRA;107400.00;78200.00;64200.00;51400.00;39400.00;12800.00;1
PR;SAO TOME;100000.00;95000.00;75000.00;65000.00;55000.00;25000.00;1
PR;SAPOPEMA;81000.00;61500.00;49500.00;40700.00;30600.00;10900.00;2
PR;SARANDI;103100.00;81600.00;71200.00;50300.00;37400.00;14200.00;2
PR;SAUDADE DO IGUACU;74800.00;57700.00;47100.00;25700.00;16700.00;7600.00;2
PR;SENGES;54645.23;43140.97;31636.71;28760.65;23008.52;17256.39;1
PR;SERRANOPOLIS DO IGUACU;97400.00;76800.00;58500.00;59900.00;59900.00;14500.00;2
PR;SERTANEJA;168000.00;127900.00;111000.00;77500.00;59000.00;17600.00;1
PR;SERTANOPOLIS;121720.00;91035.00;78115.00;61625.00;44925.00;17935.00;1
PR;SIQUEIRA CAMPOS;54900.00;54900.00;42800.00;32800.00;26200.00;11600.00;2
PR;SULINA;74800.00;57700.00;47100.00;25700.00;16700.00;7600.00;2
PR;TAMARANA;137300.00;116705.00;96110.00;68650.00;54920.00;27460.00;1
PR;TAMBOARA;107700.58;70688.28;58281.34;45561.62;35448.40;11677.12;1
PR;TAPEJARA;48800.00;48800.00;42000.00;35900.00;27300.00;11400.00;1
PR;TAPIRA;40900.00;40900.00;33500.00;32700.00;25300.00;11400.00;2
PR;TEIXEIRA SOARES;93800.00;65900.00;49800.00;30500.00;18100.00;8200.00;2
PR;TELEMACO BORBA;25756.77;24726.49;23181.09;20605.41;19575.14;18029.74;1
PR;TERRA BOA;71400.00;58000.00;45800.00;37200.00;25100.00;12400.00;1
PR;TERRA RICA;78750.00;74130.00;61425.00;48615.00;38220.00;28000.00;1
PR;TERRA ROXA;89010.74;80109.67;66758.06;57856.98;48955.91;27834.57;1
PR;TIBAGI;93007.69;63636.84;48951.42;39161.13;29370.85;19580.57;1
PR;TIJUCAS DO SUL;74700.00;54000.00;40900.00;28300.00;16700.00;7400.00;1
PR;TOLEDO;72641.34;63326.93;48438.17;40586.59;31918.92;16775.21;1
PR;TOMAZINA;55200.00;55200.00;42800.00;33500.00;26900.00;12200.00;1
PR;TRES BARRAS DO PARANA;87600.00;68800.00;52300.00;38700.00;22900.00;12200.00;2
PR;TUNAS DO PARANA;31800.00;31800.00;24100.00;16200.00;10200.00;4000.00;2
PR;TUNEIRAS DO OESTE;68400.00;50600.00;45800.00;35300.00;26600.00;10300.00;1
PR;TUPASSI;168935.00;114770.00;78300.00;47300.00;34400.00;17000.00;1
PR;TURVO;93000.00;62400.00;40900.00;26300.00;17300.00;6800.00;1
PR;UBIRATA;87000.00;71000.00;55900.00;45600.00;30700.00;15100.00;2
PR;UMUARAMA;;30679.00;26205.00;24755.00;22152.00;15800.00;1
PR;UNIAO DA VITORIA;50500.00;33700.00;25000.00;17800.00;10700.00;3500.00;2
PR;UNIFLOR;64849.70;58385.60;56300.40;54215.20;47438.30;21373.30;1
PR;URAI;90400.00;67700.00;56600.00;46200.00;36100.00;12000.00;2
PR;WENCESLAU BRAZ;117800.00;91900.00;71900.00;50100.00;38500.00;18600.00;1
PR;VENTANIA;65097.59;51392.84;37688.08;34261.89;27409.51;13704.76;1
PR;VERA CRUZ DO OESTE;88200.00;69600.00;53100.00;39200.00;24200.00;13000.00;2
PR;VERE;99900.00;83400.00;67400.00;40600.00;27600.00;12000.00;2
PR;ALTO PARAISO;39000.00;39000.00;33500.00;29400.00;25300.00;11400.00;2
PR;DOUTOR ULYSSES;33500.00;33500.00;24800.00;16600.00;10000.00;4200.00;2
PR;VIRMOND;70300.00;58700.00;47400.00;26200.00;19600.00;7600.00;2
PR;VITORINO;134600.00;79980.46;54140.62;44296.87;21818.75;14697.26;1
PR;XAMBRE;;52500.00;46600.00;40900.00;35300.00;15900.00;1
RJ;ANGRA DOS REIS;3810.00;3175.00;2855.00;3020.00;2545.00;2545.00;2
RJ;APERIBE;4140.00;3440.00;3105.00;3265.00;2760.00;2760.00;2
RJ;ARARUAMA;5690.00;4735.00;4275.00;4500.00;3790.00;3790.00;2
RJ;AREAL;3810.00;3175.00;2855.00;3020.00;2545.00;2545.00;2
RJ;ARMACAO DOS BUZIOS;5690.00;4735.00;4275.00;4500.00;3790.00;3790.00;2
RJ;ARRAIAL DO CABO;5690.00;4735.00;4275.00;4500.00;3790.00;3790.00;2
RJ;BARRA DO PIRAI;4475.00;3725.00;3350.00;3530.00;2985.00;2985.00;2
RJ;BARRA MANSA;6268.96;5171.20;4587.53;4907.00;4181.16;3942.66;1
RJ;BELFORD ROXO;5690.00;4735.00;4275.00;4500.00;3790.00;3790.00;2
RJ;BOM JARDIM;6895.00;5745.00;5175.00;5465.00;4595.00;4595.00;2
RJ;BOM JESUS DO ITABAPOANA;4990.00;4160.00;3735.00;3960.00;3325.00;3325.00;2
RJ;CABO FRIO;5690.00;4735.00;4275.00;4500.00;3790.00;3790.00;2
RJ;CACHOEIRAS DE MACACU;8255.00;6875.00;6190.00;6540.00;5500.00;5500.00;2
RJ;CAMBUCI;4990.00;4160.00;3735.00;3960.00;3325.00;3325.00;2
RJ;CARAPEBUS;7590.00;6325.00;5695.00;6015.00;5065.00;5065.00;2
RJ;COMENDADOR LEVY GASPARIAN;3120.00;2600.00;2335.00;2465.00;2075.00;2075.00;2
RJ;CAMPOS DOS GOYTACAZES;9085.00;7580.00;6820.00;7185.00;6050.00;6050.00;2
RJ;CANTAGALO;4990.00;4160.00;3735.00;3960.00;3325.00;3325.00;2
RJ;CARDOSO MOREIRA;5180.00;4310.00;3885.00;4110.00;3465.00;3465.00;2
RJ;CARMO;4660.00;3881.00;3490.00;3965.00;3105.00;3105.00;2
RJ;CASIMIRO DE ABREU;6895.00;5745.00;5175.00;5465.00;4595.00;4595.00;2
RJ;CONCEICAO DE MACABU;6895.00;5745.00;5175.00;5465.00;4595.00;4595.00;2
RJ;CORDEIRO;5280.00;4400.00;3970.00;4185.00;3520.00;3520.00;2
RJ;DUAS BARRAS;5685.00;4735.00;4275.00;4500.00;3790.00;3790.00;2
RJ;DUQUE DE CAXIAS;5690.00;4735.00;4265.00;4500.00;3790.00;3790.00;2
RJ;ENGENHEIRO PAULO DE FRONTIN;3105.00;2580.00;2320.00;2455.00;2070.00;2070.00;2
RJ;GUAPIMIRIM;8255.00;6875.00;6190.00;6540.00;5500.00;5500.00;2
RJ;IGUABA GRANDE;5690.00;4735.00;4265.00;4500.00;3790.00;3790.00;2
RJ;ITABORAI;8255.00;6875.00;6190.00;6540.00;5500.00;5500.00;2
RJ;ITAGUAI;5685.00;4735.00;4275.00;4500.00;3790.00;3790.00;2
RJ;ITALVA;4990.00;4160.00;3735.00;3960.00;3325.00;3325.00;2
RJ;ITAOCARA;4140.00;3440.00;3105.00;3265.00;2760.00;2760.00;2
RJ;ITAPERUNA;4990.00;4160.00;3735.00;3960.00;3325.00;3325.00;2
RJ;ITATIAIA;3105.00;2580.00;2320.00;2455.00;2070.00;2070.00;2
RJ;JAPERI;5675.00;4725.00;4245.00;4485.00;3785.00;3785.00;2
RJ;LAJE DO MURIAE;3810.00;3175.00;2855.00;3020.00;2545.00;2545.00;2
RJ;MACAE;7590.00;6325.00;5695.00;6015.00;5065.00;5065.00;2
RJ;MACUCO;4990.00;4160.00;3735.00;3960.00;3325.00;3325.00;2
RJ;MAGE;8255.00;6875.00;6190.00;6540.00;5500.00;5500.00;2
RJ;MANGARATIBA;5685.00;4735.00;4275.00;4500.00;3790.00;3790.00;2
RJ;MARICA;7595.00;6325.00;5695.00;6015.00;5065.00;5065.00;2
RJ;MENDES;3105.00;2580.00;2320.00;2455.00;2070.00;2070.00;2
RJ;MESQUITA;5690.00;4735.00;4265.00;4500.00;3790.00;3790.00;2
RJ;MIGUEL PEREIRA;3810.00;3175.00;2855.00;3020.00;2545.00;2545.00;2
RJ;MIRACEMA;3810.00;3175.00;2855.00;3020.00;2545.00;2545.00;2
RJ;NATIVIDADE;4140.00;3440.00;3105.00;3265.00;2760.00;2760.00;2
RJ;NILOPOLIS;5685.00;4735.00;4275.00;4500.00;3790.00;3790.00;2
RJ;NITEROI;8255.00;6875.00;6190.00;6540.00;5500.00;5500.00;2
RJ;NOVA FRIBURGO;6895.00;5745.00;5175.00;5465.00;4595.00;4595.00;2
RJ;NOVA IGUACU;5685.00;4735.00;4275.00;4500.00;3790.00;3790.00;2
RJ;PARACAMBI;5685.00;4735.00;4275.00;4500.00;3790.00;3790.00;2
RJ;PARAIBA DO SUL;3810.00;3175.00;2855.00;3020.00;2545.00;2545.00;2
RJ;PARATI;3810.00;3175.00;2855.00;3020.00;2545.00;2545.00;2
RJ;PATY DO ALFERES;3810.00;3175.00;2855.00;3020.00;2545.00;2545.00;2
RJ;PETROPOLIS;5685.00;4735.00;4275.00;4500.00;3790.00;3790.00;2
RJ;PINHEIRAL;4475.00;3725.00;3350.00;3530.00;2985.00;2985.00;2
RJ;PIRAI;4475.00;3725.00;3350.00;3530.00;2985.00;2985.00;2
RJ;PORCIUNCULA;4140.00;3440.00;3105.00;3265.00;2760.00;2760.00;2
RJ;PORTO REAL;4475.00;3725.00;3350.00;3530.00;2985.00;2985.00;2
RJ;QUATIS;3810.00;3175.00;2855.00;3020.00;2545.00;2545.00;2
RJ;QUEIMADOS;3335.00;2775.00;2495.00;2635.00;2900.00;2900.00;2
RJ;QUISSAMA;9085.00;7580.00;6820.00;7185.00;6050.00;6050.00;2
RJ;RESENDE;16350.00;14300.00;11500.00;11100.00;10400.00;8350.00;1
RJ;RIO BONITO;8255.00;6875.00;6190.00;6540.00;5500.00;5500.00;2
RJ;RIO CLARO;4475.00;3725.00;3350.00;3530.00;2985.00;2985.00;2
RJ;RIO DAS FLORES;4475.00;3725.00;3350.00;3530.00;2985.00;2985.00;2
RJ;RIO DAS OSTRAS;5685.00;4735.00;4275.00;4500.00;3790.00;3790.00;2
RJ;RIO DE JANEIRO;6895.00;5745.00;5175.00;5465.00;4595.00;4595.00;2
RJ;SANTA MARIA MADALENA;4475.00;3725.00;3350.00;3530.00;2985.00;2985.00;2
RJ;SANTO ANTONIO DE PADUA;3810.00;3175.00;2855.00;3020.00;2545.00;2545.00;2
RJ;SAO FRANCISCO DE ITABAPOANA;6895.00;5745.00;5175.00;5465.00;4595.00;4595.00;2
RJ;SAO FIDELIS;5685.00;4735.00;4275.00;4500.00;3790.00;3790.00;2
RJ;SAO GONCALO;8255.00;6875.00;6190.00;6540.00;5500.00;5500.00;2
RJ;SAO JOAO DA BARRA;8645.00;7195.00;6490.00;6840.00;5750.00;5750.00;2
RJ;SAO JOAO DE MERITI;5685.00;4735.00;4275.00;4500.00;3790.00;3790.00;2
RJ;SAO JOSE DE UBA;4990.00;4160.00;3735.00;3960.00;3325.00;3325.00;2
RJ;SAO JOSE DO VALE DO RIO PRETO;5350.00;4470.00;4025.00;4230.00;3570.00;3570.00;2
RJ;SAO PEDRO DA ALDEIA;5685.00;4735.00;4275.00;4500.00;3790.00;3790.00;2
RJ;SAO SEBASTIAO DO ALTO;4475.00;3725.00;3350.00;3530.00;2985.00;2985.00;2
RJ;SAPUCAIA;3810.00;3175.00;2855.00;3020.00;2545.00;2545.00;2
RJ;SAQUAREMA;5685.00;4735.00;4275.00;4500.00;3790.00;3790.00;2
RJ;SEROPEDICA;5685.00;4735.00;4275.00;4500.00;3790.00;3790.00;2
RJ;SILVA JARDIM;6895.00;5745.00;5175.00;5465.00;4595.00;4595.00;2
RJ;SUMIDOURO;4475.00;3725.00;3350.00;3530.00;2985.00;2985.00;2
RJ;TANGUA;8245.00;6875.00;6190.00;6540.00;5500.00;5500.00;2
RJ;TERESOPOLIS;5685.00;4735.00;4275.00;4500.00;3790.00;3790.00;2
RJ;TRAJANO DE MORAES;3105.00;2580.00;2320.00;2455.00;2070.00;2070.00;2
RJ;TRES RIOS;3810.00;3175.00;2855.00;3020.00;2545.00;2545.00;2
RJ;VALENCA;4475.00;3725.00;3350.00;3530.00;2985.00;2985.00;2
RJ;VARRE-SAI;3810.00;3175.00;2855.00;3020.00;2545.00;2545.00;2
RJ;VASSOURAS;4475.00;3725.00;3350.00;3530.00;2985.00;2985.00;2
RJ;VOLTA REDONDA;4990.00;4160.00;3735.00;3960.00;3325.00;3325.00;2
RO;ARIQUEMES;21567.60;18332.46;15097.32;11862.18;8627.04;5391.90;1
RO;CACOAL;32898.37;22509.42;17314.93;13851.96;10388.96;6925.97;1
RO;CEREJEIRAS;30278.33;24222.66;19378.13;10593.31;8474.65;899.28;1
RO;COLORADO DO OESTE;35061.18;23989.23;18453.26;10963.80;6077.76;4051.84;1
RO;CORUMBIARA;39937.61;35500.10;24406.31;20661.15;26625.07;13312.53;1
RO;JARU;31610.35;30029.83;23707.76;17385.69;15805.18;9483.11;1
RO;JI-PARANA;23944.17;18903.29;13862.42;10081.76;7561.32;5040.88;1
RO;MACHADINHO D'OESTE;22275.28;17817.11;15587.76;13588.65;11693.74;8908.55;1
RO;PIMENTA BUENO;25914.79;17731.17;13639.36;9533.74;7150.31;4766.87;1
RO;PORTO VELHO;21294.26;18738.95;16396.58;13841.27;10647.13;6388.28;1
RO;SANTA LUZIA D'OESTE;27033.13;18496.35;14227.96;10650.21;7987.66;5325.10;1
RO;VILHENA;30810.40;21567.28;11279.00;6767.40;4511.60;2255.80;1
RO;ALVORADA D'OESTE;8650.10;7240.61;5125.32;6412.18;5240.22;2673.51;1
RO;CAMPO NOVO DE RONDONIA;11728.97;9442.19;6261.20;7092.06;5360.42;1607.95;1
RO;CANDEIAS DO JAMARI;18429.08;12609.37;9699.52;7759.61;5819.71;3879.81;1
RO;CUJUBIM;20778.32;14216.74;10935.96;8748.76;6561.57;4374.38;1
RO;ITAPUA DO OESTE;17710.00;15053.50;12839.75;9740.50;7526.75;3415.09;1
RO;PARECIS;25662.18;17558.33;13506.41;10190.84;7643.13;5095.42;1
RO;SAO FRANCISCO DO GUAPORE;10798.72;9328.92;7849.09;7152.62;5173.71;2822.02;1
RO;THEOBROMA;19241.82;16355.55;13950.33;10582.99;8177.78;3710.49;1
RO;URUPA;17276.21;16412.40;12957.15;9501.92;8638.11;5182.86;1
RS;ACEGUA;14680.78;12233.83;10578.01;10614.20;8759.18;5419.93;1
RS;AGUA SANTA;42000.00;32000.00;24000.00;29000.00;24000.00;16000.00;1
RS;ALEGRETE;17270.00;13810.00;10530.00;8110.00;6730.00;2240.00;1
RS;ALMIRANTE TAMANDARE DO SUL;68530.00;52930.00;36110.00;25930.00;17220.00;11500.00;1
RS;ALPESTRE;35000.00;27000.00;22000.00;20000.00;14000.00;8000.00;1
RS;ALTO ALEGRE;51145.18;42674.66;38703.15;45269.09;37004.67;27822.42;1
RS;ANTONIO PRADO;48365.08;36266.31;24177.54;21155.35;18132.15;8097.74;1
RS;ARAMBARE;19723.00;16137.00;13716.45;13716.45;10060.00;7545.00;1
RS;ARROIO DOS RATOS;25854.33;22908.90;20727.10;17781.67;14181.70;6436.31;1
RS;ARROIO GRANDE;12922.02;11629.82;10106.45;9691.51;8399.31;6461.01;1
RS;AUGUSTO PESTANA;51040.24;40832.19;31144.55;23998.92;19915.70;14811.68;1
RS;BAGE;14057.02;12749.67;11442.33;10012.20;8582.09;4291.04;1
RS;BARAO DO TRIUNFO;20700.00;17900.00;15800.00;14200.00;9000.00;4000.00;1
RS;BARRACAO;63189.00;50538.00;37914.00;37914.00;25269.00;12634.50;1
RS;BARRA DO QUARAI;17236.00;16374.00;12927.00;9480.00;7756.00;5171.00;1
RS;BARRA DO RIBEIRO;19056.80;16438.68;12887.84;12887.84;9636.00;6424.00;1
RS;BOA VISTA DAS MISSOES;66552.75;53575.27;38267.76;36338.01;32353.91;25843.63;1
RS;BOA VISTA DO CADEADO;35640.00;29860.00;20860.00;16680.00;14180.00;11390.00;1
RS;BOA VISTA DO INCRA;41280.00;32182.06;27107.60;22000.00;22000.00;12000.00;1
RS;BOM JESUS;25485.87;18204.18;12742.94;12742.94;9557.21;6706.57;1
RS;BOSSOROCA;24178.48;21760.62;19584.56;17396.12;12355.71;8288.28;1
RS;BUTIA;25000.00;21000.00;17000.00;17584.00;14350.00;4110.00;1
RS;CACAPAVA DO SUL;13962.25;11165.57;9758.03;7805.75;5558.11;2787.72;1
RS;CACEQUI;15200.00;14600.00;9000.00;7500.00;6500.00;3500.00;1
RS;CACHOEIRA DO SUL;32000.00;25000.00;18500.00;16600.00;12500.00;7000.00;1
RS;CAIBATE;40950.00;37800.00;27300.00;26250.00;18900.00;6300.00;1
RS;CAMAQUA;25205.76;18613.50;12851.50;12858.00;9348.19;7013.17;1
RS;CAMPO NOVO;63638.20;52931.61;44584.38;22303.12;14868.74;12727.63;1
RS;CAMPOS BORGES;40364.74;27678.68;18452.45;18452.45;13839.33;8072.94;1
RS;CANDIOTA;14818.05;13337.40;11340.23;10376.08;9652.97;5922.63;1
RS;CANGUCU;15821.11;9449.71;8361.13;6803.11;4904.55;2373.22;1
RS;CAPAO BONITO DO SUL;52156.28;37362.78;28811.44;28592.17;20917.81;14354.56;1
RS;CAPAO DO CIPO;20203.35;17222.11;15291.95;14105.97;12873.10;12205.98;1
RS;CAPAO DO LEAO;28539.46;17653.43;14089.48;14089.48;9502.99;6747.52;1
RS;CARAZINHO;59480.00;46970.00;34250.00;29990.00;27970.00;14747.00;1
RS;CASCA;52500.00;38850.00;29400.00;22050.00;16800.00;6500.00;1
RS;CAXIAS DO SUL;58420.96;40894.67;29210.48;15440.70;10293.80;5146.90;1
RS;CENTENARIO;25000.00;20000.00;17000.00;17000.00;15000.00;3000.00;1
RS;CERRITO;16342.43;14267.20;12970.18;12321.67;11413.76;7133.60;1
RS;CHAPADA;68870.00;52930.00;36120.00;22450.00;18700.00;11100.00;1
RS;CHARQUEADAS;37048.16;32622.94;14881.09;25737.90;21929.68;3892.04;1
RS;CHIAPETTA;60000.00;50000.00;35000.00;35000.00;30000.00;10000.00;1
RS;CONDOR;98149.37;70079.52;49741.69;43008.33;32353.92;19728.41;1
RS;CONSTANTINA;54985.00;47794.00;34917.00;44706.00;33779.00;27654.00;1
RS;COQUEIROS DO SUL;68540.00;52960.00;36130.00;25450.00;18670.00;11200.00;1
RS;CORONEL BICACO;64900.00;51000.00;41000.00;31700.00;29350.00;18540.00;1
RS;COXILHA;70500.00;65500.00;53500.00;49500.00;35500.00;26500.00;1
RS;CRISSIUMAL;52130.00;44680.00;29785.00;37235.00;25320.00;22340.00;1
RS;CRISTAL;20900.00;14600.00;10500.00;13450.00;11300.00;8400.00;1
RS;CRUZ ALTA;31948.00;29283.50;25042.00;20010.62;11491.54;6975.00;1
RS;CRUZALTENSE;110473.14;93454.88;78165.28;50964.57;51220.27;21226.53;1
RS;DILERMANDO DE AGUIAR;35296.68;24408.25;21279.65;21279.65;21279.65;15646.47;1
RS;DOM FELICIANO;14485.00;8057.00;4663.00;9447.00;8057.00;3518.00;1
RS;DOM PEDRITO;13548.31;10804.51;8103.37;6550.22;5402.25;4051.69;1
RS;ELDORADO DO SUL;41121.70;37009.52;28819.44;24736.73;20682.87;12409.72;1
RS;ENCRUZILHADA DO SUL;16114.00;13700.00;11330.00;8054.00;5026.00;3223.00;1
RS;ERECHIM;60000.00;52200.00;39000.00;48000.00;39000.00;20000.00;1
RS;HERVAL;17162.45;14759.71;12440.22;10016.29;7499.42;5168.41;1
RS;ESMERALDA;51000.00;39000.00;27000.00;26000.00;22500.00;8500.00;1
RS;ESPUMOSO;62377.79;44357.23;34654.11;27723.02;20791.93;13861.51;1
RS;FLORES DA CUNHA;43200.00;29700.00;19200.00;19200.00;17200.00;7800.00;1
RS;FONTOURA XAVIER;40780.31;32624.25;16311.27;30621.60;24468.15;5931.66;1
RS;FORMIGUEIRO;20179.84;17479.29;14387.18;14592.41;13003.65;10900.50;1
RS;FORTALEZA DOS VALOS;44642.85;37994.07;31368.49;26405.59;18332.02;8643.48;1
RS;GENTIL;35053.32;26007.30;19222.78;22615.04;19222.79;10176.77;1
RS;GIRUA;42686.77;32285.87;28251.13;24215.47;20178.53;8071.31;1
RS;GLORINHA;53782.12;37647.48;26891.06;25301.55;16867.70;8433.85;1
RS;GRAMADO;266900.00;240200.00;186800.00;213500.00;186800.00;186800.00;1
RS;GRAVATAI;52438.61;35879.05;27599.27;22079.42;16559.56;11039.71;1
RS;GUABIJU;56450.00;41330.00;31850.00;19250.00;12790.00;9000.00;1
RS;HORIZONTINA;127712.08;91687.10;62992.06;40815.01;30174.36;24202.83;1
RS;HULHA NEGRA;25000.00;18000.00;12000.00;25000.00;12000.00;3609.88;1
RS;HUMAITA;56267.36;33706.71;27340.56;25133.50;19039.22;11234.30;1
RS;IBIACA;52915.00;43646.00;32243.00;32243.00;20783.00;10616.00;1
RS;IBIRAIARAS;64686.60;32343.30;21029.80;21029.80;32343.30;9716.30;1
RS;IBIRAPUITA;52030.00;38000.00;29360.00;17740.00;11150.00;8660.00;1
RS;IBIRUBA;53000.00;42000.00;36000.00;33000.00;28000.00;7300.00;1
RS;INDEPENDENCIA;71000.00;64000.00;36000.00;32000.00;29000.00;22000.00;1
RS;ITAARA;45951.75;34559.26;28342.06;27890.30;26610.06;14783.15;1
RS;ITACURUBI;17805.68;13908.76;11601.23;10679.91;9166.76;5101.43;1
RS;ITAQUI;11285.37;9427.40;8051.14;6743.70;5367.42;3784.33;1
RS;JACUIZINHO;40000.00;35000.00;30000.00;25000.00;20000.00;15000.00;1
RS;JAGUARAO;18000.00;15000.00;12000.00;10000.00;10000.00;8000.00;1
RS;JAGUARI;22936.85;17202.64;12901.98;9676.48;7014.18;5443.03;1
RS;JARI;52000.00;30000.00;18000.00;15000.00;9000.00;8200.00;1
RS;JOIA;40327.92;36791.43;31597.64;26114.17;21061.08;18958.58;1
RS;JULIO DE CASTILHOS;40000.00;32000.00;27000.00;32000.00;27000.00;19000.00;1
RS;LAGOA DOS TRES CANTOS;66000.00;55000.00;48000.00;43000.00;36000.00;18000.00;1
RS;LAGOA VERMELHA;45629.43;30193.30;23252.53;22599.10;16915.85;10380.61;1
RS;LAVRAS DO SUL;19062.00;15054.00;13098.00;12919.00;10000.00;6780.00;1
RS;MANOEL VIANA;17916.25;14432.40;11020.80;8493.60;7056.00;2458.80;1
RS;MARAU;62600.00;47000.00;35500.00;27650.00;18800.00;7000.00;1
RS;MARIANA PIMENTEL;20849.90;18567.70;18346.00;16579.00;15251.60;11936.00;1
RS;MATO CASTELHANO;68540.00;52930.00;36110.00;26850.00;18650.00;10650.00;1
RS;MATO QUEIMADO;51503.50;39798.15;30433.88;37457.08;16387.47;7023.20;1
RS;MONTE ALEGRE DOS CAMPOS;40968.20;27312.10;16387.30;8421.60;4455.80;2632.00;1
RS;MORMACO;57555.81;46337.61;37530.00;32421.50;27064.57;15956.71;1
RS;MOSTARDAS;14574.39;12840.29;10787.04;8714.24;8363.39;6436.04;1
RS;MUITOS CAPOES;34300.00;31000.00;20500.00;17500.00;8500.00;5200.00;1
RS;NAO-ME-TOQUE;64953.18;57458.57;49963.98;44967.60;34974.49;24981.98;1
RS;NONOAI;60352.05;51299.23;38474.43;28855.82;20199.09;14139.35;1
RS;NOVA RAMADA;50125.00;39200.00;34590.00;25220.00;16610.00;10320.00;1
RS;NOVO HAMBURGO;41607.46;28468.26;21898.66;17518.93;13139.20;8759.47;1
RS;NOVO BARREIRO;58680.00;41990.00;30520.00;25800.00;16550.00;8580.00;1
RS;PALMARES DO SUL;23800.00;19800.00;13500.00;23800.00;20300.00;10200.00;1
RS;PALMEIRA DAS MISSOES;57563.40;49066.55;33593.30;32253.48;28771.90;23601.64;1
RS;PANAMBI;77363.47;58658.95;41372.39;36446.48;30935.20;18738.08;1
RS;PAROBE;22365.25;20285.15;18263.23;16745.10;16485.05;;1
RS;PASSO FUNDO;78941.38;69169.58;50722.86;58474.53;51162.02;23388.79;1
RS;PEDRAS ALTAS;13478.41;10782.73;10782.73;10782.73;7361.29;7361.29;1
RS;PEJUCARA;52367.11;46352.28;32273.81;40188.45;;20893.44;1
RS;PELOTAS;16000.00;13200.00;10400.00;10080.00;8200.00;3730.00;1
RS;PINHAL;40000.00;30000.00;20000.00;25000.00;18000.00;15000.00;1
RS;PINHAL DA SERRA;37000.00;31000.00;25300.00;20000.00;15000.00;6000.00;1
RS;PINHEIRO MACHADO;27899.96;19294.92;14224.67;12549.38;8569.92;4589.80;1
RS;PIRATINI;15000.00;11000.00;8000.00;13000.00;11000.00;11000.00;1
RS;POCO DAS ANTAS;21823.20;20784.00;19744.80;18705.60;11084.80;5542.40;1
RS;PONTAO;55577.50;;36704.80;;;14828.55;1
RS;PORTO LUCENA;29400.00;20450.00;12000.00;20300.00;17200.00;10700.00;1
RS;PORTO VERA CRUZ;35460.79;27186.61;23640.53;20330.86;16548.37;10874.64;1
RS;PORTO XAVIER;31425.00;22355.00;10860.00;10990.00;12520.00;7600.00;1
RS;QUARAI;7469.97;5808.84;4647.99;5404.68;5138.30;5286.32;1
RS;QUEVEDOS;36650.00;25700.00;14800.00;22500.00;12600.00;11500.00;1
RS;QUINZE DE NOVEMBRO;46446.09;42972.15;38898.89;36866.84;37951.81;31061.04;1
RS;REDENTORA;32000.00;24000.00;18500.00;16500.00;16000.00;14000.00;1
RS;RESTINGA SECA;22805.81;17203.03;12444.22;12353.50;9620.71;6273.56;1
RS;RIO GRANDE;12247.47;9798.98;7348.82;5510.35;4898.66;2450.16;1
RS;RIO PARDO;38486.16;36561.85;28864.62;20310.39;12186.23;10155.20;1
RS;RONDA ALTA;90000.00;80000.00;60000.00;57000.00;53000.00;30000.00;1
RS;RONDINHA;68540.00;52930.00;36120.00;26520.00;18500.00;11100.00;1
RS;ROSARIO DO SUL;13908.08;11589.00;10409.45;8815.67;6647.29;4007.77;1
RS;SALDANHA MARINHO;56800.00;44300.00;34500.00;28200.00;23900.00;16600.00;1
RS;SALTO DO JACUI;66383.94;48655.35;33651.03;29548.24;24224.59;14299.27;1
RS;SANANDUVA;35000.00;27200.00;21800.00;22000.00;17000.00;7500.00;1
RS;SANTA BARBARA DO SUL;65681.84;52545.47;42036.38;33629.10;26903.28;13136.37;1
RS;SANTA CRUZ DO SUL;41495.80;33196.64;29047.04;24897.46;20747.89;10713.94;1
RS;SANTA MARIA;50713.29;42727.08;40274.54;30829.38;30505.63;22432.35;1
RS;SANTANA DA BOA VISTA;17885.78;12969.12;10507.88;9789.38;7603.78;4932.16;1
RS;SANTANA DO LIVRAMENTO;11227.29;10160.22;8920.77;10521.21;9824.90;779.42;1
RS;SANTA ROSA;52500.00;42500.00;36250.00;31250.00;26250.00;10625.00;1
RS;SANTA VITORIA DO PALMAR;10357.78;9416.17;8474.54;6591.32;4708.09;2824.85;1
RS;SANTIAGO;11759.00;9407.00;7559.00;5879.00;4787.00;3494.00;1
RS;SANTO ANGELO;42443.00;30325.00;26535.00;22745.00;18953.00;7020.00;1
RS;SANTO ANTONIO DA PATRULHA;35096.92;16978.97;6738.18;6141.57;4463.94;3736.93;1
RS;SANTO ANTONIO DAS MISSOES;21853.57;18318.77;13314.13;13428.77;12074.23;4269.72;1
RS;SANTO ANTONIO DO PLANALTO;68540.00;52960.00;36130.00;25450.00;18670.00;11200.00;1
RS;SANTO AUGUSTO;52000.00;45000.00;38000.00;34000.00;33000.00;32000.00;1
RS;SAO BORJA;14550.00;10570.00;10270.00;9250.00;9250.00;4880.00;1
RS;SAO FRANCISCO DE ASSIS;12912.60;10852.66;8971.92;8233.45;6648.31;4900.00;1
RS;SAO FRANCISCO DE PAULA;26178.29;18324.81;13089.15;10625.30;7083.54;3541.77;1
RS;SAO GABRIEL;17739.47;15051.58;12005.43;13080.54;11467.87;8242.53;1
RS;SAO JOAO DO POLESINE;45652.83;33867.10;23868.08;16725.95;14151.92;9837.24;1
RS;SAO JOSE DO NORTE;;16893.30;11803.74;9632.57;6342.09;5334.70;1
RS;SAO JOSE DO OURO;50312.50;40937.50;31562.50;31562.50;21250.00;12062.50;1
RS;SAO JOSE DOS AUSENTES;14181.94;9927.16;6165.07;6165.07;6165.07;3408.12;1
RS;SAO LOURENCO DO SUL;17440.00;10791.00;7848.00;7630.00;6976.00;3488.00;1
RS;SAO MARCOS;41750.00;28875.00;18875.00;19000.00;18000.00;7750.00;1
RS;SAO MARTINHO;65000.00;40000.00;30000.00;30000.00;20000.00;15000.00;1
RS;SAO MARTINHO DA SERRA;37941.93;27076.07;18228.21;15878.85;13052.27;10034.89;1
RS;SAO MIGUEL DAS MISSOES;24296.82;17454.36;12706.50;21264.50;15895.15;8538.13;1
RS;SAO NICOLAU;44247.86;43018.76;40566.69;36879.17;35651.10;23194.74;1
RS;SAO PEDRO DAS MISSOES;40000.00;37500.00;29000.00;27200.00;25350.00;22950.00;1
RS;SAO PEDRO DO SUL;28634.88;22841.40;18094.68;18814.78;15474.79;9890.47;1
RS;SAO SEBASTIAO DO CAI;105222.66;71994.45;55380.35;44304.28;33228.21;22152.14;1
RS;SAO SEPE;18919.45;16351.24;13681.53;11319.37;8552.17;7624.66;1
RS;SAO VICENTE DO SUL;15605.89;13300.49;11421.18;9925.74;9925.74;7260.62;1
RS;SEBERI;68535.00;52930.00;36111.00;25420.00;18650.00;10650.00;1
RS;SELBACH;60000.00;55000.00;50000.00;45000.00;40000.00;38000.00;1
RS;SERTAO;123000.00;94710.00;79950.00;70110.00;55350.00;35670.00;1
RS;SILVEIRA MARTINS;70860.93;45410.13;28888.84;19753.16;16300.37;11559.27;1
RS;SOLEDADE;48732.95;38603.70;30120.67;29142.06;22767.29;11202.98;1
RS;TAPEJARA;57750.00;39750.00;37510.00;31500.00;21000.00;15500.00;1
RS;TAPERA;49308.25;39446.60;31557.28;25147.20;20216.38;9861.65;1
RS;TAPES;17733.17;12413.68;10640.30;8866.89;7093.51;5320.11;1
RS;TAVARES;14800.00;12450.00;10000.00;9700.00;8800.00;12200.00;1
RS;TENENTE PORTELA;35700.00;21000.00;12600.00;12600.00;8400.00;3600.00;1
RS;TRES DE MAIO;60475.75;45382.77;25212.64;20054.63;15118.93;12095.15;1
RS;TRES PALMEIRAS;68484.60;47412.41;35559.30;32925.28;27657.23;21072.18;1
RS;TRINDADE DO SUL;75000.00;40000.00;25000.00;30000.00;20000.00;12000.00;1
RS;TRIUNFO;28806.32;19709.59;15161.22;8187.22;6140.42;4093.61;1
RS;TUPANCIRETA;30262.25;25363.08;19928.53;19957.72;16157.69;11355.89;1
RS;UNISTALDA;18341.38;9888.08;7917.87;7457.89;6235.32;4380.53;1
RS;URUGUAIANA;19796.18;17296.00;14120.00;10480.00;7980.00;6380.00;1
RS;VACARIA;79500.00;55000.00;42000.00;28500.00;21300.00;14200.00;1
RS;VERANOPOLIS;39000.00;29500.00;20000.00;20000.00;16000.00;7350.00;1
RS;VIAMAO;32512.05;30886.45;29260.85;28821.95;20175.37;14410.97;1
RS;VICTOR GRAEFF;59840.16;48014.59;38041.23;36189.03;29350.12;17453.37;1
RS;VILA FLORES;26000.00;22000.00;16500.00;11000.00;10500.00;3150.00;1
RS;VILA LANGARO;71500.00;47800.00;28700.00;20700.00;11200.00;7500.00;1
RS;VILA NOVA DO SUL;17312.44;13561.41;10536.11;7525.02;6777.74;3779.45;1
SC;ABELARDO LUZ;94670.00;74593.33;57379.48;45903.59;34427.69;22951.79;1
SC;AGUA DOCE;39315.03;22312.44;13397.45;22193.64;23514.86;23514.86;1
SC;AGUAS DE CHAPECO;;;;;;18000.00;2
SC;AGUAS FRIAS;64626.69;49981.30;27447.34;49981.30;30979.29;27447.34;1
SC;AGUAS MORNAS;34950.00;24875.00;20125.00;16625.00;16625.00;16625.00;1
SC;ALFREDO WAGNER;;;;;;20000.00;2
SC;ALTO BELA VISTA;;;;;;4000.00;2
SC;ANCHIETA;43677.24;29884.45;22988.02;18390.42;13792.80;9195.21;1
SC;ANGELINA;;;;;;8000.00;2
SC;ANITA GARIBALDI;41704.00;30138.63;18400.00;22878.13;11615.00;10548.52;1
SC;ANITAPOLIS;;;;;;5000.00;2
SC;ANTONIO CARLOS;;;;;;15000.00;2
SC;ARABUTA;;;;;;3000.00;2
SC;ARAQUARI;;;;;;20000.00;2
SC;ARROIO TRINTA;;;;;;5000.00;2
SC;ARVOREDO;39000.00;27000.00;23000.00;27000.00;24000.00;21000.00;1
SC;ASCURRA;;;;;;8000.00;2
SC;ATALANTA;;;;;;5000.00;2
SC;BANDEIRANTE;;;;;;8000.00;2
SC;BARRA BONITA;;;;;;7500.00;2
SC;BARRA VELHA;;;;;;20000.00;2
SC;BELA VISTA DO TOLDO;;;;;;16000.00;2
SC;BELMONTE;;;;;;10000.00;2
SC;BENEDITO NOVO;;;;;;10000.00;2
SC;BLUMENAU;;;;;;20000.00;2
SC;BOCAINA DO SUL;43718.30;34816.33;25624.33;15000.00;14466.54;7000.00;1
SC;BOM JARDIM DA SERRA;;;;;;10000.00;2
SC;BOM JESUS;;;;;;20000.00;2
SC;BOM JESUS DO OESTE;;;;;;20000.00;2
SC;BOM RETIRO;61666.67;45966.00;22937.20;36209.32;15000.00;7827.67;1
SC;BOTUVERA;;;;;;8000.00;2
SC;BRACO DO TROMBUDO;;;;;;7000.00;2
SC;BRUNOPOLIS;74380.17;45454.55;12396.69;21528.54;13807.93;8264.46;1
SC;CACADOR;58135.66;52322.09;43601.74;37788.18;26161.05;17440.70;1
SC;CAIBI;;;;;;10000.00;2
SC;CALMON;;;;;;4166.00;2
SC;CAMBORIU;136000.00;102000.00;78461.54;62769.23;47076.92;29750.00;1
SC;CAPAO ALTO;54249.53;25855.32;21289.80;20010.41;16011.20;12296.60;1
SC;CAMPO ALEGRE;71250.00;67725.00;53475.00;39225.00;35625.00;28500.00;1
SC;CAMPO BELO DO SUL;;;;;;8000.00;2
SC;CAMPO ERE;63650.55;50281.75;39682.15;31745.73;24927.92;17123.50;1
SC;CAMPOS NOVOS;40633.76;28874.72;12667.39;5240.80;5240.80;4612.39;1
SC;CANELINHA;;;;;;5000.00;2
SC;CANOINHAS;78610.60;44580.50;24793.00;24793.00;17682.25;16798.40;1
SC;CAPINZAL;;;;;;4000.00;2
SC;CAXAMBU DO SUL;;;;;;20000.00;2
SC;CERRO NEGRO;;;;;;12500.00;2
SC;CHAPECO;51462.37;35211.09;27072.31;21668.35;16251.25;27083.26;1
SC;COCAL DO SUL;;;;;;8000.00;2
SC;CONCORDIA;;;;;;4000.00;2
SC;CORDILHEIRA ALTA;;;;;;25000.00;2
SC;CORONEL FREITAS;;;;;;20000.00;2
SC;CORONEL MARTINS;;;;;;15000.00;2
SC;CORUPA;;;;;;5000.00;2
SC;CORREIA PINTO;53333.33;32462.38;19288.72;29430.68;16500.00;10929.58;1
SC;CRICIUMA;80000.00;60000.00;30000.00;18931.92;14198.94;9465.96;1
SC;CUNHA PORA;;;;;;10000.00;2
SC;CUNHATAI;;;;;;12000.00;2
SC;CURITIBANOS;51550.96;29650.22;19766.81;22237.68;19766.81;7166.97;1
SC;DESCANSO;;;;;;12000.00;2
SC;DIONISIO CERQUEIRA;;;;;;10000.00;2
SC;DONA EMMA;;;;;;5000.00;2
SC;DOUTOR PEDRINHO;;;;;;8000.00;2
SC;ENTRE RIOS;;;;;;25000.00;2
SC;FAXINAL DOS GUEDES;;;;;;22000.00;2
SC;FLOR DO SERTAO;;;;;;18000.00;2
SC;FORMOSA DO SUL;;;;;;12000.00;2
SC;FRAIBURGO;71801.22;44095.31;23600.74;44095.31;43314.86;8350.79;1
SC;FREI ROGERIO;51550.96;29650.22;19766.81;22237.68;19766.81;7166.97;1
SC;GALVAO;;;;;;15000.00;2
SC;GASPAR;156800.85;100795.59;39203.33;27996.17;27996.17;26346.22;1
SC;GRAO PARA;;;;;;7000.00;2
SC;GUABIRUBA;;;;;;10000.00;2
SC;GUARACIABA;;;;;;12000.00;2
SC;GUARAMIRIM;;;;;;10000.00;2
SC;GUARUJA DO SUL;51960.30;35547.59;27347.50;21878.00;16408.50;10938.98;1
SC;GUATAMBU;;;;;;30000.00;2
SC;IBICARE;;;;;;5000.00;2
SC;IBIRAMA;;;;;;10000.00;2
SC;ILHOTA;112096.78;76697.80;58998.31;47198.64;35398.98;23599.32;1
SC;IMBUIA;96765.06;76963.82;38888.49;29244.38;19736.71;9415.42;1
SC;INDAIAL;;;;;;15000.00;2
SC;IOMERE;;;;;;5000.00;2
SC;IPIRA;;;;;;4000.00;2
SC;IPORA DO OESTE;;;;;;8000.00;2
SC;IPUACU;;;;;;20000.00;2
SC;IPUMIRIM;;;;;;4000.00;2
SC;IRANI;;;;;;4000.00;2
SC;IRATI;;;;;;15000.00;2
SC;IRINEOPOLIS;72604.93;55179.75;42445.96;33956.77;25467.58;16132.00;1
SC;ITA;;;;;;7000.00;2
SC;ITAIOPOLIS;;;;;;12000.00;2
SC;ITAJAI;370896.53;223622.10;133522.76;66540.87;64240.11;64240.11;1
SC;ITAPEMA;182750.00;140250.00;107884.62;86307.69;64730.77;34000.00;1
SC;ITAPIRANGA;;;;;;10000.00;2
SC;ITAPOA;;;;;;50000.00;2
SC;JARAGUA DO SUL;;;;;;15000.00;2
SC;JARDINOPOLIS;;;;;;15000.00;2
SC;JOINVILLE;193956.72;155165.37;75643.12;56247.45;38791.34;25214.37;1
SC;JOSE BOITEUX;35000.00;20000.00;14000.00;11000.00;11000.00;7000.00;1
SC;JUPIA;;;;;;12000.00;2
SC;LACERDOPOLIS;;;;;;4000.00;2
SC;LAGES;49400.00;29700.00;18666.67;16008.33;19906.98;13261.00;1
SC;LAJEADO GRANDE;;;;;;20000.00;2
SC;LAURENTINO;100000.00;55000.00;27500.00;60000.00;35000.00;12000.00;1
SC;LAURO MULLER;;;;;;7000.00;2
SC;LEBON REGIS;;;;;;4560.00;2
SC;LINDOIA DO SUL;;;;;;4000.00;2
SC;LUIZ ALVES;85392.92;58426.74;44943.64;35954.92;26966.19;17977.46;1
SC;LUZERNA;;;;;;5000.00;2
SC;MACIEIRA;;;;;;6200.00;2
SC;MAFRA;;;;;;14800.00;2
SC;MAJOR GERCINO;;;;;;4000.00;2
SC;MAJOR VIEIRA;;;;;;16600.00;2
SC;MARAVILHA;;;;;;13000.00;2
SC;MAREMA;;;;;;25000.00;2
SC;MASSARANDUBA;;;;;;15000.00;2
SC;MATOS COSTA;;;;;;4250.00;2
SC;MIRIM DOCE;58673.42;15518.34;7404.02;7404.02;7404.02;1466.83;1
SC;MODELO;115000.00;78000.00;37000.00;55000.00;55000.00;29000.00;1
SC;MONDAI;;;;;;10000.00;2
SC;MONTE CASTELO;;;;;;12000.00;2
SC;MORRO GRANDE;;;;;;3000.00;2
SC;NOVA ERECHIM;;;;;;25000.00;2
SC;NOVA ITABERABA;;;;;;25000.00;2
SC;NOVA TRENTO;;;;;;8000.00;2
SC;NOVO HORIZONTE;;;;;;20000.00;2
SC;ORLEANS;;;;;;2000.00;2
SC;OTACILIO COSTA;56793.38;36250.00;25000.00;25155.95;21666.67;12055.45;1
SC;OURO;;;;;;4000.00;2
SC;OURO VERDE;;;;;;40000.00;2
SC;PAIAL;;;;;;10000.00;2
SC;PAINEL;;;;;;5000.00;2
SC;PALMA SOLA;;;;;;10000.00;2
SC;PALMEIRA;56250.00;40000.00;19333.33;29326.44;20666.67;9140.37;1
SC;PALMITOS;;;;;;15000.00;2
SC;PAPANDUVA;;;;;;16000.00;2
SC;PARAISO;;;;;;8000.00;2
SC;PASSOS MAIA;;;;;;15000.00;2
SC;PAULO LOPES;;;;;;5000.00;2
SC;PEDRAS GRANDES;;;;;;8000.00;2
SC;PERITIBA;;;;;;4000.00;2
SC;PESCARIA BRAVA;;;;;;5000.00;2
SC;BALNEARIO DE PICARRAS;97475.46;66693.74;51302.87;41042.30;30781.72;20521.15;1
SC;PINHALZINHO;;;;;;12000.00;2
SC;PINHEIRO PRETO;;;;;;10000.00;2
SC;PIRATUBA;;;;;;5000.00;2
SC;PLANALTO ALEGRE;;;;;;13000.00;2
SC;POMERODE;;;;;;10000.00;2
SC;PONTE ALTA;;;;;;8000.00;2
SC;PONTE ALTA DO NORTE;51550.96;29650.22;19766.81;22237.68;19766.81;7166.97;1
SC;PONTE SERRADA;;;;;;15000.00;2
SC;PORTO BELO;82854.14;56689.68;43607.44;34885.95;26164.47;17442.98;1
SC;PORTO UNIAO;62028.30;36053.30;23169.70;13714.80;11325.10;6545.70;1
SC;POUSO REDONDO;;;;;;5000.00;2
SC;PRESIDENTE CASTELLO BRANCO;;;;;;4000.00;2
SC;PRESIDENTE GETULIO;;;;;;7000.00;2
SC;PRINCESA;;;;;;7000.00;2
SC;QUILOMBO;92600.00;51000.00;26500.00;26500.00;25000.00;20750.00;1
SC;RANCHO QUEIMADO;;;;;;10000.00;2
SC;RIO DAS ANTAS;;;;;;7000.00;2
SC;RIO DO CAMPO;;;;;;5000.00;2
SC;RIO DOS CEDROS;;;;;;4000.00;2
SC;RIO FORTUNA;;;;;;5000.00;2
SC;RIO NEGRINHO;;;;;;18000.00;2
SC;RIO RUFINO;84583.33;45000.00;32500.00;16770.64;12741.50;8000.00;1
SC;RIQUEZA;38000.00;26000.00;20000.00;16000.00;12000.00;8000.00;1
SC;RODEIO;;;;;;5000.00;2
SC;ROMELANDIA;;;;;;10389.49;2
SC;SALETE;;;;;;8000.00;2
SC;SALTINHO;37686.28;30149.03;26380.40;22901.57;19085.96;9695.67;1
SC;SALTO VELOSO;;;;;;5000.00;2
SC;SANTA CECILIA;51550.96;29650.22;19766.81;22237.68;19766.81;7166.97;1
SC;SANTA HELENA;;;;;;9000.00;2
SC;SANTA ROSA DE LIMA;;;;;;6000.00;2
SC;SANTA TEREZINHA;64119.30;45799.20;30683.78;15731.60;15731.60;3128.12;1
SC;SANTA TEREZINHA DO PROGRESSO;;;;;;8000.00;2
SC;SANTIAGO DO SUL;;;;;;8000.00;2
SC;SANTO AMARO DA IMPERATRIZ;;;;;;10000.00;2
SC;SAO BERNARDINO;;;;;;15000.00;2
SC;SAO BENTO DO SUL;;;;;;18000.00;2
SC;SAO BONIFACIO;;;;;;5000.00;2
SC;SAO CARLOS;;;;;;18000.00;2
SC;SAO CRISTOVAO DO SUL;51550.96;29650.22;19766.81;22237.68;19766.81;7166.97;1
SC;SAO DOMINGOS;;;;;;12000.00;2
SC;SAO JOAO DO OESTE;;;;;;10000.00;2
SC;SAO JOAO BATISTA;;;;;;2000.00;2
SC;SAO JOAO DO ITAPERIU;;;;;;10000.00;2
SC;SAO JOAQUIM;50000.00;36612.25;24110.90;16961.20;22666.67;10666.67;1
SC;SAO JOSE DO CEDRO;;;;;;8000.00;2
SC;SAO JOSE DO CERRITO;39000.00;25000.00;22666.67;14864.88;15400.58;10000.00;1
SC;SAO LOURENCO DO OESTE;;;;;;15000.00;2
SC;SAO MIGUEL DA BOA VISTA;48000.00;30000.00;20000.00;;;12000.00;1
SC;SAO MIGUEL DO OESTE;;;;;;8000.00;2
SC;SAUDADES;;;;;;20000.00;2
SC;SEARA;;;;;;7000.00;2
SC;SERRA ALTA;122000.00;54000.00;23000.00;49000.00;23000.00;22000.00;1
SC;SUL BRASIL;;;;;;10000.00;2
SC;TAIO;;;;;;3000.00;2
SC;TIGRINHOS;91759.33;74488.33;54474.00;42293.00;26218.33;14931.00;1
SC;TIJUCAS;;;;;;10000.00;2
SC;TIMBO;;;;;;20000.00;2
SC;TIMBO GRANDE;;;;;;5000.00;2
SC;TREZE TILIAS;;;;;;7000.00;2
SC;TROMBUDO CENTRAL;;;;;;20000.00;2
SC;TUNAPOLIS;;;;;;8000.00;2
SC;UNIAO DO OESTE;;;;;;10000.00;2
SC;URUBICI;133333.33;110000.00;15639.00;24012.50;22937.20;10426.00;1
SC;URUPEMA;39233.00;21833.33;13750.00;13721.43;21555.56;9750.00;1
SC;URUSSANGA;;;;;;15000.00;2
SC;VARGEAO;;;;;;12000.00;2
SC;VIDAL RAMOS;;;;;;8000.00;2
SC;VIDEIRA;;;;;;6000.00;2
SC;VITOR MEIRELES;;;;;;5000.00;2
SC;XANXERE;137186.48;93864.43;72203.41;45629.96;34222.47;25465.23;1
SC;XAVANTINA;;;;;;7000.00;2
SC;XAXIM;;;;;;20000.00;2
SE;CARMOPOLIS;38030.00;31893.00;29253.00;15249.00;11405.80;9131.00;1
SE;CEDRO DE SAO JOAO;57837.81;55235.48;48391.24;57837.81;55235.48;17823.64;1
SE;ITABAIANA;;106680.29;;;90678.25;;1
SE;ITABAIANINHA;15051.52;9196.17;4647.06;9342.93;8950.28;4712.44;1
SE;ITAPORANGA D'AJUDA;26038.33;24736.42;19528.75;19218.37;17296.53;15374.69;1
SE;JAPARATUBA;38010.00;30652.00;29985.00;18590.00;33570.00;16080.00;1
SE;LAGARTO;57800.00;55100.00;48300.00;41100.00;44500.00;17900.00;1
SE;NOSSA SENHORA DAS DORES;19925.00;15725.00;11525.00;19925.00;11525.00;11525.00;1
SP;ADAMANTINA;27726.05;23576.12;20088.74;23373.68;17519.48;12554.57;1
SP;ADOLFO;48448.54;37789.86;30522.58;25677.72;17925.95;9689.70;1
SP;AGUAI;68792.36;57374.28;49263.49;39886.59;34855.57;26050.40;2
SP;AGUAS DA PRATA;65459.03;47374.28;37596.82;33219.92;26522.24;19383.74;2
SP;AGUAS DE LINDOIA;59842.47;51096.29;43281.49;39514.82;31063.76;24390.31;2
SP;AGUAS DE SANTA BARBARA;44724.00;38885.26;33756.43;30250.56;24157.22;20385.49;1
SP;AGUAS DE SAO PEDRO;46038.95;38257.72;31513.98;24251.50;17507.77;10634.35;2
SP;AGUDOS;35447.35;31381.69;25812.73;23242.72;20062.82;17307.20;1
SP;ALAMBARI;39475.42;33869.64;28041.36;26098.06;22639.75;17010.38;2
SP;ALFREDO MARCONDES;32621.20;28776.62;25346.92;22897.16;18495.74;14384.43;2
SP;ALTAIR;49912.67;42675.33;33691.05;26104.33;23708.52;17968.56;1
SP;ALTINOPOLIS;57564.37;47920.78;40039.33;33443.47;29276.41;21204.03;1
SP;ALTO ALEGRE;55243.10;45202.72;40925.90;47864.53;38458.62;28204.68;1
SP;ALUMINIO;61175.80;51096.29;41614.83;32848.15;24397.09;17723.64;2
SP;ALVARES FLORENCE;29365.17;27896.91;26502.07;25176.96;23918.11;23200.57;1
SP;ALVARES MACHADO;18629.11;17481.45;16293.80;15106.15;13951.83;11643.19;2
SP;ALVARO DE CARVALHO;56112.26;48788.22;43402.70;39818.83;36371.49;27596.47;1
SP;ALVINLANDIA;49822.21;43235.16;37499.17;34313.93;28034.79;18002.42;2
SP;AMERICANA;110234.80;93379.00;79556.38;69637.66;58726.00;46160.53;2
SP;AMERICO BRASILIENSE;34816.35;32422.71;30029.09;26136.70;18856.86;13191.61;1
SP;AMERICO DE CAMPOS;38034.35;32519.36;25673.18;21223.16;19017.17;15594.08;1
SP;AMPARO;63672.62;55093.23;47695.28;42735.26;37084.62;29261.87;1
SP;ANALANDIA;43158.49;38811.84;35114.27;33784.58;29825.60;27611.87;2
SP;ANDRADINA;36950.67;33255.60;29930.04;29630.74;28149.21;23926.82;1
SP;ANGATUBA;47671.88;43877.18;40013.28;37517.28;34183.95;27750.24;2
SP;ANHEMBI;38209.13;34529.59;30257.81;28706.52;27113.20;21488.81;1
SP;ANHUMAS;32060.00;28054.00;20026.00;18786.00;15369.00;9892.00;1
SP;APARECIDA;52125.70;44040.95;35930.16;29886.59;26022.24;47717.07;2
SP;APARECIDA D'OESTE;45095.08;38556.29;30439.18;23584.73;20292.78;16234.23;1
SP;APIAI;33439.34;28938.28;25287.67;22472.60;18509.28;15125.19;2
SP;ARACARIGUAMA;37024.82;32108.48;24976.25;21568.58;19178.44;16888.88;2
SP;ARACATUBA;51795.38;46615.84;38846.53;33666.99;28487.45;15538.61;1
SP;ARACOIABA DA SERRA;59463.30;51583.72;43071.42;37464.96;29632.25;22341.36;2
SP;ARAMINA;75104.11;62522.76;53614.14;41885.14;36365.51;28512.43;1
SP;ARANDU;42357.72;33523.83;28796.25;25521.64;21835.53;16641.81;1
SP;ARAPEI;41961.68;36878.41;32112.90;26662.89;20210.36;13949.35;2
SP;ARARAQUARA;37495.53;32621.11;28871.56;25871.91;22122.36;19122.72;1
SP;ARARAS;47838.73;42523.32;34550.19;29234.78;23919.36;18603.95;1
SP;ARCO-IRIS;19086.60;16687.81;14842.71;13615.32;11785.33;10531.20;2
SP;AREALVA;20552.36;17507.61;14404.20;12560.33;10651.01;9380.82;2
SP;AREIAS;18663.99;15524.41;13161.45;11902.74;9439.17;6379.92;2
SP;AREIOPOLIS;40506.25;37674.97;32680.25;30340.83;26199.77;21024.73;1
SP;ARIRANHA;45559.84;36447.87;30251.73;28739.15;26152.62;25891.10;1
SP;ARTUR NOGUEIRA;58848.34;47078.67;40958.45;32955.07;24268.66;18224.38;2
SP;ARUJA;104674.99;91737.64;78800.30;66496.82;50034.54;36981.40;2
SP;ASPASIA;43703.79;37775.19;33527.29;30495.78;24993.58;20006.52;2
SP;ASSIS;60356.00;53255.00;46155.00;39054.00;35504.00;24852.00;1
SP;ATIBAIA;68704.16;57871.52;47038.87;39955.88;29123.24;18290.60;2
SP;AURIFLAMA;30548.00;26729.50;22911.00;21001.75;17183.25;14510.30;1
SP;AVAI;36281.18;33156.58;30181.42;28092.39;24443.55;18827.88;1
SP;AVANHANDAVA;40927.86;34871.73;28225.61;33223.98;28403.97;19240.89;1
SP;AVARE;50096.72;44084.31;39807.67;36702.00;34609.73;23638.38;1
SP;BADY BASSITT;23387.76;19500.89;16851.72;16113.53;14551.42;13239.15;2
SP;BALBINOS;35927.23;31531.57;28239.50;24205.83;20044.07;16919.09;2
SP;BALSAMO;43940.00;37172.55;31746.67;27134.67;23214.47;18571.57;1
SP;BANANAL;40197.20;35512.29;31242.26;25872.50;19377.41;13585.76;2
SP;BARAO DE ANTONINA;62864.29;52144.75;42997.91;37242.71;29334.59;21432.68;2
SP;BARBOSA;43664.05;40273.98;34648.36;29082.90;20870.99;17587.39;1
SP;BARIRI;31173.49;26821.01;23984.49;21714.55;19444.60;17174.65;1
SP;BARRA BONITA;42000.00;;;;;;1
SP;BARRA DO CHAPEU;19809.56;18025.58;15832.69;15832.69;12673.63;11893.21;2
SP;BARRA DO TURVO;16295.13;14293.37;13016.10;12300.67;10392.06;8922.43;2
SP;BARRETOS;63796.83;57608.54;45457.14;39554.03;36364.19;30239.69;1
SP;BARRINHA;77368.54;60477.14;52784.66;47155.01;39711.61;32525.74;1
SP;BARUERI;35936.07;31659.99;27383.81;24948.51;17642.38;16452.99;2
SP;BASTOS;33154.75;29470.89;25787.03;18419.31;16577.37;13998.67;1
SP;BATATAIS;59831.06;56652.06;56652.06;56652.06;52790.04;31937.40;2
SP;BAURU;34863.87;30512.29;26575.59;23205.83;18577.41;15252.43;2
SP;BEBEDOURO;52900.00;50300.00;40200.00;39200.00;30700.00;25000.00;1
SP;BENTO DE ABREU;31422.57;26866.29;21210.22;15554.17;14140.15;11312.13;1
SP;BERNARDINO DE CAMPOS;57737.94;49077.25;40734.12;35438.68;28705.33;23251.32;1
SP;BERTIOGA;36081.65;31120.89;26160.29;21800.24;17730.87;14824.16;2
SP;BILAC;32537.76;29176.69;26072.79;25017.14;22586.47;15599.83;2
SP;BIRIGUI;33629.63;31185.68;28968.34;27066.95;22236.24;19003.71;1
SP;BIRITIBA-MIRIM;92005.95;75093.23;56028.61;47735.26;38751.29;29261.87;2
SP;BOA ESPERANCA DO SUL;44904.63;43407.81;37919.46;35823.92;28838.73;20705.24;1
SP;BOCAINA;33324.40;29991.96;26992.76;24293.49;21864.14;18584.52;1
SP;BOFETE;49970.99;39976.79;32481.14;27983.75;24485.78;17489.84;1
SP;BOITUVA;61880.13;55020.56;48142.99;38514.39;34387.85;26134.76;1
SP;BOM JESUS DOS PERDOES;77087.58;62248.67;53203.81;44938.41;37663.54;27693.19;2
SP;BOM SUCESSO DE ITARARE;31774.59;28078.29;24715.33;21019.04;20123.26;15080.78;1
SP;BORA;28457.34;25226.96;21793.03;19345.79;16744.15;14605.46;2
SP;BORACEIA;27199.07;23728.35;19996.60;18729.11;15899.59;14024.43;2
SP;BORBOREMA;29708.55;26863.00;24398.03;26863.00;20664.93;15387.09;1
SP;BOREBI;36600.00;31300.00;28200.00;28200.00;25600.00;25400.00;1
SP;BOTUCATU;50703.71;45820.94;40152.27;38093.69;35979.34;28515.76;1
SP;BRAGANCA PAULISTA;70828.96;59746.34;49163.67;42664.28;34248.23;20415.40;2
SP;BRAUNA;47719.56;38440.75;29161.95;23859.78;17232.06;10604.35;1
SP;BREJO ALEGRE;40000.00;36000.00;34000.00;36000.00;36000.00;36000.00;1
SP;BRODOWSKI;56218.57;50765.37;40083.84;33450.05;28109.28;21363.06;1
SP;BROTAS;25927.20;22782.88;20048.94;17965.94;15362.17;12237.67;1
SP;BURI;99337.96;67968.08;52283.14;41826.51;31369.88;20913.26;1
SP;BURITAMA;41219.16;35242.38;27822.93;25226.13;18548.62;14467.93;1
SP;BURITIZAL;106629.13;91039.80;76650.71;71233.64;61196.93;41452.72;2
SP;CABRALIA PAULISTA;43318.64;36820.83;31665.58;29213.93;25351.14;22816.03;1
SP;CABREUVA;52476.97;46178.81;39672.64;34004.29;32114.84;21829.77;2
SP;CACAPAVA;56049.29;45871.15;29691.31;26055.52;17814.79;15174.03;2
SP;CACHOEIRA PAULISTA;28935.83;20401.67;14988.00;14988.00;14988.00;8534.17;2
SP;CACONDE;46929.56;38951.47;34096.30;31384.32;24914.56;18247.40;2
SP;CAFELANDIA;50090.97;45081.87;36065.50;28672.07;25088.06;24084.54;1
SP;CAIABU;18834.11;16701.15;14770.54;13617.60;11005.11;9242.62;2
SP;CAIEIRAS;37931.76;33190.29;28448.82;24873.92;19041.13;16011.86;2
SP;CAIUA;48192.00;42409.00;40480.65;38553.00;30842.00;23131.80;1
SP;CAJAMAR;26999.31;25189.19;22235.84;21645.16;16805.50;15586.05;2
SP;CAJATI;13738.15;11490.13;9242.10;8752.05;4746.05;3622.04;2
SP;CAJOBI;47160.00;42444.00;37728.00;33012.00;30654.00;25938.00;1
SP;CAJURU;37914.25;33539.56;25998.34;21207.06;16915.63;12040.94;2
SP;CAMPINA DO MONTE ALEGRE;47671.88;43877.18;40013.28;37434.77;33003.26;26569.48;2
SP;CAMPINAS;75018.10;69659.67;58942.79;53584.36;48225.92;44534.15;2
SP;CAMPO LIMPO PAULISTA;69952.51;62948.53;53119.88;44764.23;38663.58;30307.93;2
SP;CAMPOS DO JORDAO;58355.70;50109.79;42498.17;37423.76;32349.36;21883.39;2
SP;CAMPOS NOVOS PAULISTA;57930.11;54514.31;38844.83;29970.36;23880.23;16950.49;1
SP;CANANEIA;13165.89;8438.17;6707.95;6391.13;4977.72;3795.78;2
SP;CANAS;52125.70;44040.95;35930.16;29886.59;26022.24;47717.07;2
SP;CANDIDO MOTA;40103.05;36207.54;27756.08;20790.70;15434.21;13673.98;1
SP;CANDIDO RODRIGUES;50557.20;44493.69;38834.11;35142.28;32611.92;28516.22;1
SP;CANITAR;50572.25;44503.58;34712.79;31588.64;22743.82;19787.12;1
SP;CAPAO BONITO;57328.16;49462.50;43059.44;35193.78;30187.07;21732.40;1
SP;CAPELA DO ALTO;47640.30;38638.70;26206.00;23879.95;18897.13;16541.38;2
SP;CAPIVARI;60174.72;51449.38;40617.94;30027.18;27078.62;21662.90;1
SP;CARAGUATATUBA;84152.84;73156.73;64672.97;52156.24;40889.40;27390.88;2
SP;CARAPICUIBA;23164.44;20672.43;18888.37;17642.34;15858.28;14612.29;2
SP;CARDOSO;49521.43;42093.21;36645.85;31693.71;26741.27;21789.42;1
SP;CASA BRANCA;43816.50;39860.51;37173.24;35839.91;33819.31;31465.37;2
SP;CASSIA DOS COQUEIROS;36087.81;31768.57;24681.60;20922.57;17275.11;12559.05;2
SP;CASTILHO;54472.29;49025.06;45593.31;41489.91;37340.92;29499.33;1
SP;CATANDUVA;41074.22;37569.59;32301.49;27294.01;23066.10;13231.56;2
SP;CATIGUA;51716.65;46544.99;41890.49;39795.96;35816.37;30443.91;1
SP;CEDRAL;40829.26;38131.98;33168.38;30546.34;22451.70;18433.98;1
SP;CERQUEIRA CESAR;53299.93;45304.94;38509.20;32732.82;24549.61;22094.65;1
SP;CERQUILHO;40604.80;29208.34;26359.22;23510.11;21230.81;17811.88;2
SP;CESARIO LANGE;51772.53;45613.27;39902.95;35649.66;33100.62;22816.46;2
SP;CHARQUEADA;49964.42;43718.86;36848.75;28104.98;27733.09;18736.65;1
SP;CLEMENTINA;45929.56;38951.47;33429.63;30550.99;24429.98;15998.41;2
SP;COLINA;134694.71;114490.50;103041.46;114490.50;71807.75;38163.50;1
SP;COLOMBIA;93715.00;84443.00;76515.00;67400.00;59600.00;47625.00;1
SP;CONCHAL;92695.71;63423.38;48797.22;39029.77;29272.33;19514.89;1
SP;CONCHAS;41006.53;37549.79;35113.82;34116.16;29882.68;24864.25;2
SP;CORDEIROPOLIS;95131.83;81050.47;68989.76;60587.23;52064.34;41725.44;2
SP;COROADOS;47000.00;39950.00;32900.00;28200.00;23500.00;20350.00;1
SP;CORONEL MACEDO;43702.77;36154.10;32722.87;27851.96;23072.40;17578.82;2
SP;CORUMBATAI;33084.55;26467.67;23159.18;19850.73;16542.27;13233.82;1
SP;COSMOPOLIS;55466.55;48302.92;43805.96;32525.99;27589.76;22654.50;2
SP;COSMORAMA;27100.00;24910.00;20962.00;20962.00;18172.00;17100.00;1
SP;COTIA;48953.63;42622.39;36348.30;26830.15;21829.16;16006.65;2
SP;CRAVINHOS;64005.95;53426.57;44028.61;37235.26;26084.62;19195.20;2
SP;CRISTAIS PAULISTA;54849.66;44419.79;36892.44;35013.79;24425.58;13639.96;1
SP;CRUZALIA;70769.77;55879.85;48329.42;44667.26;37215.95;26003.35;1
SP;CRUZEIRO;40671.66;34718.56;29098.80;23734.03;20296.66;14023.06;2
SP;CUBATAO;33790.05;29579.70;25492.59;23757.11;17554.51;16051.21;2
SP;CUNHA;61509.13;51096.29;43281.49;34514.82;27730.43;19390.31;2
SP;DESCALVADO;35616.70;31698.20;28849.51;24931.70;21013.85;17808.33;1
SP;DIADEMA;37003.70;31556.16;26644.91;24273.96;20406.27;16399.04;2
SP;DIRCE REIS;38455.34;34609.81;31148.83;27722.45;22177.96;17964.15;1
SP;DIVINOLANDIA;120362.89;91161.32;64375.48;58578.68;43237.42;29595.29;2
SP;DOBRADA;43459.00;41290.25;37449.38;33140.70;29767.65;20312.93;1
SP;DOIS CORREGOS;28099.50;24020.93;19528.82;18014.46;16056.56;13716.13;1
SP;DOLCINOPOLIS;42199.49;37603.74;33722.09;31021.85;25855.53;20686.93;2
SP;DOURADO;30033.48;26129.12;23125.78;20723.10;17719.75;14115.73;1
SP;DRACENA;28403.65;24100.07;20011.66;16676.38;13341.11;10005.83;1
SP;DUARTINA;24634.26;22937.30;21123.32;19953.01;16442.07;14686.60;2
SP;DUMONT;36462.91;31623.36;28232.54;24525.89;19750.18;15476.93;2
SP;ECHAPORA;34020.00;30240.00;26460.00;24570.00;20790.00;17010.00;1
SP;ELDORADO;87029.56;64494.66;51042.14;41912.01;34237.42;25595.29;2
SP;ELIAS FAUSTO;169686.20;142536.41;118780.34;105205.45;89933.69;79752.52;1
SP;ELISIARIO;50564.56;43232.70;34131.08;29074.62;27304.86;21489.94;1
SP;EMBAUBA;114962.46;95026.02;79128.47;70188.94;54315.49;39786.05;2
SP;EMBU DAS ARTES;67663.31;62467.09;53373.74;41659.75;32560.79;23682.14;2
SP;EMBU-GUACU;66027.02;57304.91;51475.35;43512.12;35663.16;26353.66;2
SP;EMILIANOPOLIS;25606.07;22650.45;20404.52;18053.03;13051.96;11086.64;2
SP;ENGENHEIRO COELHO;52631.55;44413.78;39081.81;34087.11;32863.65;31699.23;2
SP;ESPIRITO SANTO DO PINHAL;73840.07;57037.57;47942.84;39671.16;30576.43;21481.69;1
SP;ESPIRITO SANTO DO TURVO;80000.00;72000.00;70000.00;70000.00;58000.00;50000.00;1
SP;ESTRELA D'OESTE;45343.31;41262.41;33835.18;32820.12;32491.92;29242.73;1
SP;ESTRELA DO NORTE;51098.22;35768.75;29347.28;17608.37;11738.91;5869.46;1
SP;EUCLIDES DA CUNHA PAULISTA;31000.00;27550.00;24450.00;21832.00;19650.00;17500.00;1
SP;FARTURA;57328.40;49797.75;43779.30;37846.80;31812.51;18981.30;1
SP;FERNANDOPOLIS;41510.26;37605.80;33716.04;30352.15;27712.30;23726.13;1
SP;FERNANDO PRESTES;57836.83;49880.26;39013.36;34388.05;31632.10;22040.54;1
SP;FERNAO;44831.80;41704.00;37533.60;36491.00;31278.00;20852.00;1
SP;FERRAZ DE VASCONCELOS;121901.47;101712.33;82889.71;77970.99;62059.33;49493.86;2
SP;FLORA RICA;29961.00;28169.09;25846.60;23933.87;21394.26;14573.19;2
SP;FLOREAL;36052.57;31546.00;27039.43;24786.14;20279.57;17124.97;1
SP;FLORIDA PAULISTA;23011.80;20171.93;18026.35;16550.54;14145.46;11870.04;2
SP;FLORINEA;98613.00;77899.62;67319.61;62244.27;51888.23;36299.72;1
SP;FRANCA;36744.73;33268.53;28542.15;23679.46;19301.03;14218.42;2
SP;FRANCISCO MORATO;31956.14;29497.97;27039.81;24581.64;17807.41;16006.65;2
SP;FRANCO DA ROCHA;52146.94;46329.79;38868.24;33216.60;26620.21;19895.66;2
SP;GABRIEL MONTEIRO;51861.12;29944.64;23909.64;21419.92;16543.35;12397.24;1
SP;GALIA;59335.42;52537.96;45452.07;42335.60;35858.82;26556.92;1
SP;GARCA;48285.05;41020.50;40316.25;37576.15;37221.36;34320.00;1
SP;GASTAO VIDIGAL;18869.66;16959.64;15539.56;14029.26;12296.13;10785.83;2
SP;GAVIAO PEIXOTO;44526.17;42299.86;33394.63;32697.00;19618.20;16348.50;1
SP;GENERAL SALGADO;35988.31;30770.01;24292.11;22024.85;16194.74;12631.90;1
SP;GETULINA;39141.23;33465.75;26420.33;23954.43;17613.55;13738.57;1
SP;GLICERIO;66598.36;60138.32;47484.63;43022.54;31634.22;24641.39;1
SP;GUAICARA;34921.08;32738.51;25463.29;23644.48;18188.06;17824.30;1
SP;GUAIMBE;55085.22;48199.57;43609.13;45904.35;39018.70;32133.05;1
SP;GUAIRA;67412.97;62019.93;57301.02;43818.43;33706.48;26965.18;1
SP;GUAPIACU;31233.62;27393.18;24337.91;22022.57;18390.63;14820.49;2
SP;GUAPIARA;35118.99;29127.34;24751.48;21462.16;18479.52;15004.58;2
SP;GUARA;73539.94;59713.95;52373.21;38765.73;33226.17;26282.64;1
SP;GUARACAI;57800.00;49100.00;39200.00;44800.00;37200.00;31700.00;1
SP;GUARACI;61874.84;58477.68;47300.48;33189.36;20212.62;11041.38;1
SP;GUARANI D'OESTE;27935.76;24872.34;22196.15;20398.33;17631.62;14345.05;2
SP;GUARANTA;32852.26;25963.01;23001.75;22050.50;20951.47;18646.50;1
SP;GUARARAPES;45513.02;39829.04;34145.43;29570.53;23389.84;18488.10;2
SP;GUARAREMA;120234.80;105045.66;92889.71;84637.66;62059.33;47827.19;2
SP;GUARATINGUETA;81565.61;67172.80;51318.32;42697.10;37519.27;24638.97;2
SP;GUAREI;36923.85;31667.34;26430.84;21937.88;17963.10;13964.36;1
SP;GUARIBA;62000.00;54560.00;47120.00;40500.00;34000.00;28000.00;1
SP;GUARUJA;36094.06;30889.46;25870.39;23783.97;16928.58;15736.34;2
SP;GUARULHOS;35127.57;31494.14;28391.72;24870.06;18245.99;16485.13;2
SP;GUATAPARA;43801.29;37231.10;31646.43;26899.47;22864.55;18291.64;1
SP;GUZOLANDIA;33989.65;30590.68;23792.75;18694.30;16994.82;13595.86;1
SP;HERCULANDIA;21086.33;18667.15;16612.43;14110.03;11456.39;9437.93;2
SP;HOLAMBRA;123003.64;104567.00;89569.95;84651.09;77737.01;56238.35;1
SP;HORTOLANDIA;61277.87;53396.02;45228.57;39085.37;29917.53;21303.19;2
SP;IACANGA;34917.67;29680.02;25228.02;21443.81;18227.24;15493.16;1
SP;IACRI;18342.44;16242.82;14345.54;12209.27;9838.45;8109.29;2
SP;IARAS;50832.90;45937.70;40254.58;38190.76;36071.03;28588.43;1
SP;IBATE;37550.12;33678.98;29807.83;26710.91;22839.77;19742.85;1
SP;IBIRA;70562.68;59272.65;47982.62;36692.59;25402.57;14112.54;1
SP;IBIRAREMA;56354.97;50719.48;42857.95;40715.06;28704.12;24111.16;1
SP;IBITINGA;30611.17;27469.60;25887.08;24912.20;24487.04;20569.15;1
SP;IBIUNA;49543.65;42095.03;34646.41;29947.18;22140.51;17724.46;1
SP;ICEM;48887.12;41065.18;33243.24;25421.30;17599.36;9777.42;1
SP;IEPE;19568.00;18092.85;16469.36;15215.45;14519.53;13591.64;1
SP;IGARACU DO TIETE;43455.00;39254.00;35008.00;31862.00;29714.00;26586.00;1
SP;IGARAPAVA;80355.77;68178.09;56612.55;47937.62;44926.52;31037.37;1
SP;IGARATA;47232.06;42226.56;37198.36;34987.33;28502.27;16965.59;2
SP;IGUAPE;14935.57;12921.54;11163.97;10107.91;9278.16;8448.41;2
SP;ILHABELA;34853.26;31061.78;27194.38;25089.82;18238.06;16830.00;2
SP;ILHA COMPRIDA;17132.38;15560.23;13907.46;12698.12;11690.32;10480.98;2
SP;ILHA SOLTEIRA;53804.18;50037.89;45733.55;40891.18;39815.09;29592.30;1
SP;INDAIATUBA;258505.40;232654.86;197756.63;168093.14;142879.17;125733.67;1
SP;INDIANA;28620.01;24613.00;21114.85;18139.77;15045.26;13044.13;2
SP;INDIAPORA;30991.73;24793.38;19834.70;24793.38;15867.76;12694.20;1
SP;INUBIA PAULISTA;18675.78;16242.82;14345.54;13209.27;11838.45;9775.96;2
SP;IPAUSSU;86002.72;58843.97;45264.59;36211.67;27238.12;24619.07;1
SP;IPERO;62005.95;51759.90;46028.61;41068.59;35417.95;25928.53;2
SP;IPEUNA;35530.54;30512.29;26242.26;23539.16;18044.07;14419.09;2
SP;IPIGUA;30081.16;26170.61;23162.49;20756.00;17747.88;14138.14;1
SP;IPORANGA;8461.13;6177.81;4512.60;3948.53;3874.64;3800.76;2
SP;IPUA;150174.00;142665.31;112630.51;82595.70;75087.00;60069.60;1
SP;IRACEMAPOLIS;43189.44;39779.75;37506.62;33691.28;31482.39;26598.76;2
SP;IRAPUA;41942.15;38167.35;36250.00;35351.23;34332.64;33673.55;1
SP;IRAPURU;55459.03;47374.28;40930.16;36553.25;31522.24;21050.40;2
SP;ITABERA;61983.00;49586.78;46280.99;36776.86;33057.85;28099.17;1
SP;ITAI;53418.61;50213.49;39529.77;33653.72;26175.11;20833.25;1
SP;ITAJOBI;33081.86;30774.68;27604.79;25642.86;19490.47;16700.49;2
SP;ITAJU;30258.09;27449.00;26366.10;21663.45;19767.80;15504.83;1
SP;ITANHAEM;34503.33;24883.33;20906.67;9231.60;16706.33;15263.33;2
SP;ITAOCA;20047.94;18011.58;16689.35;15505.94;12715.66;10793.02;2
SP;ITAPECERICA DA SERRA;41681.55;36813.68;31868.43;28357.99;23031.92;18816.05;2
SP;ITAPETININGA;47671.88;43877.18;39902.95;30056.65;25258.65;19217.56;1
SP;ITAPEVA;56565.86;53142.31;47471.35;39378.01;37006.16;31486.93;1
SP;ITAPEVI;44637.09;37930.71;30035.84;25168.76;19113.19;17868.11;2
SP;ITAPIRA;93628.79;65540.15;50984.14;30590.49;20393.66;10196.83;1
SP;ITAPIRAPUA PAULISTA;17266.78;15540.10;13986.09;12587.48;11328.73;5664.36;1
SP;ITAPOLIS;39367.41;34568.18;32632.79;25202.17;19829.58;14457.50;1
SP;ITAPORANGA;60247.93;58947.08;53081.78;38889.82;35341.83;27735.56;1
SP;ITAPUI;42249.33;35911.93;30525.14;27472.63;24725.36;22252.83;1
SP;ITAPURA;43210.60;37407.77;29667.93;23539.11;18139.70;14419.53;2
SP;ITAQUAQUECETUBA;126901.47;108379.00;89556.38;84637.66;72059.33;51160.53;2
SP;ITARARE;60564.03;49440.03;41200.02;37454.56;32569.19;29312.26;1
SP;ITARIRI;17216.36;13894.56;9411.88;8810.64;7941.51;5619.72;2
SP;ITATIBA;87576.07;72121.47;56666.87;56555.87;41212.27;39151.65;1
SP;ITATINGA;49262.02;44518.08;39010.59;37010.55;34956.33;27704.96;1
SP;ITIRAPINA;35763.87;30645.62;26308.92;23572.50;18110.74;14452.43;1
SP;ITIRAPUA;59075.62;50214.28;45192.85;38413.92;30731.14;17824.06;1
SP;ITOBI;79132.28;64539.46;51818.32;43097.10;34485.94;27585.63;2
SP;ITU;105177.00;90100.00;72000.00;53200.00;48700.00;38500.00;1
SP;ITUPEVA;47147.90;41194.84;35956.19;33812.99;26550.47;19394.96;2
SP;ITUVERAVA;62530.38;52335.22;42140.04;35343.26;30585.52;22429.38;1
SP;JABORANDI;90335.22;77236.61;60976.27;44715.93;40650.85;32520.68;1
SP;JABOTICABAL;55059.17;46964.17;40067.04;35087.78;29295.08;23564.69;1
SP;JACAREI;53287.47;48926.71;42559.09;40684.83;33643.40;18330.65;2
SP;JACI;37585.73;34364.10;28994.71;28994.71;19329.80;18255.93;1
SP;JACUPIRANGA;23301.80;17543.01;11784.23;10684.34;9480.72;6025.45;2
SP;JAGUARIUNA;77572.26;66833.31;57978.39;53992.95;39051.18;25109.42;2
SP;JALES;36744.49;32151.30;29435.73;27305.64;23559.25;17559.83;2
SP;JAMBEIRO;43596.22;37284.80;32429.63;26550.99;20747.90;14747.40;2
SP;JANDIRA;41695.77;35127.57;28391.72;24283.11;18245.99;17072.08;2
SP;JARDINOPOLIS;42765.09;37918.38;28649.40;25955.41;22320.91;17216.07;1
SP;JARINU;77627.24;64764.67;52499.75;48258.31;44028.59;30808.94;2
SP;JAU;46935.20;39894.92;33910.68;28824.08;24500.47;21584.91;1
SP;JERIQUARA;45553.79;36251.86;28952.29;26495.78;21110.25;17006.52;2
SP;JOANOPOLIS;110000.00;99000.00;74000.00;57000.00;29000.00;22000.00;1
SP;JOAO RAMALHO;48640.50;41344.42;35142.76;31628.48;26884.21;22851.58;1
SP;JOSE BONIFACIO;52870.03;44410.82;35951.62;27492.41;19033.21;10574.01;1
SP;JULIO MESQUITA;45863.97;43570.77;39213.69;34249.72;26654.35;22656.18;1
SP;JUMIRIM;44561.00;38620.75;33737.71;25301.58;24248.86;18420.55;1
SP;JUNDIAI;83402.79;68460.50;58876.18;55304.20;41135.57;38992.38;2
SP;JUNQUEIROPOLIS;14650.00;14650.00;14650.00;14650.00;14650.00;14650.00;1
SP;JUQUIA;22553.30;17571.34;15320.35;14534.08;12501.99;7745.73;2
SP;JUQUITIBA;34140.47;25029.95;22491.84;20530.12;14449.82;12244.36;2
SP;LAGOINHA;74898.95;60506.13;51318.32;42697.10;37519.27;24638.97;2
SP;LARANJAL PAULISTA;54306.95;45379.16;36842.74;33291.62;30399.57;22287.59;1
SP;LAVINIA;36037.42;32021.24;25707.31;21555.88;17279.66;14821.34;2
SP;LAVRINHAS;36410.42;31657.64;27456.45;24071.07;19117.98;14373.33;2
SP;LEME;47489.37;42212.77;39574.47;29548.94;23744.68;18468.08;1
SP;LENCOIS PAULISTA;30806.35;26569.87;23719.15;18682.32;17000.96;13533.93;1
SP;LIMEIRA;53560.45;48402.57;42414.51;40239.96;38006.49;30122.39;1
SP;LINDOIA;59842.47;51096.29;43281.49;39514.82;31063.76;24390.31;2
SP;LINS;29132.71;28239.99;26792.45;25894.74;24185.24;23283.71;1
SP;LORENA;43703.79;35075.19;29360.63;27162.45;21660.25;16673.19;2
SP;LOURDES;47095.33;39512.98;34771.42;29903.42;25716.94;17127.48;1
SP;LOUVEIRA;62863.86;50799.00;41353.60;38257.87;33177.97;27819.99;2
SP;LUCELIA;18309.11;16176.15;14175.54;12602.60;10795.11;9275.96;2
SP;LUCIANOPOLIS;29958.34;26889.52;24939.60;22804.15;19792.91;15949.99;2
SP;LUIS ANTONIO;65673.01;44373.63;22482.15;34753.45;28842.85;24320.43;1
SP;LUIZIANIA;48223.97;42055.59;36850.73;33370.34;25712.34;18002.42;2
SP;LUPERCIO;55200.00;49800.00;43500.00;38300.00;32600.00;25500.00;1
SP;LUTECIA;41291.24;37162.11;33033.00;30968.43;26839.31;20645.62;1
SP;MACATUBA;39623.72;34670.76;29717.79;21793.05;19316.56;15354.19;1
SP;MACAUBAL;44495.80;38043.91;30034.67;27231.43;20023.11;15618.03;1
SP;MACEDONIA;66468.71;64541.11;62148.24;59157.15;57827.77;52776.15;1
SP;MAGDA;46515.64;44189.86;34886.73;25583.60;23722.97;22327.50;1
SP;MAIRINQUE;56178.83;49739.73;41073.67;34129.57;26602.53;20645.27;2
SP;MAIRIPORA;64415.22;57973.70;52176.33;50089.28;47584.81;38543.70;1
SP;MANDURI;32883.26;29275.74;25990.06;23051.10;18463.58;14133.58;2
SP;MARABA PAULISTA;17879.06;15892.13;14091.49;12806.85;11367.94;9904.02;2
SP;MARACAI;64912.47;51259.68;44434.10;40974.69;34127.90;23859.50;1
SP;MARAPOAMA;57500.00;52806.04;42500.10;39000.00;39000.00;38000.00;1
SP;MARIAPOLIS;33501.84;28327.47;25555.58;23174.61;19497.49;15586.30;2
SP;MARILIA;38349.94;33733.63;29164.37;26039.12;23450.65;17725.00;1
SP;MARINOPOLIS;36036.00;32432.40;28828.80;27027.00;23423.40;18018.00;1
SP;MARTINOPOLIS;27136.19;22496.84;19635.18;17645.85;13971.16;12403.72;1
SP;MATAO;64598.79;58138.91;45219.15;38759.27;32299.39;22609.57;1
SP;MAUA;35028.68;30872.72;26716.80;24341.94;17217.48;14773.31;2
SP;MENDONCA;47235.28;41000.94;32324.59;24582.45;16155.16;8963.04;1
SP;MERIDIANO;33458.38;31599.58;29127.03;28501.58;28501.58;28005.90;1
SP;MESOPOLIS;44087.21;41702.25;36418.36;28219.45;26107.89;17982.05;1
SP;MIGUELOPOLIS;157480.00;149606.00;118110.00;86614.00;78740.00;62992.00;1
SP;MINEIROS DO TIETE;31455.24;25872.12;21165.82;21165.82;14700.66;12716.59;1
SP;MIRACATU;13861.09;11889.06;9888.87;8710.30;7672.61;6968.24;2
SP;MIRA ESTRELA;38217.51;34738.63;32226.12;27394.35;21209.69;24302.02;1
SP;MIRANDOPOLIS;35311.60;30014.86;25512.63;21685.74;20601.45;18541.30;1
SP;MIRANTE DO PARANAPANEMA;44001.10;37620.94;29700.74;24200.60;19800.49;15840.39;1
SP;MIRASSOL;27335.39;25380.67;23259.66;21558.86;19909.06;16889.46;2
SP;MIRASSOLANDIA;31527.65;29656.80;27172.05;25513.10;22253.11;17081.73;2
SP;MOCOCA;61409.79;51451.62;42498.90;35793.94;27954.32;19776.72;2
SP;MOGI DAS CRUZES;116901.47;95045.66;69556.38;61304.32;52059.33;37827.19;2
SP;MOGI GUACU;96901.47;81712.33;69556.38;51304.32;43726.00;32827.19;2
SP;MOGI MIRIM;65654.41;61874.62;57761.50;48201.92;40730.74;19321.17;1
SP;MOMBUCA;44666.91;36894.97;31107.61;30006.58;27483.09;25537.13;2
SP;MONCOES;51628.48;49047.06;38721.36;28395.66;25814.24;15488.54;1
SP;MONGAGUA;28400.22;26625.21;24850.19;23666.85;17158.47;15383.45;2
SP;MONTE ALEGRE DO SUL;63672.62;55093.23;47695.28;41068.59;34751.29;26595.20;2
SP;MONTE ALTO;56117.33;45850.67;36956.00;31063.33;25026.00;21084.00;1
SP;MONTE APRAZIVEL;48485.61;41455.19;32727.79;24000.38;21818.52;17454.82;1
SP;MONTE AZUL PAULISTA;61484.34;51397.06;45530.54;34178.34;25382.71;18250.42;1
SP;MONTE CASTELO;15342.44;13242.82;11678.87;10875.94;9505.11;8109.29;2
SP;MONTEIRO LOBATO;37493.24;31767.77;26623.64;23477.86;19018.58;15288.91;2
SP;MONTE MOR;57508.83;46007.07;34505.30;34505.30;28587.75;28587.75;2
SP;MORRO AGUDO;59637.51;53852.67;42521.54;31190.42;28327.82;22662.25;1
SP;MORUNGABA;83818.48;68102.52;52386.55;45242.57;38098.60;22382.63;2
SP;MOTUCA;53962.30;50184.93;45867.95;42630.21;35075.49;30218.88;1
SP;MURUTINGA DO SUL;29438.86;26936.35;24268.03;22424.55;16772.65;9837.46;2
SP;NANTES;22860.00;18900.00;14940.00;14130.00;12060.00;11610.00;1
SP;NARANDIBA;33575.00;29625.00;25675.00;21725.00;19750.00;13825.00;1
SP;NATIVIDADE DA SERRA;23005.09;19870.97;18003.96;15936.90;14540.57;10802.49;2
SP;NAZARE PAULISTA;53330.12;43747.35;25831.72;24706.82;23831.91;13749.20;2
SP;NEVES PAULISTA;44522.75;37399.11;30275.47;23151.83;16028.19;8904.55;1
SP;NHANDEARA;44678.45;38200.07;30157.95;24573.15;22339.22;17871.38;1
SP;NIPOA;45630.00;41067.00;36960.30;33264.27;27274.62;22619.70;1
SP;NOVA ALIANCA;46798.42;40012.65;31588.93;24943.56;21059.29;16847.43;1
SP;NOVA CAMPINA;56125.70;41707.62;32763.49;30053.25;26688.91;19883.74;2
SP;NOVA CANAA PAULISTA;32456.51;28739.13;26308.83;23873.71;20352.65;15511.72;2
SP;NOVA CASTILHO;48784.68;46345.45;36149.45;27835.07;25608.27;20998.78;1
SP;NOVA EUROPA;62804.34;50243.47;;50243.47;37682.60;37682.60;1
SP;NOVA GRANADA;34411.15;30484.63;27051.49;24368.72;19965.11;15465.67;2
SP;NOVA GUATAPORANGA;15378.46;13776.70;12599.43;11717.33;10475.40;8672.43;2
SP;NOVA INDEPENDENCIA;33555.63;30408.07;27852.75;25585.87;20660.45;15553.40;2
SP;NOVAIS;51959.79;49881.40;39905.12;31924.09;27135.48;10040.13;1
SP;NOVA LUZITANIA;31307.53;29272.54;27237.55;21539.18;20944.73;18033.13;1
SP;NOVA ODESSA;106901.47;88379.00;77889.71;64637.66;58726.00;31160.53;2
SP;NOVO HORIZONTE;42225.75;36933.75;34067.25;24365.25;21609.00;15214.50;1
SP;NUPORANGA;57678.11;52083.33;41124.49;30165.65;27397.10;21917.68;1
SP;OCAUCU;60791.44;46181.60;35664.90;35561.87;35307.27;24238.80;1
SP;OLEO;40116.60;32875.12;27744.08;24530.48;20194.53;14891.82;1
SP;OLIMPIA;52619.67;47515.56;37517.82;32887.09;27888.42;19995.47;1
SP;ONDA VERDE;47522.26;39918.70;32315.14;24711.57;17108.01;9504.45;1
SP;ORIENTE;34083.26;30502.41;26550.06;24811.10;20783.58;17200.25;1
SP;ORINDIUVA;33102.00;28581.00;22409.00;19323.00;17267.00;13089.00;1
SP;ORLANDIA;65500.00;52400.00;45850.00;39300.00;32750.00;22100.00;1
SP;OSASCO;37863.36;33167.99;28397.52;24829.05;17767.23;15982.99;2
SP;OSCAR BRESSANE;29700.00;26400.00;23100.00;21450.00;16500.00;13200.00;1
SP;OSVALDO CRUZ;25895.00;20453.00;17844.00;15235.00;12710.00;10100.00;1
SP;OURINHOS;103010.46;70480.84;54216.03;43372.82;32529.62;21686.41;1
SP;OUROESTE;33697.98;30032.15;27082.99;24490.79;18757.33;15218.40;1
SP;OURO VERDE;26400.00;23100.00;19800.00;16500.00;13200.00;13200.00;1
SP;PACAEMBU;29101.66;25575.77;22674.35;21463.12;14618.98;10183.56;2
SP;PALESTINA;38104.65;32007.91;25911.17;19814.42;13717.68;7620.93;1
SP;PALMARES PAULISTA;61297.82;51490.17;41682.52;31874.87;22067.22;12259.56;1
SP;PALMEIRA D'OESTE;35390.00;31850.00;28310.00;24780.00;24780.00;21230.00;1
SP;PALMITAL;69757.30;59938.18;53841.60;51328.85;38040.22;30822.78;1
SP;PANORAMA;30101.66;24492.43;22591.01;22379.78;16493.98;14391.90;2
SP;PARAGUACU PAULISTA;60255.85;41227.34;31713.75;25370.47;19027.85;12685.23;1
SP;PARAIBUNA;30566.14;26935.70;23707.23;21344.27;17149.94;11308.99;2
SP;PARAISO;52083.00;41195.00;38471.00;27824.00;23674.00;19241.00;1
SP;PARANAPANEMA;55203.66;47757.75;35765.69;33328.24;31386.18;21369.26;1
SP;PARANAPUA;46093.07;42405.62;39013.17;40354.24;36318.82;32686.93;1
SP;PARAPUA;37808.00;34783.36;28356.00;25709.44;23874.40;19533.60;1
SP;PARDINHO;44052.91;39810.61;34885.50;33096.95;31259.94;24775.36;1
SP;PARIQUERA-ACU;10440.10;8093.72;6804.46;5899.24;5112.48;4471.03;2
SP;PARISI;31594.56;28435.10;27013.35;28950.14;24607.62;23869.39;1
SP;PATROCINIO PAULISTA;45662.46;31966.78;26593.08;31966.78;26593.08;17766.57;1
SP;PAULICEIA;25629.33;21913.08;17299.80;15685.15;11533.20;8995.89;1
SP;PAULINIA;63530.53;55148.68;47481.23;44338.04;31765.26;18859.16;2
SP;PAULISTANIA;40345.54;36472.19;30840.97;26957.05;22122.26;17433.03;2
SP;PAULO DE FARIA;35144.66;30260.41;26852.90;26362.97;25177.46;20646.50;1
SP;PEDERNEIRAS;31255.13;28041.40;26025.64;24420.58;21731.49;18370.10;1
SP;PEDRA BELA;70828.96;59746.34;49163.67;42664.28;34248.23;25415.40;2
SP;PEDRANOPOLIS;45555.18;40999.66;36079.70;38342.27;34508.04;30367.08;1
SP;PEDREGULHO;50262.89;42284.80;37429.63;33884.32;27414.56;20747.40;2
SP;PEDREIRA;70828.96;59746.34;52497.01;42664.28;34248.23;25415.40;2
SP;PEDRINHAS PAULISTA;81232.77;64149.63;55477.70;51255.77;42715.70;29831.81;1
SP;PEDRO DE TOLEDO;14322.23;11951.67;10272.54;9198.38;8494.63;7420.48;2
SP;PENAPOLIS;67922.48;59737.13;50600.49;44007.01;36828.06;24095.45;2
SP;PEREIRA BARRETO;52063.78;46278.92;40494.05;34709.19;28942.32;23139.46;1
SP;PEREIRAS;45556.62;38811.07;31221.12;30486.89;27943.96;25691.70;1
SP;PERUIBE;18141.44;15436.16;14030.87;13183.07;11730.74;10215.56;2
SP;PIACATU;58000.00;54500.00;50200.00;49000.00;47800.00;43000.00;1
SP;PIEDADE;63962.50;58125.00;37750.00;36800.00;33950.00;11166.67;1
SP;PILAR DO SUL;42120.31;33765.58;27009.23;24321.97;18879.15;13779.97;2
SP;PINDAMONHANGABA;27292.93;23416.53;20577.75;17863.98;15179.16;12557.54;2
SP;PINDORAMA;68953.24;57920.72;46888.20;35855.68;24823.17;13790.65;1
SP;PINHALZINHO;59842.47;49429.62;39948.16;34514.82;27730.43;21056.97;2
SP;PIQUEROBI;13530.90;11917.81;10404.43;8991.98;8008.51;7086.48;2
SP;PIQUETE;43703.79;35075.19;29360.63;27162.45;21660.25;16673.19;2
SP;PIRACAIA;54719.44;46738.73;40891.35;38779.06;36710.63;25636.91;2
SP;PIRACICABA;57968.03;52171.22;45215.06;40577.62;34780.81;26085.61;1
SP;PIRAJU;43259.19;37419.19;34607.35;31968.53;29719.06;23922.33;1
SP;PIRAJUI;26301.86;24644.22;22896.54;21728.10;15288.89;13671.53;1
SP;PIRANGI;53158.54;43993.28;40327.17;37272.08;32994.96;25662.74;1
SP;PIRAPORA DO BOM JESUS;28316.07;25169.84;18248.13;16989.64;15731.15;14472.66;2
SP;PIRAPOZINHO;33193.00;28682.00;25319.00;22067.00;19221.00;13407.00;1
SP;PIRASSUNUNGA;41860.99;34326.01;28622.22;24615.11;21292.07;18530.56;1
SP;PIRATININGA;30717.27;27503.50;24134.01;22138.07;19672.82;16181.63;1
SP;PITANGUEIRAS;69149.33;60021.62;49757.92;42294.23;33200.97;22410.66;1
SP;PLANALTO;43139.24;40335.18;31319.08;28860.15;26012.96;20620.55;1
SP;PLATINA;41990.69;36722.28;33440.55;31434.46;23226.00;21216.85;1
SP;POA;133568.14;111712.33;89556.38;74637.66;62059.33;51160.53;2
SP;POLONI;61755.63;49404.50;35818.26;27790.03;21614.47;17909.13;1
SP;POMPEIA;24555.06;22749.32;20019.88;18327.72;15924.87;12793.93;2
SP;PONGAI;37500.59;32454.06;27971.98;24847.25;20192.91;15848.85;2
SP;PONTAL;142099.76;120216.40;104017.02;93217.44;71618.28;60108.20;1
SP;PONTALINDA;37922.08;33014.52;30337.66;25876.24;20968.68;17845.68;1
SP;PONTES GESTAL;45190.68;38638.03;30503.71;22369.39;20335.81;16494.60;1
SP;POPULINA;43438.62;39094.76;33230.54;33550.00;28517.50;22814.00;1
SP;PORANGABA;39810.06;34833.80;29857.54;24881.29;19905.03;14928.77;1
SP;PORTO FELIZ;64738.69;55470.83;44158.59;39729.11;29847.94;23510.36;1
SP;PORTO FERREIRA;50800.00;44100.00;37100.00;30800.00;25200.00;20600.00;1
SP;POTIM;34411.15;29484.63;25884.82;23035.39;18298.45;14632.34;2
SP;POTIRENDABA;21069.16;19189.05;17179.23;15882.59;14910.29;13613.65;1
SP;PRACINHA;38790.65;35687.39;29092.98;25213.92;21334.85;15516.26;1
SP;PRADOPOLIS;77602.49;70075.04;55330.57;40586.10;36861.18;29488.94;1
SP;PRAIA GRANDE;33422.16;29957.73;26929.46;25705.39;17136.93;15300.83;2
SP;PRATANIA;41060.36;36857.98;32669.57;30857.50;29154.32;26433.25;1
SP;PRESIDENTE ALVES;35715.65;30869.63;27748.40;24728.02;20680.71;16628.40;2
SP;PRESIDENTE BERNARDES;15055.66;12977.75;11632.54;10625.11;8698.26;7729.97;2
SP;PRESIDENTE EPITACIO;13553.52;11327.93;10345.55;9567.31;8106.90;7276.50;2
SP;PRESIDENTE PRUDENTE;15378.46;13443.37;12239.43;11317.33;9775.40;8572.43;1
SP;PRESIDENTE VENCESLAU;17692.38;15499.91;13856.91;12472.43;11037.24;9458.97;2
SP;PROMISSAO;80526.41;62298.33;47504.41;55603.58;56619.60;37171.26;1
SP;QUADRA;42267.15;38991.62;36171.59;35087.20;26970.87;22488.95;2
SP;QUATA;40000.00;37000.00;28000.00;37000.00;28000.00;28000.00;1
SP;QUEIROZ;18624.11;16639.90;15225.54;12585.10;10261.36;8775.96;2
SP;QUELUZ;74898.95;60506.13;51318.32;42697.10;37519.27;24638.97;2
SP;QUINTANA;37205.36;31624.56;26880.87;25536.83;22983.15;20684.83;1
SP;RAFARD;26508.93;15018.69;12783.64;11629.91;8355.12;6199.60;2
SP;RANCHARIA;33449.93;26409.07;23190.06;20951.10;16263.58;13266.92;2
SP;REDENCAO DA SERRA;28883.58;24069.65;19255.72;9627.86;7702.29;5776.72;2
SP;REGENTE FEIJO;62000.00;51000.00;43000.00;39500.00;13500.00;9100.00;1
SP;REGINOPOLIS;51062.89;46418.14;40629.63;38750.99;33947.90;23747.40;2
SP;REGISTRO;77236.47;52846.01;40650.77;32520.62;24390.46;16260.31;1
SP;RESTINGA;42116.42;36009.50;30758.68;28761.23;20952.56;16054.12;2
SP;RIBEIRA;18250.87;15031.57;14039.76;12568.29;10870.79;7300.29;1
SP;RIBEIRAO BONITO;59842.47;49429.62;39948.16;34514.82;27730.43;19390.31;2
SP;RIBEIRAO BRANCO;36103.76;27023.11;22537.50;22537.50;11304.85;10254.00;1
SP;RIBEIRAO CORRENTE;82783.96;77708.09;60380.90;55505.78;42386.22;40872.43;1
SP;RIBEIRAO DO SUL;45758.18;37063.95;29611.61;28037.59;22726.61;14656.84;1
SP;RIBEIRAO DOS INDIOS;18925.78;16554.11;14595.54;12959.27;11088.45;9692.62;2
SP;RIBEIRAO GRANDE;47596.22;41218.14;34562.96;30950.99;24414.56;15947.40;2
SP;RIBEIRAO PIRES;116901.47;88379.00;69556.38;61304.32;52059.33;41160.53;2
SP;RIBEIRAO PRETO;50507.04;45643.21;42193.58;38971.93;36809.53;21879.65;1
SP;RIVERSUL;50121.60;46989.00;42812.20;35502.80;31326.00;20884.00;1
SP;RIFAINA;47102.58;39653.60;33426.04;27016.99;23441.96;19479.70;2
SP;RINCAO;48839.81;41513.84;35286.76;29993.75;25494.69;21670.48;1
SP;RINOPOLIS;21900.00;19500.00;17300.00;15350.00;11350.00;8400.00;1
SP;RIO CLARO;31519.49;27065.54;23919.63;22687.13;18527.41;15066.67;2
SP;RIO DAS PEDRAS;120234.80;98379.00;82889.71;67970.99;55392.66;37827.19;2
SP;RIO GRANDE DA SERRA;116901.47;95045.66;72889.71;59637.66;48726.00;37827.19;2
SP;RIOLANDIA;45636.20;39018.95;30804.43;22589.92;20536.29;16429.03;1
SP;ROSANA;12229.85;11120.48;10096.44;9111.80;7798.95;6814.30;2
SP;ROSEIRA;93568.14;75045.66;56223.05;47970.99;42059.33;27827.19;2
SP;RUBIACEA;33669.74;28619.28;25757.35;22408.90;20392.09;15294.07;1
SP;RUBINEIA;46756.06;42080.45;37404.85;32729.24;28053.64;25715.83;1
SP;SABINO;41793.22;35744.62;30614.45;27307.64;21888.04;17056.37;2
SP;SAGRES;17887.34;15949.72;13845.25;11808.22;8926.98;7950.25;2
SP;SALES;42245.71;36875.42;32450.50;28602.19;22989.56;18568.81;1
SP;SALES OLIVEIRA;47574.88;42736.51;39635.79;36535.09;35375.69;29255.16;1
SP;SALESOPOLIS;99040.00;74280.00;57773.33;49520.00;49520.00;41266.67;2
SP;SALMOURAO;17887.34;15949.72;13778.59;12141.55;9926.98;8283.59;2
SP;SALTINHO;39795.61;34577.79;31720.37;28502.41;24779.76;19486.07;2
SP;SALTO;78627.33;68798.92;58970.50;58970.50;58970.50;54056.29;2
SP;SALTO DE PIRAPORA;86250.63;71176.47;62552.58;49601.60;37747.37;25149.66;1
SP;SALTO GRANDE;49000.00;39000.00;34500.00;30800.00;24400.00;23800.00;1
SP;SANDOVALINA;27000.00;24000.00;18000.00;18000.00;10500.00;8000.00;1
SP;SANTA ADELIA;52064.21;46857.79;42172.01;35846.21;31544.66;25866.62;1
SP;SANTA ALBERTINA;44671.48;38194.11;30153.25;22112.38;20102.17;16081.73;1
SP;SANTA BARBARA D'OESTE;84762.58;68176.75;57828.50;49915.12;36523.26;23131.40;2
SP;SANTA BRANCA;37331.13;34164.60;28748.28;24998.62;17915.63;12499.31;2
SP;SANTA CLARA D'OESTE;57968.53;52345.58;41331.56;31882.62;27535.05;22028.04;1
SP;SANTA CRUZ DA CONCEICAO;40731.76;33356.74;29601.07;26607.07;22126.89;18341.80;1
SP;SANTA CRUZ DA ESPERANCA;46192.16;39263.34;29447.50;27091.70;23027.95;16119.56;1
SP;SANTA CRUZ DAS PALMEIRAS;47780.14;42038.06;35914.22;29956.21;25657.71;17767.62;2
SP;SANTA CRUZ DO RIO PARDO;52939.35;42945.39;36086.49;33798.97;22108.60;14487.26;1
SP;SANTA ERNESTINA;76681.58;65179.34;51376.65;38340.79;34506.71;30672.63;1
SP;SANTA FE DO SUL;55326.50;47304.15;34345.38;27386.62;24896.92;19917.54;1
SP;SANTA GERTRUDES;40150.24;33140.97;28559.70;25376.10;18730.47;16599.61;2
SP;SANTA ISABEL;126901.47;105045.66;89556.38;84637.66;78726.00;54493.86;2
SP;SANTA LUCIA;36753.50;33078.15;29770.34;28281.82;24039.55;21635.59;1
SP;SANTA MARIA DA SERRA;39966.76;33865.17;28352.81;24391.11;19864.98;16034.83;2
SP;SANTA MERCEDES;22664.00;19998.00;17198.00;15331.00;12532.00;10665.00;1
SP;SANTANA DA PONTE PENSA;47404.07;44085.79;37472.92;35974.00;28059.72;19080.61;1
SP;SANTANA DE PARNAIBA;41827.51;36266.18;28951.69;24999.38;18692.90;17537.74;2
SP;SANTA RITA D'OESTE;54788.07;46843.80;36981.95;27120.09;24645.63;19723.70;1
SP;SANTA RITA DO PASSA QUATRO;45260.26;38347.85;34525.87;28931.21;21789.75;23476.25;1
SP;SANTA ROSA DE VITERBO;35664.36;27623.20;22456.94;21665.29;16582.34;14749.10;2
SP;SANTA SALETE;53108.50;47797.65;43017.89;42587.71;37051.30;24083.35;1
SP;SANTO ANASTACIO;15467.70;13600.75;12100.26;10611.84;9424.80;8653.15;1
SP;SANTO ANDRE;38901.64;32201.28;26094.64;23126.11;17019.47;16425.75;2
SP;SANTO ANTONIO DA ALEGRIA;53459.35;48113.41;43302.49;38971.86;35721.88;24270.54;1
SP;SANTO ANTONIO DE POSSE;97197.18;66503.33;51156.41;40925.13;30693.85;20462.56;1
SP;SANTO ANTONIO DO ARACANGUA;36063.75;32565.57;25713.45;18861.35;17130.28;12000.30;1
SP;SANTO ANTONIO DO JARDIM;52187.32;47316.66;40277.06;35308.22;25736.67;18518.36;1
SP;SANTO ANTONIO DO PINHAL;48172.77;32107.91;24836.31;23086.38;17814.79;14785.16;2
SP;SANTO EXPEDITO;13910.26;12471.57;10560.44;9532.12;8027.28;6914.58;2
SP;SANTOPOLIS DO AGUAPEI;40133.65;37988.42;35989.03;21993.29;19993.90;15995.12;1
SP;SANTOS;36277.42;30985.33;24524.28;22156.46;15821.18;14829.31;2
SP;SAO BENTO DO SAPUCAI;46506.10;29024.65;23086.38;20544.89;15451.83;13701.90;2
SP;SAO BERNARDO DO CAMPO;35876.59;32201.28;28526.01;27338.58;18263.41;16425.75;2
SP;SAO CAETANO DO SUL;35881.68;31607.46;27338.47;24907.21;17613.11;16425.75;2
SP;SAO CARLOS;36090.45;31398.69;27789.65;24902.41;21293.37;18406.13;1
SP;SAO FRANCISCO;42022.52;36771.30;32698.20;29822.78;24822.23;19893.31;2
SP;SAO JOAO DA BOA VISTA;45895.93;35274.19;30572.73;24079.88;18358.94;13662.20;2
SP;SAO JOAO DAS DUAS PONTES;41035.74;36932.17;32869.63;33289.41;28296.00;24051.60;1
SP;SAO JOAO DE IRACEMA;37689.76;33920.78;28154.25;28312.15;25480.94;22932.84;1
SP;SAO JOAO DO PAU D'ALHO;23296.73;20125.27;18560.46;17380.93;15006.19;12554.75;2
SP;SAO JOAQUIM DA BARRA;54600.00;50000.00;42300.00;37300.00;35700.00;26600.00;1
SP;SAO JOSE DA BELA VISTA;100047.54;77871.06;69727.05;50461.92;32846.86;27269.87;1
SP;SAO JOSE DO BARREIRO;20753.00;17333.82;14279.09;13443.36;12123.06;9104.60;2
SP;SAO JOSE DO RIO PARDO;31393.89;27631.24;22598.98;22598.98;22598.98;15073.69;1
SP;SAO JOSE DO RIO PRETO;33149.93;30242.41;27190.06;25284.44;20796.92;15266.92;2
SP;SAO JOSE DOS CAMPOS;49925.91;41605.49;32785.73;29247.21;24563.38;17759.74;2
SP;SAO LOURENCO DA SERRA;46336.93;40578.15;34819.36;31939.97;20422.41;11784.23;2
SP;SAO LUIZ DO PARAITINGA;36863.87;32178.95;28242.26;25539.16;21710.74;18585.76;2
SP;SAO MANUEL;65388.38;57909.65;50227.62;50108.82;45471.61;37481.10;1
SP;SAO MIGUEL ARCANJO;34717.92;29479.27;25657.48;23740.61;20073.56;17311.43;2
SP;SAO PAULO;45137.58;39030.18;33705.26;29487.34;16833.55;15650.24;2
SP;SAO PEDRO;114349.62;78239.21;60184.01;48147.21;36110.41;24073.60;1
SP;SAO PEDRO DO TURVO;52992.67;51782.83;39657.81;32678.90;26998.12;17115.23;1
SP;SAO ROQUE;61811.72;55115.90;48746.73;47628.50;32763.15;21104.06;2
SP;SAO SEBASTIAO;33624.94;29681.65;25677.23;23537.46;16506.79;15284.07;2
SP;SAO SEBASTIAO DA GRAMA;83672.62;68426.57;59361.94;51068.59;35417.95;22595.20;2
SP;SAO SIMAO;35166.97;31038.69;27020.30;25296.76;17575.96;16508.78;1
SP;SAO VICENTE;35539.47;30498.11;27297.46;22835.38;16744.87;14837.91;2
SP;SARAPUI;44218.31;39312.85;34622.32;30056.65;25258.65;16554.39;2
SP;SARUTAIA;42713.33;38740.00;32780.00;32780.00;27813.33;19866.67;1
SP;SEBASTIANOPOLIS DO SUL;35800.00;34400.00;32200.00;28200.00;27200.00;25000.00;1
SP;SERRA AZUL;48361.78;43525.60;36271.33;31435.15;26598.97;21762.80;1
SP;SERRANA;42791.48;36713.43;32892.42;29852.67;22906.88;18225.81;1
SP;SERRA NEGRA;66922.48;58737.13;51600.49;46673.68;41161.40;30095.45;2
SP;SERTAOZINHO;55531.85;50136.44;43960.53;41771.29;39327.23;31151.41;1
SP;SETE BARRAS;24800.21;17952.39;14016.24;12589.93;11589.84;8893.85;2
SP;SEVERINIA;48443.81;43061.16;34987.19;26913.23;23145.37;18839.26;1
SP;SILVEIRAS;39779.75;27751.48;17450.08;16847.66;12433.93;8357.57;2
SP;SOCORRO;59842.47;46762.96;38281.49;33514.82;26730.43;21056.97;1
SP;SOROCABA;67624.09;60494.41;52500.49;45963.13;36996.27;26281.15;2
SP;SUD MENNUCCI;43820.87;37466.84;29579.09;21691.33;19719.39;15775.51;1
SP;SUMARE;76793.83;72180.27;61724.40;55434.44;47266.91;33241.48;2
SP;SUZANO;76068.51;61724.86;54553.04;47381.22;36876.06;22027.27;2
SP;SUZANAPOLIS;30578.51;26859.50;;;;24793.38;1
SP;TABAPUA;78402.56;66642.18;56645.85;48148.97;38519.18;25037.47;1
SP;TABATINGA;51600.00;42650.00;34243.27;28200.00;26864.11;20900.00;1
SP;TABOAO DA SERRA;40368.19;35034.76;28495.17;23745.97;17828.35;16037.95;2
SP;TACIBA;28500.00;25200.00;19700.00;23000.00;12000.00;9200.00;1
SP;TAGUAI;101629.13;83359.36;69128.47;61855.61;52648.82;39786.05;2
SP;TAIACU;43870.46;37848.53;32203.96;28964.11;23455.25;16943.19;2
SP;TAIUVA;49438.47;42944.88;37078.14;34181.94;27379.01;18002.42;2
SP;TAMBAU;14623.60;13113.30;12358.15;11514.52;10759.37;10337.55;2
SP;TANABI;43942.62;37074.81;30113.35;22908.32;15760.11;8764.05;1
SP;TAPIRAI;47533.85;42148.98;34442.55;27420.29;21498.75;14863.51;2
SP;TAPIRATIBA;61002.09;49204.62;40452.07;35668.93;28192.15;19890.25;2
SP;TAQUARAL;38214.30;33705.71;29129.49;24055.03;19278.04;14671.47;2
SP;TAQUARITINGA;69368.41;62903.21;55690.43;36700.15;22943.21;15732.42;1
SP;TAQUARITUBA;75829.43;61663.45;56247.13;47914.25;42497.93;29831.82;2
SP;TAQUARIVAI;80000.00;72000.00;58000.00;51000.00;42000.00;25000.00;1
SP;TARABAI;45370.46;36108.53;31027.29;28162.45;22993.58;18339.86;2
SP;TARUMA;69126.00;62213.40;47699.06;42194.44;36436.10;27678.55;1
SP;TATUI;51219.60;45561.27;39902.95;35212.59;31245.30;22098.49;2
SP;TAUBATE;68672.62;58426.57;49361.94;44401.93;35417.95;25928.53;2
SP;TEJUPA;53503.71;34094.78;30030.54;27492.60;23926.34;18390.47;1
SP;TEODORO SAMPAIO;57982.45;39672.20;30517.08;24413.66;18310.25;12206.83;1
SP;TERRA ROXA;84000.00;72000.00;72000.00;72000.00;72000.00;72000.00;1
SP;TIETE;32737.82;30430.52;26636.24;24893.35;23406.37;17638.11;1
SP;TIMBURI;50853.23;45920.47;36258.35;26596.24;24155.28;19324.23;1
SP;TORRE DE PEDRA;32698.60;30576.47;25255.35;21898.82;18883.70;14939.42;2
SP;TORRINHA;35942.68;31270.13;27675.86;24800.45;21206.18;18330.76;1
SP;TRABIJU;35289.63;31760.67;26467.22;24702.74;22232.46;19762.19;1
SP;TREMEMBE;43854.87;29405.79;22025.89;18973.74;15375.90;13270.35;2
SP;TRES FRONTEIRAS;43821.23;37467.15;29579.33;24101.67;20376.87;15775.64;1
SP;TUIUTI;54242.50;45350.25;34144.92;33212.17;29680.00;19537.93;2
SP;TUPA;24655.47;22057.97;20177.38;16966.87;14244.69;12717.36;1
SP;TUPI PAULISTA;26753.77;21135.48;18599.22;17855.25;15534.07;13048.62;1
SP;TURIUBA;50262.89;43395.91;38313.71;33496.77;25971.79;17800.48;2
SP;TURMALINA;58074.63;49944.18;48945.30;41603.50;40979.45;30734.59;1
SP;UBARANA;51527.61;43800.00;41222.00;36100.00;32400.00;21458.00;1
SP;UBATUBA;76465.61;65255.76;55920.73;41982.46;27022.95;16418.02;2
SP;UBIRAJARA;51617.86;50507.80;46067.56;43847.43;34996.94;31081.72;1
SP;UCHOA;60000.00;35038.29;27960.44;27060.84;20058.58;18349.76;1
SP;UNIAO PAULISTA;27304.20;24573.78;21843.36;20478.15;18020.77;17201.64;1
SP;URANIA;57668.75;47537.96;38785.40;33002.26;27192.15;19890.25;2
SP;URU;53824.36;46160.95;37878.54;33829.59;29055.37;21058.74;2
SP;URUPES;58956.27;49917.89;41966.26;27681.27;20438.82;11356.62;1
SP;VALENTIM GENTIL;33729.62;32043.14;28512.14;29624.19;22810.63;19617.14;1
SP;VALINHOS;182157.04;172632.26;163583.74;159297.62;149058.44;142152.60;2
SP;VALPARAISO;48884.78;41796.49;32997.23;29917.49;21998.15;17158.56;1
SP;VARGEM;54186.11;49072.06;43958.01;42579.06;38177.30;26570.25;2
SP;VARGEM GRANDE DO SUL;74589.15;54737.13;42267.16;37340.35;28494.73;20762.11;2
SP;VARGEM GRANDE PAULISTA;45151.82;39764.33;34226.97;28173.61;20997.79;18936.16;2
SP;VARZEA PAULISTA;72948.17;64679.66;56898.87;53189.01;41249.58;29023.47;2
SP;VERA CRUZ;50851.00;45765.90;43223.35;40680.80;35595.70;27968.05;1
SP;VINHEDO;182157.04;172632.26;163583.74;159297.62;149058.44;142152.60;2
SP;VIRADOURO;77012.08;73161.47;57759.06;42356.64;38506.04;30804.83;1
SP;VISTA ALEGRE DO ALTO;39763.15;35123.25;30792.45;27968.48;24955.16;21821.07;2
SP;VITORIA BRASIL;39295.01;34545.08;31279.56;28329.55;23543.69;18949.35;2
SP;VOTORANTIM;67454.39;60093.19;47732.00;44051.40;36595.06;22821.76;2
SP;VOTUPORANGA;15669.72;13881.50;12774.82;12093.29;10924.51;8516.85;1
SP;ZACARIAS;49662.89;42461.77;33522.45;22348.30;17878.64;14253.25;1
SP;CHAVANTES;48500.00;43650.00;38800.00;36375.00;26675.00;19400.00;1
SP;ESTIVA GERBI;40464.86;32209.93;23825.94;22056.00;20110.07;18649.20;2
TO;ABREULANDIA;16385.07;13500.00;11332.74;11332.74;8798.77;4291.27;1
TO;ALIANCA DO TOCANTINS;8206.25;8124.73;6939.08;6451.53;5874.10;5801.98;1
TO;ALVORADA;7569.33;7501.74;6887.54;6833.56;7534.24;4692.21;1
TO;ANGICO;8524.50;7425.30;6250.24;5780.32;4950.15;4950.15;1
TO;APARECIDA DO RIO NEGRO;8400.00;7200.00;6900.00;5750.00;5000.00;5000.00;1
TO;ARAGUACEMA;11700.00;11450.00;8930.00;8220.00;7130.00;7060.00;1
TO;ARAGUACU;6424.85;5197.96;4402.10;4724.22;4458.76;2785.96;1
TO;ARAGUAINA;21785.04;20695.79;14590.03;10892.52;6535.51;5446.26;1
TO;ARAPOEMA;7500.00;7000.00;6200.00;5500.00;4700.00;4300.00;1
TO;ARRAIAS;9812.00;7907.00;7269.00;2767.00;2258.00;2216.00;1
TO;BANDEIRANTES DO TOCANTINS;10334.76;10334.76;8965.88;8086.42;8038.43;7617.56;1
TO;BERNARDO SAYAO;5373.32;4987.99;4876.66;4513.59;3610.87;1805.44;1
TO;BRASILANDIA DO TOCANTINS;7124.39;7124.39;6659.92;5704.97;2772.18;2762.18;1
TO;BREJINHO DE NAZARE;8654.89;8106.24;6952.73;6593.22;5478.40;5351.39;1
TO;CARIRI DO TOCANTINS;6079.26;5696.27;5474.86;5727.81;4662.56;4499.00;1
TO;CARMOLANDIA;24736.00;21825.88;17824.47;14186.82;11276.71;5456.47;1
TO;CASEARA;13982.14;13498.96;10720.05;10308.93;8823.43;8503.53;1
TO;COLINAS DO TOCANTINS;8545.58;7947.38;6834.74;6697.99;5023.54;4772.36;1
TO;CONCEICAO DO TOCANTINS;5120.25;4870.35;3950.45;3660.95;3200.50;3000.25;1
TO;CRISTALANDIA;7200.00;7000.00;6100.00;5500.00;4550.00;4350.00;1
TO;CRIXAS DO TOCANTINS;4676.75;3887.53;3489.12;3092.32;2635.46;1844.35;1
TO;DIANOPOLIS;8111.34;5677.94;4055.67;2862.83;1908.55;1097.42;1
TO;DOIS IRMAOS DO TOCANTINS;5881.44;5032.22;4859.48;5877.40;2082.30;1713.70;1
TO;DUERE;3618.60;3374.82;3188.37;3024.60;2335.44;1926.38;1
TO;FIGUEIROPOLIS;7845.09;6668.33;5634.74;5578.39;3904.87;3514.38;1
TO;FORMOSO DO ARAGUAIA;7950.00;7400.00;6700.00;6500.00;5900.00;5900.00;1
TO;FORTALEZA DO TABOCAO;12870.45;9750.20;;12870.45;3420.10;3420.10;1
TO;GOIANORTE;5575.10;5240.10;4896.10;4634.80;3683.60;3683.60;1
TO;GOIATINS;5572.84;4950.47;4594.74;4922.81;3681.82;3244.90;1
TO;GUARAI;8800.00;7400.00;5900.00;8050.00;6400.00;4900.00;1
TO;GURUPI;5145.04;3520.30;2707.92;2166.33;1624.74;1083.15;1
TO;IPUEIRAS;6310.39;5814.52;4941.82;4719.33;3639.06;3431.07;1
TO;ITACAJA;5300.00;5000.00;4400.00;4200.00;3500.00;3000.00;1
TO;ITAPIRATINS;4197.85;3799.37;3374.98;3374.98;2444.60;1870.94;1
TO;ITAPORA DO TOCANTINS;7525.85;7003.33;6377.61;6183.45;4950.52;3973.68;1
TO;JAU DO TOCANTINS;3984.59;3443.74;3300.47;3489.45;2900.56;2483.02;1
TO;LAGOA DA CONFUSAO;9932.51;9462.36;9141.57;6670.86;5710.36;5598.64;1
TO;LAVANDEIRA;7400.00;7000.00;6200.00;6000.00;4800.00;4200.00;1
TO;MARIANOPOLIS DO TOCANTINS;10761.78;10190.69;10142.19;7494.78;5543.71;5409.65;1
TO;MIRACEMA DO TOCANTINS;11570.42;9975.55;8959.71;8245.42;6682.15;4546.01;1
TO;MIRANORTE;13500.00;8900.00;7500.00;6750.00;6000.00;3000.00;1
TO;MONTE DO CARMO;8200.00;7800.00;6900.00;5850.00;4800.00;4700.00;1
TO;PALMEIRAS DO TOCANTINS;8948.70;8313.20;7119.39;8419.31;6778.63;3901.28;1
TO;NOVA OLINDA;8551.33;8399.43;8308.56;8374.21;6414.37;4405.09;1
TO;NOVO JARDIM;7200.00;6500.00;5800.00;5200.00;4500.00;4000.00;1
TO;PALMEIRANTE;7208.09;5840.77;5818.33;6912.12;4138.09;4138.55;1
TO;PALMEIROPOLIS;5230.88;4622.62;3341.07;4576.13;3268.67;3084.36;1
TO;PEDRO AFONSO;8914.58;8914.58;7205.43;7205.43;5539.45;3771.15;1
TO;PEIXE;8320.60;7683.00;7332.40;7010.64;5518.14;5219.64;1
TO;PEQUIZEIRO;9780.18;9633.16;9352.27;8377.84;7599.49;7268.55;1
TO;PINDORAMA DO TOCANTINS;6361.72;4836.02;4331.55;3801.32;3595.48;2271.90;1
TO;PIRAQUE;8050.62;7550.59;7350.46;7150.60;6580.53;6100.17;1
TO;PIUM;6951.02;5837.18;5476.36;4934.11;4652.56;4604.19;1
TO;PONTE ALTA DO BOM JESUS;7200.00;6500.00;5800.00;5200.00;4500.00;4000.00;1
TO;PONTE ALTA DO TOCANTINS;7200.00;6400.00;5200.00;4500.00;3200.00;2600.00;1
TO;PORTO ALEGRE DO TOCANTINS;4200.00;3500.00;3000.00;2800.00;2400.00;2100.00;1
TO;PORTO NACIONAL;6034.24;5073.88;3158.49;5016.89;3129.31;2299.37;1
TO;RIACHINHO;7491.80;7346.94;7181.20;7484.91;6729.89;5900.28;1
TO;RIO DA CONCEICAO;4200.00;3800.00;3300.00;3000.00;2600.00;2300.00;1
TO;RIO DOS BOIS;8643.09;7951.52;6505.13;7249.69;5301.14;3398.83;1
TO;SANDOLANDIA;4096.00;3980.00;3632.00;4560.00;3855.00;2400.00;1
TO;SANTA FE DO ARAGUAIA;11250.00;10800.00;9650.00;6950.00;6400.00;5750.00;1
TO;SANTA MARIA DO TOCANTINS;3896.00;3780.00;3532.00;3896.00;2855.00;2400.00;1
TO;SANTA RITA DO TOCANTINS;4325.00;4130.00;3900.00;4300.00;3850.00;3800.00;1
TO;SANTA ROSA DO TOCANTINS;7500.00;6800.00;6000.00;6300.00;5300.00;5000.00;1
TO;SAO BENTO DO TOCANTINS;6800.00;6200.00;5500.00;5000.00;4500.00;4000.00;1
TO;SAO MIGUEL DO TOCANTINS;8500.00;7000.00;5500.00;5000.00;3600.00;3000.00;1
TO;SAO SALVADOR DO TOCANTINS;4126.00;3974.00;3617.00;3974.00;3617.00;3327.00;1
TO;SUCUPIRA;5878.10;4623.11;4293.68;4640.90;3202.73;2520.60;1
TO;TAIPAS DO TOCANTINS;5400.00;3750.00;3050.00;2350.00;1880.00;1770.00;1
TO;TALISMA;13634.30;13030.24;12209.45;11556.41;9657.32;8701.60;1
TO;PALMAS;19651.39;11906.89;8665.05;8117.95;7075.93;3059.38;1
TO;TOCANTINOPOLIS;14993.08;13838.03;12285.33;9545.52;9018.41;8468.08;1
TO;TUPIRATINS;2660.00;2304.00;2100.00;2100.00;1560.00;900.00;1
