cod_ibge;uf;municipio;modulo_fiscal_ha
1100015;RO;ALTA FLORESTA D'OESTE;60
1100023;RO;ARIQUEMES;60
1100031;RO;CABIXI;60
1100049;RO;CACOAL;60
1100056;RO;CEREJEIRAS;60
1100064;RO;COLORADO DO OESTE;60
1100072;RO;CORUMBIARA;60
1100080;RO;COSTA MARQUES;60
1100098;RO;ESPIGÃO D'OESTE;60
1100106;RO;GUAJARÁ-MIRIM;60
1100114;RO;JARU;60
1100122;RO;JI-PARANÁ;60
1100130;RO;MACHADINHO D'OESTE;60
1100148;RO;NOVA BRASILÂNDIA D'OESTE;60
1100155;RO;OURO PRETO DO OESTE;60
1100189;RO;PIMENTA BUENO;60
1100205;RO;PORTO VELHO;60
1100254;RO;PRESIDENTE MÉDICI;60
1100262;RO;RIO CRESPO;60
1100288;RO;ROLIM DE MOURA;60
1100296;RO;SANTA LUZIA D'OESTE;60
1100304;RO;VILHENA;60
1100320;RO;SÃO MIGUEL DO GUAPORÉ;60
1100338;RO;NOVA MAMORÉ;60
1100346;RO;ALVORADA D'OESTE;60
1100379;RO;ALTO ALEGRE DO PARECIS;60
1100403;RO;ALTO PARAÍSO;60
1100452;RO;BURITIS;60
1100502;RO;NOVO HORIZONTE DO OESTE;60
1100601;RO;CACAULÂNDIA;60
1100700;RO;CAMPO NOVO DE RONDÔNIA;60
1100809;RO;CANDEIAS DO JAMARI;60
1100908;RO;CASTANHEIRAS;60
1100924;RO;CHUPINGUAIA;60
1100940;RO;CUJUBIM;60
1101005;RO;GOVERNADOR JORGE TEIXEIRA;60
1101104;RO;ITAPUÃ DO OESTE;60
1101203;RO;MINISTRO ANDREAZZA;60
1101302;RO;MIRANTE DA SERRA;60
1101401;RO;MONTE NEGRO;60
1101435;RO;NOVA UNIÃO;60
1101450;RO;PARECIS;60
1101468;RO;PIMENTEIRAS DO OESTE;60
1101476;RO;PRIMAVERA DE RONDÔNIA;60
1101484;RO;SÃO FELIPE D' OESTE;60
1101492;RO;SÃO FRANCISCO DO GUAPORÉ;60
1101500;RO;SERINGUEIRAS;60
1101559;RO;TEIXEIRÓPOLIS;60
1101609;RO;THEOBROMA;60
1101708;RO;URUPÁ;60
1101757;RO;VALE DO ANARI;60
1101807;RO;VALE DO PARAÍSO;60
1200138;AC;BUJARI;70
1200179;AC;CAPIXABA;70
1200401;AC;RIO BRANCO;70
1200807;AC;PORTO ACRE;70
1300300;AM;AUTAZES;80
1300508;AM;BARREIRINHA;80
1300631;AM;BERURI;80
1300680;AM;BOA VISTA DO RAMOS;80
1300839;AM;CAAPIRANGA;80
1301100;AM;CAREIRO;80
1301159;AM;CAREIRO DA VÁRZEA;80
1301852;AM;IRANDUBA;80
1301902;AM;ITACOATIARA;80
1302009;AM;ITAPIRANGA;80
1302504;AM;MANACAPURU;80
1302553;AM;MANAQUIRI;80
1302603;AM;MANAUS;10
1302900;AM;MAUÉS;80
1303007;AM;NHAMUNDÁ;80
1303106;AM;NOVA OLINDA DO NORTE;80
1303403;AM;PARINTINS;80
1303536;AM;PRESIDENTE FIGUEIREDO;80
1303569;AM;RIO PRETO DA EVA;80
1303957;AM;SÃO SEBASTIÃO DO UATUMÃ;80
1304005;AM;SILVES;80
1304302;AM;URUCARÁ;80
1304401;AM;URUCURITUBA;80
1400027;RR;AMAJARI;80
1400050;RR;ALTO ALEGRE;80
1400100;RR;BOA VISTA;80
1400159;RR;BONFIM;80
1400175;RR;CANTÁ;80
1400407;RR;NORMANDIA;80
1400456;RR;PACARAIMA;80
1400704;RR;UIRAMUTÃ;80
1500107;PA;ABAETETUBA;70
1500131;PA;ABEL FIGUEIREDO;70
1500206;PA;ACARÁ;50
1500305;PA;AFUÁ;70
1500347;PA;ÁGUA AZUL DO NORTE;70
1500404;PA;ALENQUER;75
1500503;PA;ALMEIRIM;70
1500602;PA;ALTAMIRA;75
1500701;PA;ANAJÁS;70
1500800;PA;ANANINDEUA;7
1500859;PA;ANAPU;70
1500909;PA;AUGUSTO CORRÊA;55
1500958;PA;AURORA DO PARÁ;55
1501006;PA;AVEIRO;75
1501105;PA;BAGRE;70
1501204;PA;BAIÃO;70
1501253;PA;BANNACH;75
1501303;PA;BARCARENA;70
1501402;PA;BELÉM;5
1501451;PA;BELTERRA;75
1501501;PA;BENEVIDES;7
1501576;PA;BOM JESUS DO TOCANTINS;70
1501600;PA;BONITO;55
1501709;PA;BRAGANÇA;55
1501725;PA;BRASIL NOVO;75
1501758;PA;BREJO GRANDE DO ARAGUAIA;70
1501782;PA;BREU BRANCO;70
1501808;PA;BREVES;70
1501907;PA;BUJARU;55
1501956;PA;CACHOEIRA DO PIRIÁ;75
1502004;PA;CACHOEIRA DO ARARI;65
1502103;PA;CAMETÁ;70
1502152;PA;CANAÃ DOS CARAJÁS;70
1502202;PA;CAPANEMA;55
1502301;PA;CAPITÃO POÇO;55
1502400;PA;CASTANHAL;55
1502509;PA;CHAVES;65
1502608;PA;COLARES;55
1502707;PA;CONCEIÇÃO DO ARAGUAIA;75
1502756;PA;CONCÓRDIA DO PARÁ;55
1502764;PA;CUMARU DO NORTE;75
1502772;PA;CURIONÓPOLIS;70
1502806;PA;CURRALINHO;70
1502855;PA;CURUÁ;75
1502905;PA;CURUÇÁ;55
1502939;PA;DOM ELISEU;55
1502954;PA;ELDORADO DO CARAJÁS;70
1503002;PA;FARO;75
1503044;PA;FLORESTA DO ARAGUAIA;75
1503077;PA;GARRAFÃO DO NORTE;55
1503093;PA;GOIANÉSIA DO PARÁ;55
1503101;PA;GURUPÁ;70
1503200;PA;IGARAPÉ-AÇU;55
1503309;PA;IGARAPÉ-MIRI;70
1503408;PA;INHANGAPI;55
1503457;PA;IPIXUNA DO PARÁ;55
1503507;PA;IRITUIA;55
1503606;PA;ITAITUBA;75
1503705;PA;ITUPIRANGA;70
1503754;PA;JACAREACANGA;75
1503804;PA;JACUNDÁ;70
1503903;PA;JURUTI;75
1504000;PA;LIMOEIRO DO AJURU;70
1504059;PA;MÃE DO RIO;55
1504109;PA;MAGALHÃES BARATA;55
1504208;PA;MARABÁ;70
1504307;PA;MARACANÃ;55
1504406;PA;MARAPANIM;55
1504422;PA;MARITUBA;7
1504455;PA;MEDICILÂNDIA;70
1504505;PA;MELGAÇO;70
1504604;PA;MOCAJUBA;70
1504703;PA;MOJU;70
1504752;PA;MOJUÍ DOS CAMPOS;75
1504802;PA;MONTE ALEGRE;75
1504901;PA;MUANÁ;65
1504950;PA;NOVA ESPERANÇA DO PIRIÁ;75
1504976;PA;NOVA IPIXUNA;70
1505007;PA;NOVA TIMBOTEUA;55
1505031;PA;NOVO PROGRESSO;75
1505064;PA;NOVO REPARTIMENTO;70
1505106;PA;ÓBIDOS;75
1505205;PA;OEIRAS DO PARÁ;70
1505304;PA;ORIXIMINÁ;75
1505403;PA;OURÉM;55
1505437;PA;OURILÂNDIA DO NORTE;75
1505486;PA;PACAJÁ;70
1505494;PA;PALESTINA DO PARÁ;70
1505502;PA;PARAGOMINAS;55
1505536;PA;PARAUAPEBAS;70
1505551;PA;PAU D'ARCO;75
1505601;PA;PEIXE-BOI;55
1505635;PA;PIÇARRA;75
1505650;PA;PLACAS;75
1505700;PA;PONTA DE PEDRAS;65
1505809;PA;PORTEL;70
1505908;PA;PORTO DE MOZ;70
1506005;PA;PRAINHA;70
1506104;PA;PRIMAVERA;55
1506112;PA;QUATIPURU;55
1506138;PA;REDENÇÃO;75
1506161;PA;RIO MARIA;75
1506187;PA;RONDON DO PARÁ;55
1506195;PA;RURÓPOLIS;75
1506203;PA;SALINÓPOLIS;55
1506302;PA;SALVATERRA;65
1506351;PA;SANTA BÁRBARA DO PARÁ;7
1506401;PA;SANTA CRUZ DO ARARI;65
1506500;PA;SANTA ISABEL DO PARÁ;55
1506559;PA;SANTA LUZIA DO PARÁ;75
1506583;PA;SANTA MARIA DAS BARREIRAS;75
1506609;PA;SANTA MARIA DO PARÁ;55
1506708;PA;SANTANA DO ARAGUAIA;75
1506807;PA;SANTARÉM;75
1506906;PA;SANTARÉM NOVO;55
1507003;PA;SANTO ANTÔNIO DO TAUÁ;55
1507102;PA;SÃO CAETANO DE ODIVELAS;55
1507151;PA;SÃO DOMINGOS DO ARAGUAIA;70
1507201;PA;SÃO DOMINGOS DO CAPIM;55
1507300;PA;SÃO FÉLIX DO XINGU;75
1507409;PA;SÃO FRANCISCO DO PARÁ;55
1507458;PA;SÃO GERALDO DO ARAGUAIA;75
1507466;PA;SÃO JOÃO DA PONTA;55
1507474;PA;SÃO JOÃO DE PIRABAS;55
1507508;PA;SÃO JOÃO DO ARAGUAIA;70
1507607;PA;SÃO MIGUEL DO GUAMÁ;55
1507706;PA;SÃO SEBASTIÃO DA BOA VISTA;70
1507755;PA;SAPUCAIA;75
1507805;PA;SENADOR JOSÉ PORFÍRIO;70
1507904;PA;SOURE;65
1507953;PA;TAILÂNDIA;50
1507961;PA;TERRA ALTA;55
1507979;PA;TERRA SANTA;75
1508001;PA;TOMÉ-AÇU;50
1508035;PA;TRACUATEUA;55
1508050;PA;TRAIRÃO;75
1508084;PA;TUCUMÃ;75
1508100;PA;TUCURUÍ;70
1508126;PA;ULIANÓPOLIS;55
1508159;PA;URUARÁ;70
1508209;PA;VIGIA;55
1508308;PA;VISEU;75
1508357;PA;VITÓRIA DO XINGU;75
1508407;PA;XINGUARA;75
1600055;AP;SERRA DO NAVIO;50
1600105;AP;AMAPÁ;70
1600154;AP;PEDRA BRANCA DO AMAPARÍ;50
1600204;AP;CALÇOENE;70
1600212;AP;CUTIAS;50
1600238;AP;FERREIRA GOMES;50
1600253;AP;ITAUBAL;50
1600279;AP;LARANJAL DO JARI;70
1600303;AP;MACAPÁ;50
1600402;AP;MAZAGÃO;70
1600501;AP;OIAPOQUE;70
1600535;AP;PORTO GRANDE;50
1600550;AP;PRACUÚBA;70
1600600;AP;SANTANA;50
1600709;AP;TARTARUGALZINHO;70
1600808;AP;VITÓRIA DO JARI;70
1700251;TO;ABREULÂNDIA;80
1700301;TO;AGUIARNÓPOLIS;80
1700350;TO;ALIANÇA DO TOCANTINS;80
1700400;TO;ALMAS;80
1700707;TO;ALVORADA;80
1701002;TO;ANANÁS;80
1701051;TO;ANGICO;80
1701101;TO;APARECIDA DO RIO NEGRO;80
1701309;TO;ARAGOMINAS;80
1701903;TO;ARAGUACEMA;80
1702000;TO;ARAGUAÇU;70
1702109;TO;ARAGUAÍNA;80
1702158;TO;ARAGUANÃ;80
1702208;TO;ARAGUATINS;80
1702307;TO;ARAPOEMA;80
1702406;TO;ARRAIAS;80
1702554;TO;AUGUSTINÓPOLIS;80
1702703;TO;AURORA DO TOCANTINS;80
1702901;TO;AXIXÁ DO TOCANTINS;80
1703008;TO;BABAÇULÂNDIA;80
1703057;TO;BANDEIRANTES DO TOCANTINS;80
1703073;TO;BARRA DO OURO;80
1703107;TO;BARROLÂNDIA;80
1703206;TO;BERNARDO SAYÃO;80
1703305;TO;BOM JESUS DO TOCANTINS;80
1703602;TO;BRASILÂNDIA DO TOCANTINS;80
1703701;TO;BREJINHO DE NAZARÉ;80
1703800;TO;BURITI DO TOCANTINS;80
1703826;TO;CACHOEIRINHA;80
1703842;TO;CAMPOS LINDOS;80
1703867;TO;CARIRI DO TOCANTINS;80
1703883;TO;CARMOLÂNDIA;80
1703891;TO;CARRASCO BONITO;80
1703909;TO;CASEARA;80
1704105;TO;CENTENÁRIO;80
1704600;TO;CHAPADA DE AREIA;80
1705102;TO;CHAPADA DA NATIVIDADE;80
1705508;TO;COLINAS DO TOCANTINS;80
1705557;TO;COMBINADO;80
1705607;TO;CONCEIÇÃO DO TOCANTINS;80
1706001;TO;COUTO DE MAGALHÃES;80
1706100;TO;CRISTALÂNDIA;80
1706258;TO;CRIXÁS DO TOCANTINS;80
1706506;TO;DARCINÓPOLIS;80
1707009;TO;DIANÓPOLIS;80
1707108;TO;DIVINÓPOLIS DO TOCANTINS;80
1707207;TO;DOIS IRMÃOS DO TOCANTINS;80
1707306;TO;DUERÉ;80
1707405;TO;ESPERANTINA;80
1707553;TO;FÁTIMA;80
1707652;TO;FIGUEIRÓPOLIS;80
1707702;TO;FILADÉLFIA;80
1708205;TO;FORMOSO DO ARAGUAIA;80
1708254;TO;FORTALEZA DO TABOCÃO;80
1708304;TO;GOIANORTE;80
1709005;TO;GOIATINS;80
1709302;TO;GUARAÍ;80
1709500;TO;GURUPI;80
1709807;TO;IPUEIRAS;80
1710508;TO;ITACAJÁ;80
1710706;TO;ITAGUATINS;80
1710904;TO;ITAPIRATINS;80
1711100;TO;ITAPORÃ DO TOCANTINS;80
1711506;TO;JAÚ DO TOCANTINS;80
1711803;TO;JUARINA;80
1711902;TO;LAGOA DA CONFUSÃO;80
1711951;TO;LAGOA DO TOCANTINS;80
1712009;TO;LAJEADO;80
1712157;TO;LAVANDEIRA;80
1712405;TO;LIZARDA;80
1712454;TO;LUZINÓPOLIS;80
1712504;TO;MARIANÓPOLIS DO TOCANTINS;80
1712702;TO;MATEIROS;80
1712801;TO;MAURILÂNDIA DO TOCANTINS;80
1713205;TO;MIRACEMA DO TOCANTINS;80
1713304;TO;MIRANORTE;80
1713601;TO;MONTE DO CARMO;80
1713700;TO;MONTE SANTO DO TOCANTINS;80
1713809;TO;PALMEIRAS DO TOCANTINS;80
1713957;TO;MURICILÂNDIA;80
1714203;TO;NATIVIDADE;80
1714302;TO;NAZARÉ;80
1714880;TO;NOVA OLINDA;80
1715002;TO;NOVA ROSALÂNDIA;80
1715101;TO;NOVO ACORDO;80
1715150;TO;NOVO ALEGRE;80
1715259;TO;NOVO JARDIM;80
1715507;TO;OLIVEIRA DE FÁTIMA;80
1715705;TO;PALMEIRANTE;80
1715754;TO;PALMEIRÓPOLIS;80
1716109;TO;PARAÍSO DO TOCANTINS;80
1716208;TO;PARANÃ;80
1716307;TO;PAU D'ARCO;80
1716505;TO;PEDRO AFONSO;80
1716604;TO;PEIXE;80
1716653;TO;PEQUIZEIRO;80
1716703;TO;COLMÉIA;80
1717008;TO;PINDORAMA DO TOCANTINS;80
1717206;TO;PIRAQUÊ;80
1717503;TO;PIUM;80
1717800;TO;PONTE ALTA DO BOM JESUS;80
1717909;TO;PONTE ALTA DO TOCANTINS;80
1718006;TO;PORTO ALEGRE DO TOCANTINS;80
1718204;TO;PORTO NACIONAL;80
1718303;TO;PRAIA NORTE;80
1718402;TO;PRESIDENTE KENNEDY;80
1718451;TO;PUGMIL;80
1718501;TO;RECURSOLÂNDIA;80
1718550;TO;RIACHINHO;80
1718659;TO;RIO DA CONCEIÇÃO;80
1718709;TO;RIO DOS BOIS;80
1718758;TO;RIO SONO;80
1718808;TO;SAMPAIO;80
1718840;TO;SANDOLÂNDIA;70
1718865;TO;SANTA FÉ DO ARAGUAIA;80
1718881;TO;SANTA MARIA DO TOCANTINS;80
1718899;TO;SANTA RITA DO TOCANTINS;80
1718907;TO;SANTA ROSA DO TOCANTINS;80
1719004;TO;SANTA TEREZA DO TOCANTINS;80
1720002;TO;SANTA TEREZINHA DO TOCANTINS;80
1720101;TO;SÃO BENTO DO TOCANTINS;80
1720150;TO;SÃO FÉLIX DO TOCANTINS;80
1720200;TO;SÃO MIGUEL DO TOCANTINS;80
1720259;TO;SÃO SALVADOR DO TOCANTINS;80
1720309;TO;SÃO SEBASTIÃO DO TOCANTINS;80
1720499;TO;SÃO VALÉRIO DA NATIVIDADE;80
1720655;TO;SILVANÓPOLIS;80
1720804;TO;SÍTIO NOVO DO TOCANTINS;80
1720853;TO;SUCUPIRA;80
1720903;TO;TAGUATINGA;80
1720937;TO;TAIPAS DO TOCANTINS;80
1720978;TO;TALISMÃ;80
1721000;TO;PALMAS;80
1721109;TO;TOCANTÍNIA;80
1721208;TO;TOCANTINÓPOLIS;80
1721257;TO;TUPIRAMA;80
1721307;TO;TUPIRATINS;80
1722081;TO;WANDERLÂNDIA;80
1722107;TO;XAMBIOÁ;80
2100055;MA;AÇAILÂNDIA;75
2100105;MA;AFONSO CUNHA;70
2100154;MA;ÁGUA DOCE DO MARANHÃO;70
2100204;MA;ALCÂNTARA;55
2100303;MA;ALDEIAS ALTAS;55
2100402;MA;ALTAMIRA DO MARANHÃO;60
2100436;MA;ALTO ALEGRE DO MARANHÃO;70
2100477;MA;ALTO ALEGRE DO PINDARÉ;60
2100501;MA;ALTO PARNAÍBA;75
2100550;MA;AMAPÁ DO MARANHÃO;75
2100600;MA;AMARANTE DO MARANHÃO;75
2100709;MA;ANAJATUBA;55
2100808;MA;ANAPURUS;70
2100832;MA;APICUM-AÇU;55
2100873;MA;ARAGUANÃ;60
2100907;MA;ARAIOSES;70
2100956;MA;ARAME;70
2101004;MA;ARARI;55
2101103;MA;AXIXÁ;70
2101202;MA;BACABAL;60
2101251;MA;BACABEIRA;30
2101301;MA;BACURI;55
2101350;MA;BACURITUBA;55
2101400;MA;BALSAS;75
2101509;MA;BARÃO DE GRAJAÚ;70
2101608;MA;BARRA DO CORDA;70
2101707;MA;BARREIRINHAS;70
2101731;MA;BELÁGUA;70
2101772;MA;BELA VISTA DO MARANHÃO;60
2101806;MA;BENEDITO LEITE;75
2101905;MA;BEQUIMÃO;55
2101939;MA;BERNARDO DO MEARIM;60
2101970;MA;BOA VISTA DO GURUPI;75
2102002;MA;BOM JARDIM;60
2102036;MA;BOM JESUS DAS SELVAS;60
2102077;MA;BOM LUGAR;60
2102101;MA;BREJO;70
2102150;MA;BREJO DE AREIA;60
2102200;MA;BURITI;70
2102309;MA;BURITI BRAVO;70
2102325;MA;BURITICUPU;60
2102358;MA;BURITIRANA;75
2102374;MA;CACHOEIRA GRANDE;70
2102408;MA;CAJAPIÓ;55
2102507;MA;CAJARI;55
2102556;MA;CAMPESTRE DO MARANHÃO;75
2102606;MA;CÂNDIDO MENDES;75
2102705;MA;CANTANHEDE;55
2102754;MA;CAPINZAL DO NORTE;60
2102804;MA;CAROLINA;75
2102903;MA;CARUTAPERA;75
2103000;MA;CAXIAS;55
2103109;MA;CEDRAL;55
2103125;MA;CENTRAL DO MARANHÃO;55
2103158;MA;CENTRO DO GUILHERME;75
2103174;MA;CENTRO NOVO DO MARANHÃO;75
2103208;MA;CHAPADINHA;70
2103257;MA;CIDELÂNDIA;75
2103307;MA;CODÓ;60
2103406;MA;COELHO NETO;70
2103505;MA;COLINAS;70
2103554;MA;CONCEIÇÃO DO LAGO-AÇU;60
2103604;MA;COROATÁ;70
2103703;MA;CURURUPU;55
2103752;MA;DAVINÓPOLIS;75
2103802;MA;DOM PEDRO;70
2103901;MA;DUQUE BACELAR;70
2104008;MA;ESPERANTINÓPOLIS;50
2104057;MA;ESTREITO;75
2104073;MA;FEIRA NOVA DO MARANHÃO;75
2104081;MA;FERNANDO FALCÃO;70
2104099;MA;FORMOSA DA SERRA NEGRA;70
2104107;MA;FORTALEZA DOS NOGUEIRAS;75
2104206;MA;FORTUNA;70
2104305;MA;GODOFREDO VIANA;75
2104404;MA;GONÇALVES DIAS;70
2104503;MA;GOVERNADOR ARCHER;70
2104552;MA;GOVERNADOR EDISON LOBÃO;75
2104602;MA;GOVERNADOR EUGÊNIO BARROS;70
2104628;MA;GOVERNADOR LUIZ ROCHA;70
2104651;MA;GOVERNADOR NEWTON BELLO;60
2104677;MA;GOVERNADOR NUNES FREIRE;75
2104701;MA;GRAÇA ARANHA;70
2104800;MA;GRAJAÚ;70
2104909;MA;GUIMARÃES;55
2105005;MA;HUMBERTO DE CAMPOS;70
2105104;MA;ICATU;65
2105153;MA;IGARAPÉ DO MEIO;60
2105203;MA;IGARAPÉ GRANDE;60
2105302;MA;IMPERATRIZ;75
2105351;MA;ITAIPAVA DO GRAJAÚ;70
2105401;MA;ITAPECURU MIRIM;55
2105427;MA;ITINGA DO MARANHÃO;75
2105450;MA;JATOBÁ;70
2105476;MA;JENIPAPO DOS VIEIRAS;70
2105500;MA;JOÃO LISBOA;75
2105609;MA;JOSELÂNDIA;50
2105658;MA;JUNCO DO MARANHÃO;75
2105708;MA;LAGO DA PEDRA;60
2105807;MA;LAGO DO JUNCO;60
2105906;MA;LAGO VERDE;60
2105922;MA;LAGOA DO MATO;70
2105948;MA;LAGO DOS RODRIGUES;60
2105963;MA;LAGOA GRANDE DO MARANHÃO;60
2105989;MA;LAJEADO NOVO;75
2106003;MA;LIMA CAMPOS;60
2106102;MA;LORETO;75
2106201;MA;LUÍS DOMINGUES;75
2106300;MA;MAGALHÃES DE ALMEIDA;70
2106326;MA;MARACAÇUMÉ;75
2106359;MA;MARAJÁ DO SENA;60
2106375;MA;MARANHÃOZINHO;75
2106409;MA;MATA ROMA;70
2106508;MA;MATINHA;55
2106607;MA;MATÕES;55
2106631;MA;MATÕES DO NORTE;55
2106672;MA;MILAGRES DO MARANHÃO;70
2106706;MA;MIRADOR;70
2106755;MA;MIRANDA DO NORTE;55
2106805;MA;MIRINZAL;55
2106904;MA;MONCÃO;60
2107001;MA;MONTES ALTOS;75
2107100;MA;MORROS;70
2107209;MA;NINA RODRIGUES;70
2107258;MA;NOVA COLINAS;75
2107308;MA;NOVA IORQUE;70
2107357;MA;NOVA OLINDA DO MARANHÃO;75
2107407;MA;OLHO D'ÁGUA DAS CUNHÃS;60
2107456;MA;OLINDA NOVA DO MARANHÃO;55
2107506;MA;PAÇO DO LUMIAR;30
2107605;MA;PALMEIRÂNDIA;55
2107704;MA;PARAIBANO;70
2107803;MA;PARNARAMA;55
2107902;MA;PASSAGEM FRANCA;70
2108009;MA;PASTOS BONS;70
2108058;MA;PAULINO NEVES;70
2108108;MA;PAULO RAMOS;60
2108207;MA;PEDREIRAS;60
2108256;MA;PEDRO DO ROSÁRIO;55
2108306;MA;PENALVA;55
2108405;MA;PERI MIRIM;55
2108454;MA;PERITORÓ;70
2108504;MA;PINDARÉ-MIRIM;60
2108603;MA;PINHEIRO;55
2108702;MA;PIO XII;60
2108801;MA;PIRAPEMAS;55
2108900;MA;POÇÃO DE PEDRAS;60
2109007;MA;PORTO FRANCO;75
2109056;MA;PORTO RICO DO MARANHÃO;55
2109106;MA;PRESIDENTE DUTRA;70
2109205;MA;PRESIDENTE JUSCELINO;70
2109239;MA;PRESIDENTE MÉDICI;75
2109270;MA;PRESIDENTE SARNEY;55
2109304;MA;PRESIDENTE VARGAS;70
2109403;MA;PRIMEIRA CRUZ;70
2109452;MA;RAPOSA;30
2109502;MA;RIACHÃO;75
2109551;MA;RIBAMAR FIQUENE;75
2109601;MA;ROSÁRIO;30
2109700;MA;SAMBAÍBA;75
2109759;MA;SANTA FILOMENA DO MARANHÃO;70
2109809;MA;SANTA HELENA;60
2109908;MA;SANTA INÊS;60
2110005;MA;SANTA LUZIA;60
2110039;MA;SANTA LUZIA DO PARUÁ;75
2110104;MA;SANTA QUITÉRIA DO MARANHÃO;70
2110203;MA;SANTA RITA;55
2110237;MA;SANTANA DO MARANHÃO;70
2110278;MA;SANTO AMARO DO MARANHÃO;70
2110302;MA;SANTO ANTÔNIO DOS LOPES;60
2110401;MA;SÃO BENEDITO DO RIO PRETO;70
2110500;MA;SÃO BENTO;55
2110609;MA;SÃO BERNARDO;70
2110658;MA;SÃO DOMINGOS DO AZEITÃO;75
2110708;MA;SÃO DOMINGOS DO MARANHÃO;70
2110807;MA;SÃO FÉLIX DE BALSAS;75
2110856;MA;SÃO FRANCISCO DO BREJÃO;75
2110906;MA;SÃO FRANCISCO DO MARANHÃO;70
2111003;MA;SÃO JOÃO BATISTA;55
2111029;MA;SÃO JOÃO DO CARÚ;60
2111052;MA;SÃO JOÃO DO PARAÍSO;75
2111078;MA;SÃO JOÃO DO SOTER;55
2111102;MA;SÃO JOÃO DOS PATOS;70
2111201;MA;SÃO JOSÉ DE RIBAMAR;30
2111250;MA;SÃO JOSÉ DOS BASÍLIOS;70
2111300;MA;SÃO LUÍS;15
2111409;MA;SÃO LUÍS GONZAGA DO MARANHÃO;60
2111508;MA;SÃO MATEUS DO MARANHÃO;55
2111532;MA;SÃO PEDRO DA ÁGUA BRANCA;75
2111573;MA;SÃO PEDRO DOS CRENTES;75
2111607;MA;SÃO RAIMUNDO DAS MANGABEIRAS;75
2111631;MA;SÃO RAIMUNDO DO DOCA BEZERRA;50
2111672;MA;SÃO ROBERTO;50
2111706;MA;SÃO VICENTE FERRER;55
2111722;MA;SATUBINHA;60
2111748;MA;SENADOR ALEXANDRE COSTA;70
2111763;MA;SENADOR LA ROCQUE;75
2111789;MA;SERRANO DO MARANHÃO;55
2111805;MA;SÍTIO NOVO;70
2111904;MA;SUCUPIRA DO NORTE;70
2111953;MA;SUCUPIRA DO RIACHÃO;70
2112001;MA;TASSO FRAGOSO;75
2112100;MA;TIMBIRAS;70
2112209;MA;TIMON;55
2112233;MA;TRIZIDELA DO VALE;60
2112274;MA;TUFILÂNDIA;60
2112308;MA;TUNTUM;70
2112407;MA;TURIAÇU;75
2112456;MA;TURILÂNDIA;75
2112506;MA;TUTÓIA;70
2112605;MA;URBANO SANTOS;70
2112704;MA;VARGEM GRANDE;70
2112803;MA;VIANA;55
2112852;MA;VILA NOVA DOS MARTÍRIOS;75
2112902;MA;VITÓRIA DO MEARIM;60
2113009;MA;VITORINO FREIRE;60
2114007;MA;ZÉ DOCA;60
2200053;PI;ACAUÃ;70
2200103;PI;AGRICOLÂNDIA;70
2200202;PI;ÁGUA BRANCA;70
2200251;PI;ALAGOINHA DO PIAUÍ;70
2200277;PI;ALEGRETE DO PIAUÍ;70
2200301;PI;ALTO LONGÁ;55
2200400;PI;ALTOS;30
2200459;PI;ALVORADA DO GURGUÉIA;70
2200509;PI;AMARANTE;70
2200608;PI;ANGICAL DO PIAUÍ;70
2200707;PI;ANÍSIO DE ABREU;70
2200806;PI;ANTÔNIO ALMEIDA;70
2200905;PI;AROAZES;70
2200954;PI;AROEIRAS DO ITAIM;70
2201002;PI;ARRAIAL;70
2201051;PI;ASSUNÇÃO DO PIAUÍ;60
2201101;PI;AVELINO LOPES;75
2201150;PI;BAIXA GRANDE DO RIBEIRO;75
2201176;PI;BARRA D'ALCÂNTARA;70
2201200;PI;BARRAS;60
2201309;PI;BARREIRAS DO PIAUÍ;75
2201408;PI;BARRO DURO;70
2201507;PI;BATALHA;60
2201556;PI;BELA VISTA DO PIAUÍ;70
2201572;PI;BELÉM DO PIAUÍ;70
2201606;PI;BENEDITINOS;30
2201705;PI;BERTOLÍNIA;70
2201739;PI;BETÂNIA DO PIAUÍ;70
2201770;PI;BOA HORA;60
2201804;PI;BOCAINA;70
2201903;PI;BOM JESUS;70
2201919;PI;BOM PRINCÍPIO DO PIAUÍ;55
2201929;PI;BONFIM DO PIAUÍ;70
2201945;PI;BOQUEIRÃO DO PIAUÍ;55
2201960;PI;BRASILEIRA;60
2201988;PI;BREJO DO PIAUÍ;70
2202000;PI;BURITI DOS LOPES;55
2202026;PI;BURITI DOS MONTES;60
2202059;PI;CABECEIRAS DO PIAUÍ;60
2202075;PI;CAJAZEIRAS DO PIAUÍ;70
2202083;PI;CAJUEIRO DA PRAIA;55
2202091;PI;CALDEIRÃO GRANDE DO PIAUÍ;70
2202109;PI;CAMPINAS DO PIAUÍ;70
2202117;PI;CAMPO ALEGRE DO FIDALGO;70
2202133;PI;CAMPO GRANDE DO PIAUÍ;70
2202174;PI;CAMPO LARGO DO PIAUÍ;55
2202208;PI;CAMPO MAIOR;55
2202251;PI;CANAVIEIRA;70
2202307;PI;CANTO DO BURITI;70
2202406;PI;CAPITÃO DE CAMPOS;60
2202455;PI;CAPITÃO GERVÁSIO OLIVEIRA;70
2202505;PI;CARACOL;70
2202539;PI;CARAUBAS DO PIAUÍ;55
2202554;PI;CARIDADE DO PIAUÍ;70
2202604;PI;CASTELO DO PIAUÍ;60
2202653;PI;CAXINGÓ;55
2202703;PI;COCAL;60
2202711;PI;COCAL DE TELHA;55
2202729;PI;COCAL DOS ALVES;60
2202737;PI;COIVARAS;30
2202752;PI;COLÔNIA DO GURGUÉIA;70
2202778;PI;COLÔNIA DO PIAUÍ;70
2202802;PI;CONCEIÇÃO DO CANINDÉ;70
2202851;PI;CORONEL JOSÉ DIAS;70
2202901;PI;CORRENTE;75
2203008;PI;CRISTALÂNDIA DO PIAUÍ;75
2203107;PI;CRISTINO CASTRO;70
2203206;PI;CURIMATÁ;75
2203230;PI;CURRAIS;70
2203255;PI;CURRALINHOS;30
2203271;PI;CURRAL NOVO DO PIAUÍ;70
2203305;PI;DEMERVAL LOBÃO;30
2203354;PI;DIRCEU ARCOVERDE;70
2203404;PI;DOM EXPEDITO LOPES;70
2203420;PI;DOMINGOS MOURÃO;60
2203453;PI;DOM INOCÊNCIO;70
2203503;PI;ELESBÃO VELOSO;70
2203602;PI;ELISEU MARTINS;70
2203701;PI;ESPERANTINA;55
2203750;PI;FARTURA DO PIAUÍ;70
2203800;PI;FLORES DO PIAUÍ;70
2203859;PI;FLORESTA DO PIAUÍ;70
2203909;PI;FLORIANO;70
2204006;PI;FRANCINÓPOLIS;70
2204105;PI;FRANCISCO AYRES;70
2204154;PI;FRANCISCO MACEDO;70
2204204;PI;FRANCISCO SANTOS;70
2204303;PI;FRONTEIRAS;70
2204352;PI;GEMINIANO;70
2204402;PI;GILBUÉS;75
2204501;PI;GUADALUPE;70
2204550;PI;GUARIBAS;70
2204600;PI;HUGO NAPOLEÃO;70
2204659;PI;ILHA GRANDE;55
2204709;PI;INHUMA;70
2204808;PI;IPIRANGA DO PIAUÍ;70
2204907;PI;ISAÍAS COELHO;70
2205003;PI;ITAINÓPOLIS;70
2205102;PI;ITAUEIRA;70
2205151;PI;JACOBINA DO PIAUÍ;70
2205201;PI;JAICÓS;70
2205250;PI;JARDIM DO MULATO;70
2205276;PI;JATOBÁ DO PIAUÍ;55
2205300;PI;JERUMENHA;70
2205359;PI;JOÃO COSTA;70
2205409;PI;JOAQUIM PIRES;55
2205458;PI;JOCA MARQUES;55
2205508;PI;JOSÉ DE FREITAS;30
2205516;PI;JUAZEIRO DO PIAUÍ;60
2205524;PI;JÚLIO BORGES;75
2205532;PI;JUREMA;70
2205540;PI;LAGOINHA DO PIAUÍ;70
2205557;PI;LAGOA ALEGRE;30
2205565;PI;LAGOA DO BARRO DO PIAUÍ;70
2205573;PI;LAGOA DE SÃO FRANCISCO;60
2205581;PI;LAGOA DO PIAUÍ;30
2205599;PI;LAGOA DO SÍTIO;70
2205607;PI;LANDRI SALES;70
2205706;PI;LUÍS CORREIA;55
2205805;PI;LUZILÂNDIA;55
2205854;PI;MADEIRO;55
2205904;PI;MANOEL EMÍDIO;70
2205953;PI;MARCOLÂNDIA;70
2206001;PI;MARCOS PARENTE;70
2206050;PI;MASSAPÊ DO PIAUÍ;70
2206100;PI;MATIAS OLÍMPIO;55
2206209;PI;MIGUEL ALVES;30
2206308;PI;MIGUEL LEÃO;70
2206357;PI;MILTON BRANDÃO;60
2206407;PI;MONSENHOR GIL;30
2206506;PI;MONSENHOR HIPÓLITO;70
2206605;PI;MONTE ALEGRE DO PIAUÍ;75
2206654;PI;MORRO CABEÇA NO TEMPO;75
2206670;PI;MORRO DO CHAPÉU DO PIAUÍ;55
2206696;PI;MURICI DOS PORTELAS;55
2206704;PI;NAZARÉ DO PIAUÍ;70
2206720;PI;NAZÁRIA;15
2206753;PI;NOSSA SENHORA DE NAZARÉ;55
2206803;PI;NOSSA SENHORA DOS REMÉDIOS;55
2206902;PI;NOVO ORIENTE DO PIAUÍ;70
2206951;PI;NOVO SANTO ANTÔNIO;55
2207009;PI;OEIRAS;70
2207108;PI;OLHO D'ÁGUA DO PIAUÍ;70
2207207;PI;PADRE MARCOS;70
2207306;PI;PAES LANDIM;70
2207355;PI;PAJEÚ DO PIAUÍ;70
2207405;PI;PALMEIRA DO PIAUÍ;70
2207504;PI;PALMEIRAIS;70
2207553;PI;PAQUETÁ;70
2207603;PI;PARNAGUÁ;75
2207702;PI;PARNAÍBA;55
2207751;PI;PASSAGEM FRANCA DO PIAUÍ;70
2207777;PI;PATOS DO PIAUÍ;70
2207793;PI;PAU D'ARCO DO PIAUÍ;30
2207801;PI;PAULISTANA;70
2207850;PI;PAVUSSU;70
2207900;PI;PEDRO II;60
2207934;PI;PEDRO LAURENTINO;70
2207959;PI;NOVA SANTA RITA;70
2208007;PI;PICOS;70
2208106;PI;PIMENTEIRAS;70
2208205;PI;PIO IX;70
2208304;PI;PIRACURUCA;60
2208403;PI;PIRIPIRI;60
2208502;PI;PORTO;55
2208551;PI;PORTO ALEGRE DO PIAUÍ;70
2208601;PI;PRATA DO PIAUÍ;70
2208650;PI;QUEIMADA NOVA;70
2208700;PI;REDENÇÃO DO GURGUÉIA;70
2208809;PI;REGENERAÇÃO;70
2208858;PI;RIACHO FRIO;75
2208874;PI;RIBEIRA DO PIAUÍ;70
2208908;PI;RIBEIRO GONÇALVES;75
2209005;PI;RIO GRANDE DO PIAUÍ;70
2209104;PI;SANTA CRUZ DO PIAUÍ;70
2209153;PI;SANTA CRUZ DOS MILAGRES;70
2209203;PI;SANTA FILOMENA;75
2209302;PI;SANTA LUZ;70
2209351;PI;SANTANA DO PIAUÍ;70
2209377;PI;SANTA ROSA DO PIAUÍ;70
2209401;PI;SANTO ANTÔNIO DE LISBOA;70
2209450;PI;SANTO ANTÔNIO DOS MILAGRES;70
2209500;PI;SANTO INÁCIO DO PIAUÍ;70
2209559;PI;SÃO BRÁZ DO PIAUÍ;70
2209609;PI;SÃO FÉLIX DO PIAUÍ;70
2209658;PI;SÃO FRANCISCO DE ASSIS DO PIAUÍ;70
2209708;PI;SÃO FRANCISCO DO PIAUÍ;70
2209757;PI;SÃO GONÇALO DO GURGUÉIA;75
2209807;PI;SÃO GONÇALO DO PIAUÍ;70
2209856;PI;SÃO JOÃO DA CANABRAVA;70
2209872;PI;SÃO JOÃO DA FRONTEIRA;60
2209906;PI;SÃO JOÃO DA SERRA;55
2209955;PI;SÃO JOÃO DA VARJOTA;70
2209971;PI;SÃO JOÃO DO ARRAIAL;55
2210003;PI;SÃO JOÃO DO PIAUÍ;70
2210052;PI;SÃO JOSÉ DO DIVINO;60
2210102;PI;SÃO JOSÉ DO PEIXE;70
2210201;PI;SÃO JOSÉ DO PIAUÍ;70
2210300;PI;SÃO JULIÃO;70
2210359;PI;SÃO LOURENÇO DO PIAUÍ;70
2210375;PI;SÃO LUIS DO PIAUÍ;70
2210383;PI;SÃO MIGUEL DA BAIXA GRANDE;70
2210391;PI;SÃO MIGUEL DO FIDALGO;70
2210409;PI;SÃO MIGUEL DO TAPUIO;60
2210508;PI;SÃO PEDRO DO PIAUÍ;70
2210607;PI;SÃO RAIMUNDO NONATO;70
2210623;PI;SEBASTIÃO BARROS;75
2210631;PI;SEBASTIÃO LEAL;70
2210656;PI;SIGEFREDO PACHECO;55
2210706;PI;SIMÕES;70
2210805;PI;SIMPLÍCIO MENDES;70
2210904;PI;SOCORRO DO PIAUÍ;70
2210938;PI;SUSSUAPARA;70
2210953;PI;TAMBORIL DO PIAUÍ;70
2210979;PI;TANQUE DO PIAUÍ;70
2211001;PI;TERESINA;15
2211100;PI;UNIÃO;30
2211209;PI;URUÇUÍ;75
2211308;PI;VALENÇA DO PIAUÍ;70
2211357;PI;VÁRZEA BRANCA;70
2211407;PI;VÁRZEA GRANDE;70
2211506;PI;VERA MENDES;70
2211605;PI;VILA NOVA DO PIAUÍ;70
2211704;PI;WALL FERRAZ;70
2300101;CE;ABAIARA;45
2300150;CE;ACARAPE;35
2300200;CE;ACARAÚ;55
2300309;CE;ACOPIARA;40
2300408;CE;AIUABA;90
2300507;CE;ALCÂNTARAS;40
2300606;CE;ALTANEIRA;50
2300705;CE;ALTO SANTO;55
2300754;CE;AMONTADA;50
2300804;CE;ANTONINA DO NORTE;50
2300903;CE;APUIARÉS;50
2301000;CE;AQUIRAZ;10
2301109;CE;ARACATI;45
2301208;CE;ARACOIABA;40
2301257;CE;ARARENDÁ;70
2301307;CE;ARARIPE;65
2301406;CE;ARATUBA;20
2301505;CE;ARNEIROZ;90
2301604;CE;ASSARÉ;50
2301703;CE;AURORA;45
2301802;CE;BAIXIO;40
2301851;CE;BANABUIÚ;50
2301901;CE;BARBALHA;26
2301950;CE;BARREIRA;35
2302008;CE;BARRO;45
2302057;CE;BARROQUINHA;55
2302107;CE;BATURITÉ;40
2302206;CE;BEBERIBE;28
2302305;CE;BELA CRUZ;40
2302404;CE;BOA VIAGEM;50
2302503;CE;BREJO SANTO;45
2302602;CE;CAMOCIM;55
2302701;CE;CAMPOS SALES;70
2302800;CE;CANINDÉ;50
2302909;CE;CAPISTRANO;45
2303006;CE;CARIDADE;50
2303105;CE;CARIRÉ;55
2303204;CE;CARIRIAÇU;45
2303303;CE;CARIÚS;40
2303402;CE;CARNAUBAL;50
2303501;CE;CASCAVEL;28
2303600;CE;CATARINA;90
2303659;CE;CATUNDA;55
2303709;CE;CAUCAIA;15
2303808;CE;CEDRO;40
2303907;CE;CHAVAL;55
2303931;CE;CHORÓ;50
2303956;CE;CHOROZINHO;16
2304004;CE;COREAÚ;55
2304103;CE;CRATEÚS;80
2304202;CE;CRATO;26
2304236;CE;CROATÁ;45
2304251;CE;CRUZ;55
2304269;CE;DEPUTADO IRAPUAN PINHEIRO;55
2304277;CE;ERERÊ;55
2304285;CE;EUSÉBIO;10
2304301;CE;FARIAS BRITO;50
2304350;CE;FORQUILHA;50
2304400;CE;FORTALEZA;5
2304459;CE;FORTIM;45
2304509;CE;FRECHEIRINHA;50
2304608;CE;GENERAL SAMPAIO;50
2304657;CE;GRAÇA;40
2304707;CE;GRANJA;55
2304806;CE;GRANJEIRO;45
2304905;CE;GROAÍRAS;55
2304954;CE;GUAIÚBA;15
2305001;CE;GUARACIABA DO NORTE;45
2305100;CE;GUARAMIRANGA;20
2305209;CE;HIDROLÂNDIA;50
2305233;CE;HORIZONTE;16
2305266;CE;IBARETAMA;50
2305308;CE;IBIAPINA;45
2305332;CE;IBICUITINGA;55
2305357;CE;ICAPUÍ;45
2305407;CE;ICÓ;40
2305506;CE;IGUATU;40
2305605;CE;INDEPENDÊNCIA;80
2305654;CE;IPAPORANGA;70
2305704;CE;IPAUMIRIM;40
2305803;CE;IPU;50
2305902;CE;IPUEIRAS;70
2306009;CE;IRACEMA;60
2306108;CE;IRAUÇUBA;55
2306207;CE;ITAIÇABA;55
2306256;CE;ITAITINGA;15
2306306;CE;ITAPAGÉ;45
2306405;CE;ITAPIPOCA;50
2306504;CE;ITAPIÚNA;45
2306553;CE;ITAREMA;55
2306603;CE;ITATIRA;50
2306702;CE;JAGUARETAMA;55
2306801;CE;JAGUARIBARA;55
2306900;CE;JAGUARIBE;55
2307007;CE;JAGUARUANA;55
2307106;CE;JARDIM;26
2307205;CE;JATI;45
2307254;CE;JIJOCA DE JERICOACOARA;55
2307304;CE;JUAZEIRO DO NORTE;26
2307403;CE;JUCÁS;40
2307502;CE;LAVRAS DA MANGABEIRA;40
2307601;CE;LIMOEIRO DO NORTE;55
2307635;CE;MADALENA;50
2307650;CE;MARACANAÚ;15
2307700;CE;MARANGUAPE;15
2307809;CE;MARCO;55
2307908;CE;MARTINÓPOLE;55
2308005;CE;MASSAPÊ;50
2308104;CE;MAURITI;45
2308203;CE;MERUOCA;40
2308302;CE;MILAGRES;45
2308351;CE;MILHÃ;55
2308377;CE;MIRAÍMA;50
2308401;CE;MISSÃO VELHA;26
2308500;CE;MOMBAÇA;40
2308609;CE;MONSENHOR TABOSA;80
2308708;CE;MORADA NOVA;55
2308807;CE;MORAÚJO;55
2308906;CE;MORRINHOS;65
2309003;CE;MUCAMBO;55
2309102;CE;MULUNGU;20
2309201;CE;NOVA OLINDA;55
2309300;CE;NOVA RUSSAS;70
2309409;CE;NOVO ORIENTE;80
2309458;CE;OCARA;40
2309508;CE;ORÓS;40
2309607;CE;PACAJUS;16
2309706;CE;PACATUBA;15
2309805;CE;PACOTI;20
2309904;CE;PACUJÁ;55
2310001;CE;PALHANO;55
2310100;CE;PALMÁCIA;20
2310209;CE;PARACURU;45
2310258;CE;PARAIPABA;45
2310308;CE;PARAMBU;90
2310407;CE;PARAMOTI;50
2310506;CE;PEDRA BRANCA;50
2310605;CE;PENAFORTE;45
2310704;CE;PENTECOSTE;50
2310803;CE;PEREIRO;55
2310852;CE;PINDORETAMA;28
2310902;CE;PIQUET CARNEIRO;50
2310951;CE;PIRES FERREIRA;50
2311009;CE;PORANGA;70
2311108;CE;PORTEIRAS;45
2311207;CE;POTENGI;60
2311231;CE;POTIRETAMA;60
2311264;CE;QUITERIANÓPOLIS;80
2311306;CE;QUIXADÁ;50
2311355;CE;QUIXELÔ;40
2311405;CE;QUIXERAMOBIM;50
2311504;CE;QUIXERÉ;55
2311603;CE;REDENÇÃO;35
2311702;CE;RERIUTABA;55
2311801;CE;RUSSAS;55
2311900;CE;SABOEIRO;90
2311959;CE;SALITRE;70
2312007;CE;SANTANA DO ACARAÚ;65
2312106;CE;SANTANA DO CARIRI;55
2312205;CE;SANTA QUITÉRIA;55
2312304;CE;SÃO BENEDITO;40
2312403;CE;SÃO GONÇALO DO AMARANTE;50
2312502;CE;SÃO JOÃO DO JAGUARIBE;55
2312601;CE;SÃO LUÍS DO CURU;50
2312700;CE;SENADOR POMPEU;50
2312809;CE;SENADOR SÁ;65
2312908;CE;SOBRAL;50
2313005;CE;SOLONÓPOLE;55
2313104;CE;TABULEIRO DO NORTE;55
2313203;CE;TAMBORIL;80
2313252;CE;TARRAFAS;50
2313302;CE;TAUÁ;90
2313351;CE;TEJUÇUOCA;45
2313401;CE;TIANGUÁ;45
2313500;CE;TRAIRI;50
2313559;CE;TURURU;35
2313609;CE;UBAJARA;50
2313708;CE;UMARI;40
2313757;CE;UMIRIM;35
2313807;CE;URUBURETAMA;35
2313906;CE;URUOCA;65
2313955;CE;VARJOTA;55
2314003;CE;VÁRZEA ALEGRE;50
2314102;CE;VIÇOSA DO CEARÁ;50
2400109;RN;ACARI;35
2400208;RN;AÇU;55
2400307;RN;AFONSO BEZERRA;60
2400406;RN;ÁGUA NOVA;50
2400505;RN;ALEXANDRIA;45
2400604;RN;ALMINO AFONSO;40
2400703;RN;ALTO DO RODRIGUES;65
2400802;RN;ANGICOS;60
2400901;RN;ANTÔNIO MARTINS;50
2401008;RN;APODI;55
2401107;RN;AREIA BRANCA;65
2401206;RN;ARÊS;20
2401305;RN;AUGUSTO SEVERO;55
2401404;RN;BAÍA FORMOSA;20
2401453;RN;BARAÚNA;70
2401503;RN;BARCELONA;30
2401602;RN;BENTO FERNANDES;50
2401651;RN;BODÓ;60
2401701;RN;BOM JESUS;35
2401800;RN;BREJINHO;35
2401859;RN;CAIÇARA DO NORTE;60
2401909;RN;CAIÇARA DO RIO DO VENTO;50
2402006;RN;CAICÓ;35
2402105;RN;CAMPO REDONDO;30
2402204;RN;CANGUARETAMA;20
2402303;RN;CARAÚBAS;55
2402402;RN;CARNAÚBA DOS DANTAS;35
2402501;RN;CARNAUBAIS;70
2402600;RN;CEARÁ-MIRIM;20
2402709;RN;CERRO CORÁ;30
2402808;RN;CORONEL EZEQUIEL;30
2402907;RN;CORONEL JOÃO PESSOA;50
2403004;RN;CRUZETA;40
2403103;RN;CURRAIS NOVOS;30
2403202;RN;DOUTOR SEVERIANO;50
2403251;RN;PARNAMIRIM;10
2403301;RN;ENCANTO;50
2403400;RN;EQUADOR;30
2403509;RN;ESPÍRITO SANTO;20
2403608;RN;EXTREMOZ;20
2403707;RN;FELIPE GUERRA;55
2403756;RN;FERNANDO PEDROZA;60
2403806;RN;FLORÂNIA;35
2403905;RN;FRANCISCO DANTAS;55
2404002;RN;FRUTUOSO GOMES;45
2404101;RN;GALINHOS;65
2404200;RN;GOIANINHA;20
2404309;RN;GOVERNADOR DIX-SEPT ROSADO;55
2404408;RN;GROSSOS;70
2404507;RN;GUAMARÉ;65
2404606;RN;IELMO MARINHO;35
2404705;RN;IPANGUAÇU;55
2404804;RN;IPUEIRA;30
2404853;RN;ITAJÁ;55
2404903;RN;ITAÚ;55
2405009;RN;JAÇANÃ;30
2405108;RN;JANDAÍRA;50
2405207;RN;JANDUÍS;55
2405306;RN;JANUÁRIO CICCO;35
2405405;RN;JAPI;35
2405504;RN;JARDIM DE ANGICOS;50
2405603;RN;JARDIM DE PIRANHAS;30
2405702;RN;JARDIM DO SERIDÓ;30
2405801;RN;JOÃO CÂMARA;50
2405900;RN;JOÃO DIAS;50
2406007;RN;JOSÉ DA PENHA;50
2406106;RN;JUCURUTU;35
2406155;RN;JUNDIÁ;35
2406205;RN;LAGOA D'ANTA;35
2406304;RN;LAGOA DE PEDRAS;35
2406403;RN;LAGOA DE VELHOS;35
2406502;RN;LAGOA NOVA;35
2406601;RN;LAGOA SALGADA;30
2406700;RN;LAJES;50
2406809;RN;LAJES PINTADAS;30
2406908;RN;LUCRÉCIA;40
2407005;RN;LUÍS GOMES;45
2407104;RN;MACAÍBA;12
2407203;RN;MACAU;65
2407252;RN;MAJOR SALES;45
2407302;RN;MARCELINO VIEIRA;55
2407401;RN;MARTINS;55
2407500;RN;MAXARANGUAPE;20
2407609;RN;MESSIAS TARGINO;45
2407708;RN;MONTANHAS;35
2407807;RN;MONTE ALEGRE;35
2407906;RN;MONTE DAS GAMELEIRAS;30
2408003;RN;MOSSORÓ;70
2408102;RN;NATAL;7
2408201;RN;NÍSIA FLORESTA;20
2408300;RN;NOVA CRUZ;35
2408409;RN;OLHO-D'ÁGUA DO BORGES;45
2408508;RN;OURO BRANCO;35
2408607;RN;PARANÁ;40
2408706;RN;PARAÚ;55
2408805;RN;PARAZINHO;50
2408904;RN;PARELHAS;30
2408953;RN;RIO DO FOGO;20
2409100;RN;PASSA E FICA;35
2409209;RN;PASSAGEM;35
2409308;RN;PATU;45
2409332;RN;SANTA MARIA;35
2409407;RN;PAU DOS FERROS;60
2409506;RN;PEDRA GRANDE;60
2409605;RN;PEDRA PRETA;50
2409704;RN;PEDRO AVELINO;60
2409803;RN;PEDRO VELHO;20
2409902;RN;PENDÊNCIAS;65
2410009;RN;PILÕES;55
2410108;RN;POÇO BRANCO;50
2410207;RN;PORTALEGRE;40
2410256;RN;PORTO DO MANGUE;70
2410306;RN;SERRA CAIADA;35
2410405;RN;PUREZA;50
2410504;RN;RAFAEL FERNANDES;50
2410603;RN;RAFAEL GODEIRO;45
2410702;RN;RIACHO DA CRUZ;55
2410801;RN;RIACHO DE SANTANA;50
2410900;RN;RIACHUELO;35
2411007;RN;RODOLFO FERNANDES;55
2411056;RN;TIBAU;70
2411106;RN;RUY BARBOSA;35
2411205;RN;SANTA CRUZ;35
2411403;RN;SANTANA DO MATOS;60
2411429;RN;SANTANA DO SERIDÓ;30
2411502;RN;SANTO ANTÔNIO;35
2411601;RN;SÃO BENTO DO NORTE;60
2411700;RN;SÃO BENTO DO TRAIRÍ;30
2411809;RN;SÃO FERNANDO;45
2411908;RN;SÃO FRANCISCO DO OESTE;50
2412005;RN;SÃO GONÇALO DO AMARANTE;12
2412104;RN;SÃO JOÃO DO SABUGI;45
2412203;RN;SÃO JOSÉ DE MIPIBU;20
2412302;RN;SÃO JOSÉ DO CAMPESTRE;35
2412401;RN;SÃO JOSÉ DO SERIDÓ;35
2412500;RN;SÃO MIGUEL;45
2412559;RN;SÃO MIGUEL DO GOSTOSO;60
2412609;RN;SÃO PAULO DO POTENGI;35
2412708;RN;SÃO PEDRO;35
2412807;RN;SÃO RAFAEL;55
2412906;RN;SÃO TOMÉ;30
2413003;RN;SÃO VICENTE;30
2413102;RN;SENADOR ELÓI DE SOUZA;35
2413201;RN;SENADOR GEORGINO AVELINO;20
2413300;RN;SERRA DE SÃO BENTO;35
2413359;RN;SERRA DO MEL;70
2413409;RN;SERRA NEGRA DO NORTE;45
2413508;RN;SERRINHA;35
2413557;RN;SERRINHA DOS PINTOS;55
2413607;RN;SEVERIANO MELO;50
2413706;RN;SÍTIO NOVO;30
2413805;RN;TABOLEIRO GRANDE;55
2413904;RN;TAIPU;50
2414001;RN;TANGARÁ;35
2414100;RN;TENENTE ANANIAS;50
2414159;RN;TENENTE LAURENTINO CRUZ;35
2414209;RN;TIBAU DO SUL;20
2414308;RN;TIMBAÚBA DOS BATISTAS;35
2414407;RN;TOUROS;60
2414456;RN;TRIUNFO POTIGUAR;55
2414506;RN;UMARIZAL;40
2414605;RN;UPANEMA;55
2414704;RN;VÁRZEA;35
2414753;RN;VENHA-VER;45
2414803;RN;VERA CRUZ;35
2414902;RN;VIÇOSA;50
2415008;RN;VILA FLOR;20
2500106;PB;ÁGUA BRANCA;40
2500205;PB;AGUIAR;60
2500304;PB;ALAGOA GRANDE;30
2500403;PB;ALAGOA NOVA;16
2500502;PB;ALAGOINHA;35
2500536;PB;ALCANTIL;60
2500577;PB;ALGODÃO DE JANDAÍRA;18
2500601;PB;ALHANDRA;10
2500700;PB;SÃO JOÃO DO RIO DO PEIXE;55
2500734;PB;AMPARO;55
2500775;PB;APARECIDA;55
2500809;PB;ARAÇAGI;35
2500908;PB;ARARA;30
2501005;PB;ARARUNA;40
2501104;PB;AREIA;25
2501153;PB;AREIA DE BARAÚNAS;60
2501203;PB;AREIAL;16
2501302;PB;AROEIRAS;60
2501351;PB;ASSUNÇÃO;55
2501401;PB;BAÍA DA TRAIÇÃO;16
2501500;PB;BANANEIRAS;25
2501534;PB;BARAÚNA;30
2501575;PB;BARRA DE SANTANA;60
2501609;PB;BARRA DE SANTA ROSA;30
2501708;PB;BARRA DE SÃO MIGUEL;60
2501807;PB;BAYEUX;12
2501906;PB;BELÉM;35
2502003;PB;BELÉM DO BREJO DO CRUZ;60
2502052;PB;BERNARDINO BATISTA;55
2502102;PB;BOA VENTURA;55
2502151;PB;BOA VISTA;12
2502201;PB;BOM JESUS;55
2502300;PB;BOM SUCESSO;60
2502409;PB;BONITO DE SANTA FÉ;50
2502508;PB;BOQUEIRÃO;60
2502607;PB;IGARACY;60
2502706;PB;BORBOREMA;20
2502805;PB;BREJO DO CRUZ;60
2502904;PB;BREJO DOS SANTOS;60
2503001;PB;CAAPORÃ;10
2503100;PB;CABACEIRAS;60
2503209;PB;CABEDELO;10
2503308;PB;CACHOEIRA DOS ÍNDIOS;50
2503407;PB;CACIMBA DE AREIA;55
2503506;PB;CACIMBA DE DENTRO;30
2503555;PB;CACIMBAS;40
2503605;PB;CAIÇARA;35
2503704;PB;CAJAZEIRAS;50
2503753;PB;CAJAZEIRINHAS;60
2503803;PB;CALDAS BRANDÃO;30
2503902;PB;CAMALAÚ;55
2504009;PB;CAMPINA GRANDE;12
2504033;PB;CAPIM;10
2504074;PB;CARAÚBAS;55
2504108;PB;CARRAPATEIRA;55
2504157;PB;CASSERENGUE;16
2504207;PB;CATINGUEIRA;60
2504306;PB;CATOLÉ DO ROCHA;60
2504355;PB;CATURITÉ;60
2504405;PB;CONCEIÇÃO;60
2504504;PB;CONDADO;55
2504603;PB;CONDE;10
2504702;PB;CONGO;55
2504801;PB;COREMAS;55
2504850;PB;COXIXOLA;55
2504900;PB;CRUZ DO ESPÍRITO SANTO;10
2505006;PB;CUBATI;28
2505105;PB;CUITÉ;35
2505204;PB;CUITEGI;35
2505238;PB;CUITÉ DE MAMANGUAPE;10
2505279;PB;CURRAL DE CIMA;10
2505303;PB;CURRAL VELHO;55
2505352;PB;DAMIÃO;30
2505402;PB;DESTERRO;40
2505501;PB;VISTA SERRANA;55
2505600;PB;DIAMANTE;55
2505709;PB;DONA INÊS;30
2505808;PB;DUAS ESTRADAS;35
2505907;PB;EMAS;60
2506004;PB;ESPERANÇA;12
2506103;PB;FAGUNDES;20
2506202;PB;FREI MARTINHO;30
2506251;PB;GADO BRAVO;60
2506301;PB;GUARABIRA;35
2506400;PB;GURINHÉM;35
2506509;PB;GURJÃO;55
2506608;PB;IBIARA;60
2506707;PB;IMACULADA;40
2506806;PB;INGÁ;40
2506905;PB;ITABAIANA;30
2507002;PB;ITAPORANGA;60
2507101;PB;ITAPOROROCA;16
2507200;PB;ITATUBA;35
2507309;PB;JACARAÚ;16
2507408;PB;JERICÓ;60
2507507;PB;JOÃO PESSOA;7
2507606;PB;JUAREZ TÁVORA;35
2507705;PB;JUAZEIRINHO;30
2507804;PB;JUNCO DO SERIDÓ;55
2507903;PB;JURIPIRANGA;30
2508000;PB;JURU;40
2508109;PB;LAGOA;60
2508208;PB;LAGOA DE DENTRO;35
2508307;PB;LAGOA SECA;12
2508406;PB;LASTRO;55
2508505;PB;LIVRAMENTO;55
2508554;PB;LOGRADOURO;35
2508604;PB;LUCENA;10
2508703;PB;MÃE D'ÁGUA;40
2508802;PB;MALTA;55
2508901;PB;MAMANGUAPE;10
2509008;PB;MANAÍRA;40
2509057;PB;MARCAÇÃO;16
2509107;PB;MARI;30
2509156;PB;MARIZÓPOLIS;55
2509206;PB;MASSARANDUBA;12
2509305;PB;MATARACA;10
2509339;PB;MATINHAS;16
2509370;PB;MATO GROSSO;60
2509396;PB;MATURÉIA;40
2509404;PB;MOGEIRO;30
2509503;PB;MONTADAS;12
2509602;PB;MONTE HOREBE;50
2509701;PB;MONTEIRO;55
2509800;PB;MULUNGU;35
2509909;PB;NATUBA;35
2510006;PB;NAZAREZINHO;55
2510105;PB;NOVA FLORESTA;30
2510204;PB;NOVA OLINDA;60
2510303;PB;NOVA PALMEIRA;30
2510402;PB;OLHO D'ÁGUA;60
2510501;PB;OLIVEDOS;55
2510600;PB;OURO VELHO;55
2510659;PB;PARARI;55
2510709;PB;PASSAGEM;60
2510808;PB;PATOS;55
2510907;PB;PAULISTA;55
2511004;PB;PEDRA BRANCA;60
2511103;PB;PEDRA LAVRADA;30
2511202;PB;PEDRAS DE FOGO;10
2511301;PB;PIANCÓ;60
2511400;PB;PICUÍ;30
2511509;PB;PILAR;30
2511608;PB;PILÕES;25
2511707;PB;PILÕEZINHOS;24
2511806;PB;PIRPIRITUBA;25
2511905;PB;PITIMBU;10
2512002;PB;POCINHOS;14
2512036;PB;POÇO DANTAS;55
2512077;PB;POÇO DE JOSÉ DE MOURA;55
2512101;PB;POMBAL;60
2512200;PB;PRATA;55
2512309;PB;PRINCESA ISABEL;40
2512408;PB;PUXINANÃ;16
2512507;PB;QUEIMADAS;20
2512606;PB;QUIXABA;55
2512705;PB;REMÍGIO;18
2512721;PB;PEDRO RÉGIS;16
2512747;PB;RIACHÃO;40
2512754;PB;RIACHÃO DO BACAMARTE;40
2512762;PB;RIACHÃO DO POÇO;30
2512788;PB;RIACHO DE SANTO ANTÔNIO;60
2512804;PB;RIACHO DOS CAVALOS;60
2512903;PB;RIO TINTO;16
2513000;PB;SALGADINHO;55
2513109;PB;SALGADO DE SÃO FÉLIX;30
2513158;PB;SANTA CECÍLIA;60
2513208;PB;SANTA CRUZ;55
2513307;PB;SANTA HELENA;55
2513356;PB;SANTA INÊS;60
2513406;PB;SANTA LUZIA;55
2513505;PB;SANTANA DE MANGUEIRA;60
2513604;PB;SANTANA DOS GARROTES;60
2513653;PB;SANTARÉM;55
2513703;PB;SANTA RITA;10
2513802;PB;SANTA TERESINHA;55
2513851;PB;SANTO ANDRÉ;55
2513901;PB;SÃO BENTO;35
2513927;PB;SÃO BENTINHO;60
2513943;PB;SÃO DOMINGOS DO CARIRI;60
2513968;PB;SÃO DOMINGOS DE POMBAL;60
2513984;PB;SÃO FRANCISCO;55
2514008;PB;SÃO JOÃO DO CARIRI;55
2514107;PB;SÃO JOÃO DO TIGRE;55
2514206;PB;SÃO JOSÉ DA LAGOA TAPADA;55
2514305;PB;SÃO JOSÉ DE CAIANA;55
2514404;PB;SÃO JOSÉ DE ESPINHARAS;55
2514453;PB;SÃO JOSÉ DOS RAMOS;30
2514503;PB;SÃO JOSÉ DE PIRANHAS;55
2514552;PB;SÃO JOSÉ DE PRINCESA;40
2514602;PB;SÃO JOSÉ DO BONFIM;55
2514651;PB;SÃO JOSÉ DO BREJO DO CRUZ;60
2514701;PB;SÃO JOSÉ DO SABUGI;55
2514800;PB;SÃO JOSÉ DOS CORDEIROS;55
2514909;PB;SÃO MAMEDE;55
2515005;PB;SÃO MIGUEL DE TAIPU;30
2515104;PB;SÃO SEBASTIÃO DE LAGOA DE ROÇA;30
2515203;PB;SÃO SEBASTIÃO DO UMBUZEIRO;55
2515302;PB;SAPÉ;30
2515401;PB;SERIDÓ;30
2515500;PB;SERRA BRANCA;55
2515609;PB;SERRA DA RAIZ;35
2515708;PB;SERRA GRANDE;60
2515807;PB;SERRA REDONDA;35
2515906;PB;SERRARIA;30
2515930;PB;SERTÃOZINHO;35
2515971;PB;SOBRADO;30
2516003;PB;SOLÂNEA;16
2516102;PB;SOLEDADE;60
2516151;PB;SOSSEGO;35
2516201;PB;SOUSA;55
2516300;PB;SUMÉ;55
2516409;PB;CAMPO DE SANTANA;40
2516508;PB;TAPEROÁ;55
2516607;PB;TAVARES;40
2516706;PB;TEIXEIRA;40
2516755;PB;TENÓRIO;30
2516805;PB;TRIUNFO;55
2516904;PB;UIRAÚNA;55
2517001;PB;UMBUZEIRO;60
2517100;PB;VÁRZEA;55
2517209;PB;VIEIRÓPOLIS;55
2517407;PB;ZABELÊ;55
2600054;PE;ABREU E LIMA;7
2600104;PE;AFOGADOS DA INGAZEIRA;40
2600203;PE;AFRÂNIO;55
2600302;PE;AGRESTINA;35
2600401;PE;ÁGUA PRETA;14
2600500;PE;ÁGUAS BELAS;40
2600609;PE;ALAGOINHA;20
2600708;PE;ALIANÇA;14
2600807;PE;ALTINHO;40
2600906;PE;AMARAJI;14
2601003;PE;ANGELIM;40
2601052;PE;ARACOIABA;14
2601102;PE;ARARIPINA;70
2601201;PE;ARCOVERDE;40
2601300;PE;BARRA DE GUABIRABA;30
2601409;PE;BARREIROS;14
2601508;PE;BELÉM DE MARIA;16
2601607;PE;BELÉM DE SÃO FRANCISCO;55
2601706;PE;BELO JARDIM;20
2601805;PE;BETÂNIA;65
2601904;PE;BEZERROS;20
2602001;PE;BODOCÓ;70
2602100;PE;BOM CONSELHO;40
2602209;PE;BOM JARDIM;22
2602308;PE;BONITO;28
2602407;PE;BREJÃO;40
2602506;PE;BREJINHO;40
2602605;PE;BREJO DA MADRE DE DEUS;20
2602704;PE;BUENOS AIRES;14
2602803;PE;BUÍQUE;35
2602902;PE;CABO DE SANTO AGOSTINHO;7
2603009;PE;CABROBÓ;55
2603108;PE;CACHOEIRINHA;26
2603207;PE;CAETÉS;35
2603306;PE;CALÇADO;35
2603405;PE;CALUMBI;40
2603454;PE;CAMARAGIBE;7
2603504;PE;CAMOCIM DE SÃO FÉLIX;30
2603603;PE;CAMUTANGA;14
2603702;PE;CANHOTINHO;35
2603801;PE;CAPOEIRAS;26
2603900;PE;CARNAÍBA;40
2603926;PE;CARNAUBEIRAS DA PENHA;55
2604007;PE;CARPINA;14
2604106;PE;CARUARU;20
2604155;PE;CASINHAS;26
2604205;PE;CATENDE;14
2604304;PE;CEDRO;65
2604403;PE;CHÃ DE ALEGRIA;14
2604502;PE;CHÃ GRANDE;20
2604601;PE;CONDADO;14
2604700;PE;CORRENTES;45
2604809;PE;CORTÊS;16
2604908;PE;CUMARU;30
2605004;PE;CUPIRA;35
2605103;PE;CUSTÓDIA;65
2605152;PE;DORMENTES;55
2605202;PE;ESCADA;14
2605301;PE;EXU;70
2605400;PE;FEIRA NOVA;20
2605509;PE;FERREIROS;14
2605608;PE;FLORES;40
2605707;PE;FLORESTA;55
2605806;PE;FREI MIGUELINHO;35
2605905;PE;GAMELEIRA;14
2606002;PE;GARANHUNS;35
2606101;PE;GLÓRIA DO GOITÁ;20
2606200;PE;GOIANA;14
2606309;PE;GRANITO;70
2606408;PE;GRAVATÁ;20
2606507;PE;IATI;40
2606606;PE;IBIMIRIM;65
2606705;PE;IBIRAJUBA;35
2606804;PE;IGARASSU;14
2606903;PE;IGUARACI;40
2607000;PE;INAJÁ;65
2607109;PE;INGAZEIRA;40
2607208;PE;IPOJUCA;14
2607307;PE;IPUBI;70
2607406;PE;ITACURUBA;55
2607505;PE;ITAÍBA;40
2607604;PE;ILHA DE ITAMARACÁ;7
2607653;PE;ITAMBÉ;14
2607703;PE;ITAPETIM;40
2607752;PE;ITAPISSUMA;14
2607802;PE;ITAQUITINGA;14
2607901;PE;JABOATÃO DOS GUARARAPES;7
2607950;PE;JAQUEIRA;14
2608008;PE;JATAÚBA;20
2608057;PE;JATOBÁ;55
2608107;PE;JOÃO ALFREDO;24
2608206;PE;JOAQUIM NABUCO;14
2608255;PE;JUCATI;35
2608305;PE;JUPI;35
2608404;PE;JUREMA;35
2608453;PE;LAGOA DO CARRO;14
2608503;PE;LAGOA DO ITAENGA;16
2608602;PE;LAGOA DO OURO;45
2608701;PE;LAGOA DOS GATOS;35
2608750;PE;LAGOA GRANDE;55
2608800;PE;LAJEDO;40
2608909;PE;LIMOEIRO;22
2609006;PE;MACAPARANA;14
2609105;PE;MACHADOS;22
2609154;PE;MANARÍ;65
2609204;PE;MARAIAL;14
2609303;PE;MIRANDIBA;65
2609402;PE;MORENO;7
2609501;PE;NAZARÉ DA MATA;14
2609600;PE;OLINDA;7
2609709;PE;OROBÓ;22
2609808;PE;OROCÓ;55
2609907;PE;OURICURI;70
2610004;PE;PALMARES;14
2610103;PE;PALMEIRINA;45
2610202;PE;PANELAS;35
2610301;PE;PARANATAMA;35
2610400;PE;PARNAMIRIM;65
2610509;PE;PASSIRA;35
2610608;PE;PAUDALHO;14
2610707;PE;PAULISTA;7
2610806;PE;PEDRA;35
2610905;PE;PESQUEIRA;20
2611002;PE;PETROLÂNDIA;55
2611101;PE;PETROLINA;55
2611200;PE;POÇÃO;20
2611309;PE;POMBOS;20
2611408;PE;PRIMAVERA;14
2611507;PE;QUIPAPÁ;14
2611533;PE;QUIXABA;40
2611606;PE;RECIFE;5
2611705;PE;RIACHO DAS ALMAS;20
2611804;PE;RIBEIRÃO;14
2611903;PE;RIO FORMOSO;14
2612000;PE;SAIRÉ;35
2612109;PE;SALGADINHO;26
2612208;PE;SALGUEIRO;65
2612307;PE;SALOÁ;35
2612406;PE;SANHARÓ;20
2612455;PE;SANTA CRUZ;70
2612471;PE;SANTA CRUZ DA BAIXA VERDE;40
2612505;PE;SANTA CRUZ DO CAPIBARIBE;20
2612554;PE;SANTA FILOMENA;70
2612604;PE;SANTA MARIA DA BOA VISTA;55
2612703;PE;SANTA MARIA DO CAMBUCÁ;22
2612802;PE;SANTA TEREZINHA;40
2612901;PE;SÃO BENEDITO DO SUL;14
2613008;PE;SÃO BENTO DO UNA;20
2613107;PE;SÃO CAITANO;20
2613206;PE;SÃO JOÃO;35
2613305;PE;SÃO JOAQUIM DO MONTE;35
2613404;PE;SÃO JOSÉ DA COROA GRANDE;14
2613503;PE;SÃO JOSÉ DO BELMONTE;65
2613602;PE;SÃO JOSÉ DO EGITO;40
2613701;PE;SÃO LOURENÇO DA MATA;7
2613800;PE;SÃO VICENTE FERRER;20
2613909;PE;SERRA TALHADA;40
2614006;PE;SERRITA;65
2614105;PE;SERTÂNIA;65
2614204;PE;SIRINHAÉM;14
2614303;PE;MOREILÂNDIA;70
2614402;PE;SOLIDÃO;40
2614501;PE;SURUBIM;26
2614600;PE;TABIRA;40
2614709;PE;TACAIMBÓ;20
2614808;PE;TACARATU;65
2614857;PE;TAMANDARÉ;14
2615003;PE;TAQUARITINGA DO NORTE;20
2615102;PE;TEREZINHA;35
2615201;PE;TERRA NOVA;65
2615300;PE;TIMBAÚBA;14
2615409;PE;TORITAMA;20
2615508;PE;TRACUNHAÉM;14
2615607;PE;TRINDADE;70
2615706;PE;TRIUNFO;40
2615805;PE;TUPANATINGA;35
2615904;PE;TUPARETAMA;40
2616001;PE;VENTUROSA;35
2616100;PE;VERDEJANTE;65
2616183;PE;VERTENTE DO LÉRIO;26
2616209;PE;VERTENTES;20
2616308;PE;VICÊNCIA;14
2616407;PE;VITÓRIA DE SANTO ANTÃO;14
2616506;PE;XEXÉU;14
2700102;AL;ÁGUA BRANCA;70
2700201;AL;ANADIA;35
2700300;AL;ARAPIRACA;15
2700409;AL;ATALAIA;16
2700508;AL;BARRA DE SANTO ANTÔNIO;18
2700607;AL;BARRA DE SÃO MIGUEL;30
2700706;AL;BATALHA;70
2700805;AL;BELÉM;35
2700904;AL;BELO MONTE;70
2701001;AL;BOCA DA MATA;30
2701100;AL;BRANQUINHA;16
2701209;AL;CACIMBINHAS;35
2701308;AL;CAJUEIRO;16
2701357;AL;CAMPESTRE;16
2701407;AL;CAMPO ALEGRE;30
2701506;AL;CAMPO GRANDE;35
2701605;AL;CANAPI;70
2701704;AL;CAPELA;16
2701803;AL;CARNEIROS;70
2701902;AL;CHÃ PRETA;16
2702009;AL;COITÉ DO NÓIA;15
2702108;AL;COLÔNIA LEOPOLDINA;16
2702207;AL;COQUEIRO SECO;12
2702306;AL;CORURIPE;30
2702355;AL;CRAÍBAS;15
2702405;AL;DELMIRO GOUVEIA;70
2702504;AL;DOIS RIACHOS;70
2702553;AL;ESTRELA DE ALAGOAS;35
2702603;AL;FEIRA GRANDE;15
2702702;AL;FELIZ DESERTO;60
2702801;AL;FLEIXEIRAS;16
2702900;AL;GIRAU DO PONCIANO;15
2703007;AL;IBATEGUARA;16
2703106;AL;IGACI;35
2703205;AL;IGREJA NOVA;60
2703304;AL;INHAPI;70
2703403;AL;JACARÉ DOS HOMENS;70
2703502;AL;JACUÍPE;16
2703601;AL;JAPARATINGA;16
2703700;AL;JARAMATAIA;70
2703759;AL;JEQUIA DA PRAIA;30
2703809;AL;JOAQUIM GOMES;16
2703908;AL;JUNDIÁ;16
2704005;AL;JUNQUEIRO;35
2704104;AL;LAGOA DA CANOA;15
2704203;AL;LIMOEIRO DE ANADIA;35
2704302;AL;MACEIÓ;7
2704401;AL;MAJOR ISIDORO;70
2704500;AL;MARAGOGI;16
2704609;AL;MARAVILHA;70
2704708;AL;MARECHAL DEODORO;12
2704807;AL;MARIBONDO;35
2704906;AL;MAR VERMELHO;35
2705002;AL;MATA GRANDE;70
2705101;AL;MATRIZ DE CAMARAGIBE;16
2705200;AL;MESSIAS;16
2705309;AL;MINADOR DO NEGRÃO;35
2705408;AL;MONTEIRÓPOLIS;70
2705507;AL;MURICI;16
2705606;AL;NOVO LINO;16
2705705;AL;OLHO D'ÁGUA DAS FLORES;70
2705804;AL;OLHO D'ÁGUA DO CASADO;70
2705903;AL;OLHO D'ÁGUA GRANDE;35
2706000;AL;OLIVENÇA;70
2706109;AL;OURO BRANCO;70
2706208;AL;PALESTINA;70
2706307;AL;PALMEIRA DOS ÍNDIOS;35
2706406;AL;PÃO DE AÇÚCAR;70
2706422;AL;PARICONHA;70
2706448;AL;PARIPUEIRA;18
2706505;AL;PASSO DE CAMARAGIBE;16
2706604;AL;PAULO JACINTO;35
2706703;AL;PENEDO;50
2706802;AL;PIAÇABUÇU;60
2706901;AL;PILAR;12
2707008;AL;PINDOBA;16
2707107;AL;PIRANHAS;70
2707206;AL;POÇO DAS TRINCHEIRAS;70
2707305;AL;PORTO CALVO;16
2707404;AL;PORTO DE PEDRAS;16
2707503;AL;PORTO REAL DO COLÉGIO;60
2707602;AL;QUEBRANGULO;35
2707701;AL;RIO LARGO;12
2707800;AL;ROTEIRO;30
2707909;AL;SANTA LUZIA DO NORTE;12
2708006;AL;SANTANA DO IPANEMA;70
2708105;AL;SANTANA DO MUNDAÚ;16
2708204;AL;SÃO BRÁS;35
2708303;AL;SÃO JOSÉ DA LAJE;16
2708402;AL;SÃO JOSÉ DA TAPERA;70
2708501;AL;SÃO LUÍS DO QUITUNDE;16
2708600;AL;SÃO MIGUEL DOS CAMPOS;30
2708709;AL;SÃO MIGUEL DOS MILAGRES;16
2708808;AL;SÃO SEBASTIÃO;35
2708907;AL;SATUBA;12
2708956;AL;SENADOR RUI PALMEIRA;70
2709004;AL;TANQUE D'ARCA;35
2709103;AL;TAQUARANA;15
2709152;AL;TEOTÔNIO VILELA;35
2709202;AL;TRAIPU;30
2709301;AL;UNIÃO DOS PALMARES;16
2709400;AL;VIÇOSA;16
2800100;SE;AMPARO DE SÃO FRANCISCO;45
2800209;SE;AQUIDABÃ;40
2800308;SE;ARACAJU;7
2800407;SE;ARAUÁ;30
2800506;SE;AREIA BRANCA;35
2800605;SE;BARRA DOS COQUEIROS;5
2800670;SE;BOQUIM;30
2800704;SE;BREJO GRANDE;18
2801009;SE;CAMPO DO BRITO;35
2801108;SE;CANHOBA;45
2801207;SE;CANINDÉ DE SÃO FRANCISCO;70
2801306;SE;CAPELA;30
2801405;SE;CARIRA;70
2801504;SE;CARMÓPOLIS;18
2801603;SE;CEDRO DE SÃO JOÃO;40
2801702;SE;CRISTINÁPOLIS;35
2801900;SE;CUMBE;40
2802007;SE;DIVINA PASTORA;30
2802106;SE;ESTÂNCIA;10
2802205;SE;FEIRA NOVA;70
2802304;SE;FREI PAULO;70
2802403;SE;GARARU;70
2802502;SE;GENERAL MAYNARD;18
2802601;SE;GRACHO CARDOSO;70
2802700;SE;ILHA DAS FLORES;18
2802809;SE;INDIAROBA;10
2802908;SE;ITABAIANA;20
2803005;SE;ITABAIANINHA;30
2803104;SE;ITABI;70
2803203;SE;ITAPORANGA D'AJUDA;10
2803302;SE;JAPARATUBA;30
2803401;SE;JAPOATÃ;35
2803500;SE;LAGARTO;35
2803609;SE;LARANJEIRAS;30
2803708;SE;MACAMBIRA;60
2803807;SE;MALHADA DOS BOIS;40
2803906;SE;MALHADOR;30
2804003;SE;MARUIM;35
2804102;SE;MOITA BONITA;20
2804201;SE;MONTE ALEGRE DE SERGIPE;70
2804300;SE;MURIBECA;40
2804409;SE;NEÓPOLIS;35
2804458;SE;NOSSA SENHORA APARECIDA;70
2804508;SE;NOSSA SENHORA DA GLÓRIA;70
2804607;SE;NOSSA SENHORA DAS DORES;40
2804706;SE;NOSSA SENHORA DE LOURDES;60
2804805;SE;NOSSA SENHORA DO SOCORRO;10
2804904;SE;PACATUBA;20
2805000;SE;PEDRA MOLE;70
2805109;SE;PEDRINHAS;30
2805208;SE;PINHÃO;70
2805307;SE;PIRAMBU;18
2805406;SE;POÇO REDONDO;70
2805505;SE;POÇO VERDE;40
2805604;SE;PORTO DA FOLHA;70
2805703;SE;PROPRIÁ;35
2805802;SE;RIACHÃO DO DANTAS;35
2805901;SE;RIACHUELO;35
2806008;SE;RIBEIRÓPOLIS;70
2806107;SE;ROSÁRIO DO CATETE;30
2806206;SE;SALGADO;30
2806305;SE;SANTA LUZIA DO ITANHY;10
2806404;SE;SANTANA DO SÃO FRANCISCO;35
2806503;SE;SANTA ROSA DE LIMA;35
2806602;SE;SANTO AMARO DAS BROTAS;20
2806701;SE;SÃO CRISTOVÃO;10
2806800;SE;SÃO DOMINGOS;30
2806909;SE;SÃO FRANCISCO;40
2807006;SE;SÃO MIGUEL DO ALEIXO;70
2807105;SE;SIMÃO DIAS;40
2807204;SE;SIRIRI;35
2807303;SE;TELHA;40
2807402;SE;TOBIAS BARRETO;70
2807501;SE;TOMAR DO GERU;40
2807600;SE;UMBAÚBA;14
2900108;BA;ABAÍRA;65
2900207;BA;ABARÉ;65
2900306;BA;ACAJUTIBA;30
2900355;BA;ADUSTINA;30
2900405;BA;ÁGUA FRIA;60
2900504;BA;ÉRICO CARDOSO;65
2900603;BA;AIQUARA;35
2900702;BA;ALAGOINHAS;30
2900801;BA;ALCOBAÇA;35
2900900;BA;ALMADINA;20
2901007;BA;AMARGOSA;35
2901106;BA;AMÉLIA RODRIGUES;30
2901155;BA;AMÉRICA DOURADA;65
2901205;BA;ANAGÉ;35
2901304;BA;ANDARAÍ;65
2901353;BA;ANDORINHA;65
2901403;BA;ANGICAL;65
2901502;BA;ANGUERA;60
2901601;BA;ANTAS;30
2901700;BA;ANTÔNIO CARDOSO;60
2901809;BA;ANTÔNIO GONÇALVES;65
2901908;BA;APORÁ;30
2901957;BA;APUAREMA;35
2902005;BA;ARACATU;65
2902054;BA;ARAÇÁS;30
2902104;BA;ARACI;50
2902203;BA;ARAMARI;30
2902252;BA;ARATACA;20
2902302;BA;ARATUÍPE;30
2902401;BA;AURELINO LEAL;20
2902500;BA;BAIANÓPOLIS;65
2902609;BA;BAIXA GRANDE;60
2902658;BA;BANZAÊ;30
2902708;BA;BARRA;65
2902807;BA;BARRA DA ESTIVA;65
2902906;BA;BARRA DO CHOÇA;35
2903003;BA;BARRA DO MENDES;65
2903102;BA;BARRA DO ROCHA;20
2903201;BA;BARREIRAS;65
2903235;BA;BARRO ALTO;65
2903276;BA;BARROCAS;50
2903300;BA;BARRO PRETO;20
2903409;BA;BELMONTE;20
2903508;BA;BELO CAMPO;35
2903607;BA;BIRITINGA;50
2903706;BA;BOA NOVA;35
2903805;BA;BOA VISTA DO TUPIM;60
2903904;BA;BOM JESUS DA LAPA;65
2903953;BA;BOM JESUS DA SERRA;35
2904001;BA;BONINAL;65
2904050;BA;BONITO;65
2904100;BA;BOQUIRA;65
2904209;BA;BOTUPORÃ;65
2904308;BA;BREJÕES;35
2904407;BA;BREJOLÂNDIA;65
2904506;BA;BROTAS DE MACAÚBAS;65
2904605;BA;BRUMADO;65
2904704;BA;BUERAREMA;20
2904753;BA;BURITIRAMA;65
2904803;BA;CAATIBA;35
2904852;BA;CABACEIRAS DO PARAGUAÇU;30
2904902;BA;CACHOEIRA;30
2905008;BA;CACULÉ;65
2905107;BA;CAÉM;60
2905156;BA;CAETANOS;35
2905206;BA;CAETITÉ;65
2905305;BA;CAFARNAUM;65
2905404;BA;CAIRU;40
2905503;BA;CALDEIRÃO GRANDE;65
2905602;BA;CAMACAN;20
2905701;BA;CAMAÇARI;7
2905800;BA;CAMAMU;20
2905909;BA;CAMPO ALEGRE DE LOURDES;65
2906006;BA;CAMPO FORMOSO;65
2906105;BA;CANÁPOLIS;65
2906204;BA;CANARANA;65
2906303;BA;CANAVIEIRAS;20
2906402;BA;CANDEAL;60
2906501;BA;CANDEIAS;7
2906600;BA;CANDIBA;65
2906709;BA;CÂNDIDO SALES;35
2906808;BA;CANSANÇÃO;50
2906824;BA;CANUDOS;50
2906857;BA;CAPELA DO ALTO ALEGRE;50
2906873;BA;CAPIM GROSSO;60
2906899;BA;CARAÍBAS;65
2906907;BA;CARAVELAS;35
2907004;BA;CARDEAL DA SILVA;30
2907103;BA;CARINHANHA;65
2907202;BA;CASA NOVA;65
2907301;BA;CASTRO ALVES;60
2907400;BA;CATOLÂNDIA;65
2907509;BA;CATU;7
2907558;BA;CATURAMA;65
2907608;BA;CENTRAL;65
2907707;BA;CHORROCHÓ;65
2907806;BA;CÍCERO DANTAS;30
2907905;BA;CIPÓ;30
2908002;BA;COARACI;20
2908101;BA;COCOS;65
2908200;BA;CONCEIÇÃO DA FEIRA;30
2908309;BA;CONCEIÇÃO DO ALMEIDA;30
2908408;BA;CONCEIÇÃO DO COITÉ;50
2908507;BA;CONCEIÇÃO DO JACUÍPE;30
2908606;BA;CONDE;30
2908705;BA;CONDEÚBA;65
2908804;BA;CONTENDAS DO SINCORÁ;65
2908903;BA;CORAÇÃO DE MARIA;15
2909000;BA;CORDEIROS;65
2909109;BA;CORIBE;65
2909208;BA;CORONEL JOÃO SÁ;70
2909307;BA;CORRENTINA;65
2909406;BA;COTEGIPE;65
2909505;BA;CRAVOLÂNDIA;35
2909604;BA;CRISÓPOLIS;30
2909703;BA;CRISTÓPOLIS;65
2909802;BA;CRUZ DAS ALMAS;30
2909901;BA;CURAÇÁ;65
2910008;BA;DÁRIO MEIRA;35
2910057;BA;DIAS D'ÁVILA;7
2910107;BA;DOM BASÍLIO;65
2910206;BA;DOM MACEDO COSTA;30
2910305;BA;ELÍSIO MEDRADO;50
2910404;BA;ENCRUZILHADA;50
2910503;BA;ENTRE RIOS;30
2910602;BA;ESPLANADA;30
2910701;BA;EUCLIDES DA CUNHA;50
2910727;BA;EUNÁPOLIS;35
2910750;BA;FÁTIMA;30
2910776;BA;FEIRA DA MATA;65
2910800;BA;FEIRA DE SANTANA;30
2910859;BA;FILADÉLFIA;65
2910909;BA;FIRMINO ALVES;20
2911006;BA;FLORESTA AZUL;20
2911105;BA;FORMOSA DO RIO PRETO;65
2911204;BA;GANDU;20
2911253;BA;GAVIÃO;50
2911303;BA;GENTIO DO OURO;65
2911402;BA;GLÓRIA;70
2911501;BA;GONGOGI;20
2911600;BA;GOVERNADOR MANGABEIRA;30
2911659;BA;GUAJERU;65
2911709;BA;GUANAMBI;65
2911808;BA;GUARATINGA;40
2911857;BA;HELIÓPOLIS;30
2911907;BA;IAÇU;50
2912004;BA;IBIASSUCÊ;65
2912103;BA;IBICARAÍ;20
2912202;BA;IBICOARA;65
2912301;BA;IBICUÍ;40
2912400;BA;IBIPEBA;65
2912509;BA;IBIPITANGA;65
2912608;BA;IBIQUERA;60
2912707;BA;IBIRAPITANGA;20
2912806;BA;IBIRAPUÃ;55
2912905;BA;IBIRATAIA;20
2913002;BA;IBITIARA;65
2913101;BA;IBITITÁ;65
2913200;BA;IBOTIRAMA;65
2913309;BA;ICHU;60
2913408;BA;IGAPORÃ;65
2913457;BA;IGRAPIÚNA;20
2913507;BA;IGUAÍ;30
2913606;BA;ILHÉUS;20
2913705;BA;INHAMBUPE;30
2913804;BA;IPECAETÁ;50
2913903;BA;IPIAÚ;20
2914000;BA;IPIRÁ;60
2914109;BA;IPUPIARA;65
2914208;BA;IRAJUBA;35
2914307;BA;IRAMAIA;65
2914406;BA;IRAQUARA;65
2914505;BA;IRARÁ;30
2914604;BA;IRECÊ;65
2914653;BA;ITABELA;35
2914703;BA;ITABERABA;60
2914802;BA;ITABUNA;20
2914901;BA;ITACARÉ;20
2915007;BA;ITAETÉ;65
2915106;BA;ITAGI;35
2915205;BA;ITAGIBÁ;35
2915304;BA;ITAGIMIRIM;40
2915353;BA;ITAGUAÇU DA BAHIA;65
2915403;BA;ITAJU DO COLÔNIA;50
2915502;BA;ITAJUÍPE;20
2915601;BA;ITAMARAJU;40
2915700;BA;ITAMARI;20
2915809;BA;ITAMBÉ;60
2915908;BA;ITANAGRA;30
2916005;BA;ITANHÉM;50
2916104;BA;ITAPARICA;7
2916203;BA;ITAPÉ;20
2916302;BA;ITAPEBI;35
2916401;BA;ITAPETINGA;60
2916500;BA;ITAPICURU;30
2916609;BA;ITAPITANGA;20
2916708;BA;ITAQUARA;35
2916807;BA;ITARANTIM;60
2916856;BA;ITATIM;50
2916906;BA;ITIRUÇU;35
2917003;BA;ITIÚBA;50
2917102;BA;ITORORÓ;30
2917201;BA;ITUAÇU;65
2917300;BA;ITUBERÁ;20
2917334;BA;IUIÚ;65
2917359;BA;JABORANDI;65
2917409;BA;JACARACI;65
2917508;BA;JACOBINA;60
2917607;BA;JAGUAQUARA;35
2917706;BA;JAGUARARI;65
2917805;BA;JAGUARIPE;30
2917904;BA;JANDAÍRA;30
2918001;BA;JEQUIÉ;35
2918100;BA;JEREMOABO;70
2918209;BA;JIQUIRIÇA;35
2918308;BA;JITAÚNA;35
2918357;BA;JOÃO DOURADO;65
2918407;BA;JUAZEIRO;65
2918456;BA;JUCURUÇU;40
2918506;BA;JUSSARA;65
2918555;BA;JUSSARI;20
2918605;BA;JUSSIAPE;65
2918704;BA;LAFAIETE COUTINHO;35
2918753;BA;LAGOA REAL;65
2918803;BA;LAJE;35
2918902;BA;LAJEDÃO;55
2919009;BA;LAJEDINHO;60
2919058;BA;LAJEDO DO TABOCAL;35
2919108;BA;LAMARÃO;50
2919157;BA;LAPÃO;65
2919207;BA;LAURO DE FREITAS;7
2919306;BA;LENÇÓIS;65
2919405;BA;LICÍNIO DE ALMEIDA;65
2919504;BA;LIVRAMENTO DE NOSSA SENHORA;65
2919553;BA;LUIS EDUARDO MAGALHÃES;65
2919603;BA;MACAJUBA;60
2919702;BA;MACARANI;60
2919801;BA;MACAÚBAS;65
2919900;BA;MACURURÉ;65
2919926;BA;MADRE DE DEUS;5
2919959;BA;MAETINGA;65
2920007;BA;MAIQUINIQUE;60
2920106;BA;MAIRI;60
2920205;BA;MALHADA;65
2920304;BA;MALHADA DE PEDRAS;65
2920403;BA;MANOEL VITORINO;35
2920452;BA;MANSIDÃO;65
2920502;BA;MARACÁS;35
2920601;BA;MARAGOGIPE;30
2920700;BA;MARAÚ;20
2920809;BA;MARCIONÍLIO SOUZA;35
2920908;BA;MASCOTE;20
2921005;BA;MATA DE SÃO JOÃO;7
2921054;BA;MATINA;65
2921104;BA;MEDEIROS NETO;55
2921203;BA;MIGUEL CALMON;60
2921302;BA;MILAGRES;35
2921401;BA;MIRANGABA;65
2921450;BA;MIRANTE;35
2921500;BA;MONTE SANTO;50
2921609;BA;MORPARÁ;65
2921708;BA;MORRO DO CHAPÉU;65
2921807;BA;MORTUGABA;65
2921906;BA;MUCUGÊ;65
2922003;BA;MUCURI;35
2922052;BA;MULUNGU DO MORRO;65
2922102;BA;MUNDO NOVO;60
2922201;BA;MUNIZ FERREIRA;30
2922250;BA;MUQUÉM DE SÃO FRANCISCO;65
2922300;BA;MURITIBA;30
2922409;BA;MUTUÍPE;35
2922508;BA;NAZARÉ;30
2922607;BA;NILO PEÇANHA;20
2922656;BA;NORDESTINA;50
2922706;BA;NOVA CANAÃ;35
2922730;BA;NOVA FÁTIMA;50
2922755;BA;NOVA IBIÁ;20
2922805;BA;NOVA ITARANA;35
2922854;BA;NOVA REDENÇÃO;65
2922904;BA;NOVA SOURE;30
2923001;BA;NOVA VIÇOSA;35
2923035;BA;NOVO HORIZONTE;65
2923050;BA;NOVO TRIUNFO;30
2923100;BA;OLINDINA;30
2923209;BA;OLIVEIRA DOS BREJINHOS;65
2923308;BA;OURIÇANGAS;30
2923357;BA;OUROLÂNDIA;60
2923407;BA;PALMAS DE MONTE ALTO;65
2923506;BA;PALMEIRAS;65
2923605;BA;PARAMIRIM;65
2923704;BA;PARATINGA;65
2923803;BA;PARIPIRANGA;30
2923902;BA;PAU BRASIL;35
2924009;BA;PAULO AFONSO;70
2924058;BA;PÉ DE SERRA;50
2924108;BA;PEDRÃO;30
2924207;BA;PEDRO ALEXANDRE;70
2924306;BA;PIATÃ;65
2924405;BA;PILÃO ARCADO;65
2924504;BA;PINDAÍ;65
2924603;BA;PINDOBAÇU;65
2924652;BA;PINTADAS;60
2924678;BA;PIRAÍ DO NORTE;20
2924702;BA;PIRIPÁ;65
2924801;BA;PIRITIBA;60
2924900;BA;PLANALTINO;35
2925006;BA;PLANALTO;35
2925105;BA;POÇÕES;35
2925204;BA;POJUCA;7
2925253;BA;PONTO NOVO;65
2925303;BA;PORTO SEGURO;35
2925402;BA;POTIRAGUÁ;50
2925501;BA;PRADO;35
2925600;BA;PRESIDENTE DUTRA;65
2925709;BA;PRESIDENTE JÂNIO QUADROS;65
2925758;BA;PRESIDENTE TANCREDO NEVES;20
2925808;BA;QUEIMADAS;50
2925907;BA;QUIJINGUE;50
2925931;BA;QUIXABEIRA;60
2925956;BA;RAFAEL JAMBEIRO;60
2926004;BA;REMANSO;65
2926103;BA;RETIROLÂNDIA;50
2926202;BA;RIACHÃO DAS NEVES;65
2926301;BA;RIACHÃO DO JACUÍPE;50
2926400;BA;RIACHO DE SANTANA;65
2926509;BA;RIBEIRA DO AMPARO;30
2926608;BA;RIBEIRA DO POMBAL;30
2926657;BA;RIBEIRÃO DO LARGO;50
2926707;BA;RIO DE CONTAS;65
2926806;BA;RIO DO ANTÔNIO;65
2926905;BA;RIO DO PIRES;65
2927002;BA;RIO REAL;30
2927101;BA;RODELAS;65
2927200;BA;RUY BARBOSA;60
2927309;BA;SALINAS DA MARGARIDA;30
2927408;BA;SALVADOR;5
2927507;BA;SANTA BÁRBARA;50
2927606;BA;SANTA BRÍGIDA;70
2927705;BA;SANTA CRUZ CABRÁLIA;35
2927804;BA;SANTA CRUZ DA VITÓRIA;50
2927903;BA;SANTA INÊS;35
2928000;BA;SANTALUZ;50
2928059;BA;SANTA LUZIA;20
2928109;BA;SANTA MARIA DA VITÓRIA;65
2928208;BA;SANTANA;65
2928307;BA;SANTANÓPOLIS;50
2928406;BA;SANTA RITA DE CÁSSIA;65
2928505;BA;SANTA TERESINHA;50
2928604;BA;SANTO AMARO;30
2928703;BA;SANTO ANTÔNIO DE JESUS;30
2928802;BA;SANTO ESTÊVÃO;50
2928901;BA;SÃO DESIDÉRIO;65
2928950;BA;SÃO DOMINGOS;50
2929008;BA;SÃO FÉLIX;30
2929057;BA;SÃO FÉLIX DO CORIBE;65
2929107;BA;SÃO FELIPE;30
2929206;BA;SÃO FRANCISCO DO CONDE;7
2929255;BA;SÃO GABRIEL;65
2929305;BA;SÃO GONÇALO DOS CAMPOS;30
2929354;BA;SÃO JOSÉ DA VITÓRIA;20
2929370;BA;SÃO JOSÉ DO JACUÍPE;60
2929404;BA;SÃO MIGUEL DAS MATAS;35
2929503;BA;SÃO SEBASTIÃO DO PASSÉ;30
2929602;BA;SAPEAÇU;30
2929701;BA;SÁTIRO DIAS;30
2929750;BA;SAUBARA;30
2929800;BA;SAÚDE;65
2929909;BA;SEABRA;65
2930006;BA;SEBASTIÃO LARANJEIRAS;65
2930105;BA;SENHOR DO BONFIM;65
2930154;BA;SERRA DO RAMALHO;65
2930204;BA;SENTO SÉ;65
2930303;BA;SERRA DOURADA;65
2930402;BA;SERRA PRETA;50
2930501;BA;SERRINHA;50
2930600;BA;SERROLÂNDIA;60
2930709;BA;SIMÕES FILHO;7
2930758;BA;SÍTIO DO MATO;65
2930766;BA;SÍTIO DO QUINTO;70
2930774;BA;SOBRADINHO;65
2930808;BA;SOUTO SOARES;65
2930907;BA;TABOCAS DO BREJO VELHO;65
2931004;BA;TANHAÇU;65
2931053;BA;TANQUE NOVO;65
2931103;BA;TANQUINHO;50
2931202;BA;TAPEROÁ;20
2931301;BA;TAPIRAMUTÁ;60
2931350;BA;TEIXEIRA DE FREITAS;35
2931400;BA;TEODORO SAMPAIO;30
2931509;BA;TEOFILÂNDIA;50
2931608;BA;TEOLÂNDIA;20
2931707;BA;TERRA NOVA;30
2931806;BA;TREMEDAL;65
2931905;BA;TUCANO;50
2932002;BA;UAUÁ;50
2932101;BA;UBAÍRA;35
2932200;BA;UBAITABA;20
2932309;BA;UBATÃ;20
2932408;BA;UIBAÍ;65
2932457;BA;UMBURANAS;65
2932507;BA;UNA;20
2932606;BA;URANDI;65
2932705;BA;URUÇUCA;20
2932804;BA;UTINGA;65
2932903;BA;VALENÇA;20
2933000;BA;VALENTE;50
2933059;BA;VÁRZEA DA ROÇA;60
2933109;BA;VÁRZEA DO POÇO;60
2933158;BA;VÁRZEA NOVA;60
2933174;BA;VARZEDO;30
2933208;BA;VERA CRUZ;7
2933257;BA;VEREDA;35
2933307;BA;VITÓRIA DA CONQUISTA;35
2933406;BA;WAGNER;65
2933455;BA;WANDERLEY;65
2933505;BA;WENCESLAU GUIMARÃES;20
2933604;BA;XIQUE-XIQUE;65
3100104;MG;ABADIA DOS DOURADOS;40
3100203;MG;ABAETÉ;40
3100302;MG;ABRE CAMPO;26
3100401;MG;ACAIACA;26
3100500;MG;AÇUCENA;30
3100609;MG;ÁGUA BOA;30
3100708;MG;ÁGUA COMPRIDA;24
3100807;MG;AGUANIL;30
3100906;MG;ÁGUAS FORMOSAS;60
3101003;MG;ÁGUAS VERMELHAS;65
3101102;MG;AIMORÉS;30
3101201;MG;AIURUOCA;30
3101300;MG;ALAGOA;30
3101409;MG;ALBERTINA;30
3101508;MG;ALÉM PARAÍBA;30
3101607;MG;ALFENAS;26
3101631;MG;ALFREDO VASCONCELOS;30
3101706;MG;ALMENARA;60
3101805;MG;ALPERCATA;30
3101904;MG;ALPINÓPOLIS;26
3102001;MG;ALTEROSA;26
3102050;MG;ALTO CAPARAÓ;24
3102100;MG;ALTO RIO DOCE;28
3102209;MG;ALVARENGA;30
3102308;MG;ALVINÓPOLIS;20
3102407;MG;ALVORADA DE MINAS;30
3102506;MG;AMPARO DO SERRA;26
3102605;MG;ANDRADAS;26
3102704;MG;CACHOEIRA DO PAJEÚ;65
3102803;MG;ANDRELÂNDIA;30
3102852;MG;ANGELÂNDIA;40
3102902;MG;ANTÔNIO CARLOS;22
3103009;MG;ANTÔNIO DIAS;20
3103108;MG;ANTÔNIO PRADO DE MINAS;28
3103207;MG;ARAÇAÍ;20
3103306;MG;ARACITABA;24
3103405;MG;ARAÇUAÍ;65
3103504;MG;ARAGUARI;30
3103603;MG;ARANTINA;30
3103702;MG;ARAPONGA;28
3103751;MG;ARAPORÃ;20
3103801;MG;ARAPUÁ;40
3103900;MG;ARAÚJOS;35
3104007;MG;ARAXÁ;35
3104106;MG;ARCEBURGO;28
3104205;MG;ARCOS;35
3104304;MG;AREADO;26
3104403;MG;ARGIRITA;30
3104452;MG;ARICANDUVA;40
3104502;MG;ARINOS;65
3104601;MG;ASTOLFO DUTRA;30
3104700;MG;ATALÉIA;50
3104809;MG;AUGUSTO DE LIMA;40
3104908;MG;BAEPENDI;30
3105004;MG;BALDIM;20
3105103;MG;BAMBUÍ;35
3105202;MG;BANDEIRA;60
3105301;MG;BANDEIRA DO SUL;26
3105400;MG;BARÃO DE COCAIS;20
3105509;MG;BARÃO DO MONTE ALTO;28
3105608;MG;BARBACENA;22
3105707;MG;BARRA LONGA;26
3105905;MG;BARROSO;22
3106002;MG;BELA VISTA DE MINAS;20
3106101;MG;BELMIRO BRAGA;24
3106200;MG;BELO HORIZONTE;5
3106309;MG;BELO ORIENTE;24
3106408;MG;BELO VALE;20
3106507;MG;BERILO;40
3106606;MG;BERTÓPOLIS;60
3106655;MG;BERIZAL;65
3106705;MG;BETIM;7
3106804;MG;BIAS FORTES;24
3106903;MG;BICAS;24
3107000;MG;BIQUINHAS;40
3107109;MG;BOA ESPERANÇA;26
3107208;MG;BOCAINA DE MINAS;30
3107307;MG;BOCAIÚVA;40
3107406;MG;BOM DESPACHO;35
3107505;MG;BOM JARDIM DE MINAS;30
3107604;MG;BOM JESUS DA PENHA;28
3107703;MG;BOM JESUS DO AMPARO;20
3107802;MG;BOM JESUS DO GALHO;20
3107901;MG;BOM REPOUSO;30
3108008;MG;BOM SUCESSO;30
3108107;MG;BONFIM;20
3108206;MG;BONFINÓPOLIS DE MINAS;50
3108255;MG;BONITO DE MINAS;65
3108305;MG;BORDA DA MATA;30
3108404;MG;BOTELHOS;26
3108503;MG;BOTUMIRIM;50
3108552;MG;BRASILÂNDIA DE MINAS;65
3108602;MG;BRASÍLIA DE MINAS;50
3108701;MG;BRÁS PIRES;22
3108800;MG;BRAÚNAS;30
3108909;MG;BRASÓPOLIS;30
3109006;MG;BRUMADINHO;20
3109105;MG;BUENO BRANDÃO;30
3109204;MG;BUENÓPOLIS;40
3109253;MG;BUGRE;20
3109303;MG;BURITIS;65
3109402;MG;BURITIZEIRO;70
3109451;MG;CABECEIRA GRANDE;65
3109501;MG;CABO VERDE;28
3109600;MG;CACHOEIRA DA PRATA;20
3109709;MG;CACHOEIRA DE MINAS;30
3109808;MG;CACHOEIRA DOURADA;30
3109907;MG;CAETANÓPOLIS;20
3110004;MG;CAETÉ;7
3110103;MG;CAIANA;24
3110202;MG;CAJURI;22
3110301;MG;CALDAS;26
3110400;MG;CAMACHO;30
3110509;MG;CAMANDUCAIA;30
3110608;MG;CAMBUÍ;30
3110707;MG;CAMBUQUIRA;30
3110806;MG;CAMPANÁRIO;30
3110905;MG;CAMPANHA;30
3111002;MG;CAMPESTRE;26
3111101;MG;CAMPINA VERDE;30
3111150;MG;CAMPO AZUL;50
3111200;MG;CAMPO BELO;30
3111309;MG;CAMPO DO MEIO;26
3111408;MG;CAMPO FLORIDO;24
3111507;MG;CAMPOS ALTOS;35
3111606;MG;CAMPOS GERAIS;26
3111705;MG;CANAÃ;28
3111804;MG;CANÁPOLIS;30
3111903;MG;CANA VERDE;30
3112000;MG;CANDEIAS;30
3112059;MG;CANTAGALO;24
3112109;MG;CAPARAÓ;24
3112208;MG;CAPELA NOVA;30
3112307;MG;CAPELINHA;40
3112406;MG;CAPETINGA;28
3112505;MG;CAPIM BRANCO;7
3112604;MG;CAPINÓPOLIS;30
3112653;MG;CAPITÃO ANDRADE;30
3112703;MG;CAPITÃO ENÉAS;50
3112802;MG;CAPITÓLIO;26
3112901;MG;CAPUTIRA;24
3113008;MG;CARAÍ;65
3113107;MG;CARANAÍBA;30
3113206;MG;CARANDAÍ;22
3113305;MG;CARANGOLA;28
3113404;MG;CARATINGA;20
3113503;MG;CARBONITA;40
3113602;MG;CAREAÇU;30
3113701;MG;CARLOS CHAGAS;50
3113800;MG;CARMÉSIA;30
3113909;MG;CARMO DA CACHOEIRA;30
3114006;MG;CARMO DA MATA;30
3114105;MG;CARMO DE MINAS;30
3114204;MG;CARMO DO CAJURU;20
3114303;MG;CARMO DO PARANAÍBA;40
3114402;MG;CARMO DO RIO CLARO;26
3114501;MG;CARMÓPOLIS DE MINAS;30
3114550;MG;CARNEIRINHO;30
3114600;MG;CARRANCAS;30
3114709;MG;CARVALHÓPOLIS;30
3114808;MG;CARVALHOS;30
3114907;MG;CASA GRANDE;20
3115003;MG;CASCALHO RICO;40
3115102;MG;CÁSSIA;26
3115201;MG;CONCEIÇÃO DA BARRA DE MINAS;30
3115300;MG;CATAGUASES;30
3115359;MG;CATAS ALTAS;20
3115409;MG;CATAS ALTAS DA NORUEGA;20
3115458;MG;CATUJI;40
3115474;MG;CATUTI;65
3115508;MG;CAXAMBU;30
3115607;MG;CEDRO DO ABAETÉ;40
3115706;MG;CENTRAL DE MINAS;30
3115805;MG;CENTRALINA;20
3115904;MG;CHÁCARA;24
3116001;MG;CHALÉ;24
3116100;MG;CHAPADA DO NORTE;40
3116159;MG;CHAPADA GAÚCHA;65
3116209;MG;CHIADOR;24
3116308;MG;CIPOTÂNEA;22
3116407;MG;CLARAVAL;28
3116506;MG;CLARO DOS POÇÕES;50
3116605;MG;CLÁUDIO;30
3116704;MG;COIMBRA;28
3116803;MG;COLUNA;30
3116902;MG;COMENDADOR GOMES;30
3117009;MG;COMERCINHO;65
3117108;MG;CONCEIÇÃO DA APARECIDA;26
3117207;MG;CONCEIÇÃO DAS PEDRAS;30
3117306;MG;CONCEIÇÃO DAS ALAGOAS;24
3117405;MG;CONCEIÇÃO DE IPANEMA;30
3117504;MG;CONCEIÇÃO DO MATO DENTRO;20
3117603;MG;CONCEIÇÃO DO PARÁ;35
3117702;MG;CONCEIÇÃO DO RIO VERDE;30
3117801;MG;CONCEIÇÃO DOS OUROS;30
3117836;MG;CÔNEGO MARINHO;65
3117876;MG;CONFINS;7
3117900;MG;CONGONHAL;30
3118007;MG;CONGONHAS;20
3118106;MG;CONGONHAS DO NORTE;20
3118205;MG;CONQUISTA;24
3118304;MG;CONSELHEIRO LAFAIETE;20
3118403;MG;CONSELHEIRO PENA;30
3118502;MG;CONSOLAÇÃO;30
3118601;MG;CONTAGEM;7
3118700;MG;COQUEIRAL;26
3118809;MG;CORAÇÃO DE JESUS;50
3118908;MG;CORDISBURGO;20
3119005;MG;CORDISLÂNDIA;30
3119104;MG;CORINTO;50
3119203;MG;COROACI;24
3119302;MG;COROMANDEL;40
3119401;MG;CORONEL FABRICIANO;20
3119500;MG;CORONEL MURTA;65
3119609;MG;CORONEL PACHECO;24
3119708;MG;CORONEL XAVIER CHAVES;22
3119807;MG;CÓRREGO DANTA;35
3119906;MG;CÓRREGO DO BOM JESUS;30
3119955;MG;CÓRREGO FUNDO;30
3120003;MG;CÓRREGO NOVO;20
3120102;MG;COUTO MAGALHÃES DE MINAS;40
3120151;MG;CRISÓLITA;60
3120201;MG;CRISTAIS;30
3120300;MG;CRISTÁLIA;50
3120409;MG;CRISTIANO OTONI;20
3120508;MG;CRISTINA;30
3120607;MG;CRUCILÂNDIA;20
3120706;MG;CRUZEIRO DA FORTALEZA;40
3120805;MG;CRUZÍLIA;30
3120839;MG;CUPARAQUE;30
3120870;MG;CURRAL DE DENTRO;65
3120904;MG;CURVELO;40
3121001;MG;DATAS;40
3121100;MG;DELFIM MOREIRA;30
3121209;MG;DELFINÓPOLIS;26
3121258;MG;DELTA;24
3121308;MG;DESCOBERTO;24
3121407;MG;DESTERRO DE ENTRE RIOS;30
3121506;MG;DESTERRO DO MELO;22
3121605;MG;DIAMANTINA;40
3121704;MG;DIOGO DE VASCONCELOS;26
3121803;MG;DIONÍSIO;20
3121902;MG;DIVINÉSIA;30
3122009;MG;DIVINO;24
3122108;MG;DIVINO DAS LARANJEIRAS;30
3122207;MG;DIVINOLÂNDIA DE MINAS;24
3122306;MG;DIVINÓPOLIS;20
3122355;MG;DIVISA ALEGRE;65
3122405;MG;DIVISA NOVA;26
3122454;MG;DIVISÓPOLIS;60
3122470;MG;DOM BOSCO;50
3122504;MG;DOM CAVATI;20
3122603;MG;DOM JOAQUIM;30
3122702;MG;DOM SILVÉRIO;26
3122801;MG;DOM VIÇOSO;30
3122900;MG;DONA EUSÉBIA;30
3123007;MG;DORES DE CAMPOS;30
3123106;MG;DORES DE GUANHÃES;30
3123205;MG;DORES DO INDAIÁ;35
3123304;MG;DORES DO TURVO;28
3123403;MG;DORESÓPOLIS;35
3123502;MG;DOURADOQUARA;40
3123528;MG;DURANDÉ;24
3123601;MG;ELÓI MENDES;26
3123700;MG;ENGENHEIRO CALDAS;20
3123809;MG;ENGENHEIRO NAVARRO;40
3123858;MG;ENTRE FOLHAS;20
3123908;MG;ENTRE RIOS DE MINAS;30
3124005;MG;ERVÁLIA;28
3124104;MG;ESMERALDAS;7
3124203;MG;ESPERA FELIZ;24
3124302;MG;ESPINOSA;65
3124401;MG;ESPÍRITO SANTO DO DOURADO;30
3124500;MG;ESTIVA;30
3124609;MG;ESTRELA DALVA;30
3124708;MG;ESTRELA DO INDAIÁ;35
3124807;MG;ESTRELA DO SUL;40
3124906;MG;EUGENÓPOLIS;28
3125002;MG;EWBANK DA CÂMARA;24
3125101;MG;EXTREMA;30
3125200;MG;FAMA;26
3125309;MG;FARIA LEMOS;28
3125408;MG;FELÍCIO DOS SANTOS;40
3125507;MG;SÃO GONÇALO DO RIO PRETO;40
3125606;MG;FELISBURGO;60
3125705;MG;FELIXLÂNDIA;40
3125804;MG;FERNANDES TOURINHO;20
3125903;MG;FERROS;20
3125952;MG;FERVEDOURO;28
3126000;MG;FLORESTAL;20
3126109;MG;FORMIGA;30
3126208;MG;FORMOSO;65
3126307;MG;FORTALEZA DE MINAS;28
3126406;MG;FORTUNA DE MINAS;20
3126505;MG;FRANCISCO BADARÓ;40
3126604;MG;FRANCISCO DUMONT;40
3126703;MG;FRANCISCO SÁ;50
3126752;MG;FRANCISCÓPOLIS;40
3126802;MG;FREI GASPAR;40
3126901;MG;FREI INOCÊNCIO;30
3126950;MG;FREI LAGONEGRO;30
3127008;MG;FRONTEIRA;30
3127057;MG;FRONTEIRA DOS VALES;50
3127073;MG;FRUTA DE LEITE;65
3127107;MG;FRUTAL;30
3127206;MG;FUNILÂNDIA;20
3127305;MG;GALILÉIA;30
3127339;MG;GAMELEIRAS;65
3127354;MG;GLAUCILÂNDIA;50
3127370;MG;GOIABEIRA;30
3127388;MG;GOIANÁ;30
3127404;MG;GONÇALVES;30
3127503;MG;GONZAGA;24
3127602;MG;GOUVEIA;40
3127701;MG;GOVERNADOR VALADARES;30
3127800;MG;GRÃO MOGOL;50
3127909;MG;GRUPIARA;40
3128006;MG;GUANHÃES;30
3128105;MG;GUAPÉ;26
3128204;MG;GUARACIABA;22
3128253;MG;GUARACIAMA;40
3128303;MG;GUARANÉSIA;28
3128402;MG;GUARANI;30
3128501;MG;GUARARÁ;24
3128600;MG;GUARDA-MOR;65
3128709;MG;GUAXUPÉ;28
3128808;MG;GUIDOVAL;30
3128907;MG;GUIMARÂNIA;40
3129004;MG;GUIRICEMA;30
3129103;MG;GURINHATÃ;30
3129202;MG;HELIODORA;30
3129301;MG;IAPU;20
3129400;MG;IBERTIOGA;22
3129509;MG;IBIÁ;35
3129608;MG;IBIAÍ;50
3129657;MG;IBIRACATU;50
3129707;MG;IBIRACI;28
3129806;MG;IBIRITÉ;7
3129905;MG;IBITIÚRA DE MINAS;26
3130002;MG;IBITURUNA;30
3130051;MG;ICARAÍ DE MINAS;65
3130101;MG;IGARAPÉ;20
3130200;MG;IGARATINGA;20
3130309;MG;IGUATAMA;35
3130408;MG;IJACI;30
3130507;MG;ILICÍNEA;26
3130556;MG;IMBÉ DE MINAS;20
3130606;MG;INCONFIDENTES;30
3130655;MG;INDAIABIRA;65
3130705;MG;INDIANÓPOLIS;40
3130804;MG;INGAÍ;30
3130903;MG;INHAPIM;20
3131000;MG;INHAÚMA;20
3131109;MG;INIMUTABA;40
3131158;MG;IPABA;20
3131208;MG;IPANEMA;30
3131307;MG;IPATINGA;20
3131406;MG;IPIAÇU;30
3131505;MG;IPUIÚNA;26
3131604;MG;IRAÍ DE MINAS;35
3131703;MG;ITABIRA;20
3131802;MG;ITABIRINHA DE MANTENA;30
3131901;MG;ITABIRITO;20
3132008;MG;ITACAMBIRA;50
3132107;MG;ITACARAMBI;65
3132206;MG;ITAGUARA;30
3132305;MG;ITAIPÉ;40
3132404;MG;ITAJUBÁ;30
3132503;MG;ITAMARANDIBA;40
3132602;MG;ITAMARATI DE MINAS;30
3132701;MG;ITAMBACURI;30
3132800;MG;ITAMBÉ DO MATO DENTRO;20
3132909;MG;ITAMOGI;28
3133006;MG;ITAMONTE;30
3133105;MG;ITANHANDU;30
3133204;MG;ITANHOMI;30
3133303;MG;ITAOBIM;65
3133402;MG;ITAPAGIPE;30
3133501;MG;ITAPECERICA;30
3133600;MG;ITAPEVA;30
3133709;MG;ITATIAIUÇU;20
3133758;MG;ITAÚ DE MINAS;26
3133808;MG;ITAÚNA;20
3133907;MG;ITAVERAVA;20
3134004;MG;ITINGA;65
3134103;MG;ITUETA;30
3134202;MG;ITUIUTABA;30
3134301;MG;ITUMIRIM;30
3134400;MG;ITURAMA;30
3134509;MG;ITUTINGA;30
3134608;MG;JABOTICATUBAS;20
3134707;MG;JACINTO;60
3134806;MG;JACUÍ;28
3134905;MG;JACUTINGA;30
3135001;MG;JAGUARAÇU;20
3135050;MG;JAÍBA;65
3135076;MG;JAMPRUCA;30
3135100;MG;JANAÚBA;50
3135209;MG;JANUÁRIA;65
3135308;MG;JAPARAÍBA;35
3135357;MG;JAPONVAR;50
3135407;MG;JECEABA;20
3135456;MG;JENIPAPO DE MINAS;40
3135506;MG;JEQUERI;26
3135605;MG;JEQUITAÍ;50
3135704;MG;JEQUITIBÁ;20
3135803;MG;JEQUITINHONHA;60
3135902;MG;JESUÂNIA;30
3136009;MG;JOAÍMA;60
3136108;MG;JOANÉSIA;30
3136207;MG;JOÃO MONLEVADE;20
3136306;MG;JOÃO PINHEIRO;65
3136405;MG;JOAQUIM FELÍCIO;40
3136504;MG;JORDÂNIA;60
3136520;MG;JOSÉ GONÇALVES DE MINAS;40
3136553;MG;JOSÉ RAYDAN;30
3136579;MG;JOSENÓPOLIS;50
3136603;MG;NOVA UNIÃO;7
3136652;MG;JUATUBA;20
3136702;MG;JUIZ DE FORA;24
3136801;MG;JURAMENTO;50
3136900;MG;JURUAIA;28
3136959;MG;JUVENÍLIA;65
3137007;MG;LADAINHA;40
3137106;MG;LAGAMAR;65
3137205;MG;LAGOA DA PRATA;35
3137304;MG;LAGOA DOS PATOS;50
3137403;MG;LAGOA DOURADA;30
3137502;MG;LAGOA FORMOSA;40
3137536;MG;LAGOA GRANDE;65
3137601;MG;LAGOA SANTA;7
3137700;MG;LAJINHA;24
3137809;MG;LAMBARI;30
3137908;MG;LAMIM;28
3138005;MG;LARANJAL;30
3138104;MG;LASSANCE;50
3138203;MG;LAVRAS;30
3138302;MG;LEANDRO FERREIRA;35
3138351;MG;LEME DO PRADO;40
3138401;MG;LEOPOLDINA;30
3138500;MG;LIBERDADE;30
3138609;MG;LIMA DUARTE;24
3138625;MG;LIMEIRA DO OESTE;30
3138658;MG;LONTRA;50
3138674;MG;LUISBURGO;24
3138682;MG;LUISLÂNDIA;50
3138708;MG;LUMINÁRIAS;30
3138807;MG;LUZ;35
3138906;MG;MACHACALIS;60
3139003;MG;MACHADO;26
3139102;MG;MADRE DE DEUS DE MINAS;30
3139201;MG;MALACACHETA;40
3139250;MG;MAMONAS;65
3139300;MG;MANGA;65
3139409;MG;MANHUAÇU;24
3139508;MG;MANHUMIRIM;24
3139607;MG;MANTENA;30
3139706;MG;MARAVILHAS;20
3139805;MG;MAR DE ESPANHA;24
3139904;MG;MARIA DA FÉ;30
3140001;MG;MARIANA;20
3140100;MG;MARILAC;24
3140159;MG;MÁRIO CAMPOS;7
3140209;MG;MARIPÁ DE MINAS;24
3140308;MG;MARLIÉRIA;20
3140407;MG;MARMELÓPOLIS;30
3140506;MG;MARTINHO CAMPOS;40
3140530;MG;MARTINS SOARES;24
3140555;MG;MATA VERDE;60
3140605;MG;MATERLÂNDIA;24
3140704;MG;MATEUS LEME;20
3140803;MG;MATIAS BARBOSA;24
3140852;MG;MATIAS CARDOSO;65
3140902;MG;MATIPÓ;24
3141009;MG;MATO VERDE;65
3141108;MG;MATOZINHOS;7
3141207;MG;MATUTINA;40
3141306;MG;MEDEIROS;35
3141405;MG;MEDINA;65
3141504;MG;MENDES PIMENTEL;30
3141603;MG;MERCÊS;24
3141702;MG;MESQUITA;30
3141801;MG;MINAS NOVAS;40
3141900;MG;MINDURI;30
3142007;MG;MIRABELA;50
3142106;MG;MIRADOURO;28
3142205;MG;MIRAÍ;28
3142254;MG;MIRAVÂNIA;65
3142304;MG;MOEDA;20
3142403;MG;MOEMA;35
3142502;MG;MONJOLOS;40
3142601;MG;MONSENHOR PAULO;30
3142700;MG;MONTALVÂNIA;65
3142809;MG;MONTE ALEGRE DE MINAS;20
3142908;MG;MONTE AZUL;65
3143005;MG;MONTE BELO;28
3143104;MG;MONTE CARMELO;40
3143153;MG;MONTE FORMOSO;60
3143203;MG;MONTE SANTO DE MINAS;28
3143302;MG;MONTES CLAROS;40
3143401;MG;MONTE SIÃO;30
3143450;MG;MONTEZUMA;65
3143500;MG;MORADA NOVA DE MINAS;40
3143609;MG;MORRO DA GARÇA;40
3143708;MG;MORRO DO PILAR;20
3143807;MG;MUNHOZ;30
3143906;MG;MURIAÉ;28
3144003;MG;MUTUM;30
3144102;MG;MUZAMBINHO;28
3144201;MG;NACIP RAYDAN;24
3144300;MG;NANUQUE;50
3144359;MG;NAQUE;30
3144375;MG;NATALÂNDIA;50
3144409;MG;NATÉRCIA;30
3144508;MG;NAZARENO;30
3144607;MG;NEPOMUCENO;26
3144656;MG;NINHEIRA;65
3144672;MG;NOVA BELÉM;30
3144706;MG;NOVA ERA;20
3144805;MG;NOVA LIMA;7
3144904;MG;NOVA MÓDICA;30
3145000;MG;NOVA PONTE;35
3145059;MG;NOVA PORTEIRINHA;65
3145109;MG;NOVA RESENDE;28
3145208;MG;NOVA SERRANA;35
3145307;MG;NOVO CRUZEIRO;65
3145356;MG;NOVO ORIENTE DE MINAS;40
3145372;MG;NOVORIZONTE;65
3145406;MG;OLARIA;24
3145455;MG;OLHOS-D'ÁGUA;40
3145505;MG;OLÍMPIO NORONHA;30
3145604;MG;OLIVEIRA;30
3145703;MG;OLIVEIRA FORTES;24
3145802;MG;ONÇA DE PITANGUI;20
3145851;MG;ORATÓRIOS;26
3145877;MG;ORIZÂNIA;24
3145901;MG;OURO BRANCO;20
3146008;MG;OURO FINO;30
3146107;MG;OURO PRETO;20
3146206;MG;OURO VERDE DE MINAS;50
3146255;MG;PADRE CARVALHO;50
3146305;MG;PADRE PARAÍSO;65
3146404;MG;PAINEIRAS;40
3146503;MG;PAINS;35
3146552;MG;PAI PEDRO;65
3146602;MG;PAIVA;24
3146701;MG;PALMA;30
3146750;MG;PALMÓPOLIS;60
3146909;MG;PAPAGAIOS;20
3147006;MG;PARACATU;50
3147105;MG;PARÁ DE MINAS;20
3147204;MG;PARAGUAÇU;26
3147303;MG;PARAISÓPOLIS;30
3147402;MG;PARAOPEBA;20
3147501;MG;PASSABÉM;20
3147600;MG;PASSA QUATRO;30
3147709;MG;PASSA TEMPO;30
3147808;MG;PASSA-VINTE;30
3147907;MG;PASSOS;26
3147956;MG;PATIS;50
3148004;MG;PATOS DE MINAS;40
3148103;MG;PATROCÍNIO;40
3148202;MG;PATROCÍNIO DO MURIAÉ;28
3148301;MG;PAULA CÂNDIDO;28
3148400;MG;PAULISTAS;24
3148509;MG;PAVÃO;40
3148608;MG;PEÇANHA;24
3148707;MG;PEDRA AZUL;65
3148756;MG;PEDRA BONITA;26
3148806;MG;PEDRA DO ANTA;22
3148905;MG;PEDRA DO INDAIÁ;30
3149002;MG;PEDRA DOURADA;28
3149101;MG;PEDRALVA;30
3149150;MG;PEDRAS DE MARIA DA CRUZ;65
3149200;MG;PEDRINÓPOLIS;35
3149309;MG;PEDRO LEOPOLDO;7
3149408;MG;PEDRO TEIXEIRA;24
3149507;MG;PEQUERI;24
3149606;MG;PEQUI;20
3149705;MG;PERDIGÃO;35
3149804;MG;PERDIZES;35
3149903;MG;PERDÕES;30
3149952;MG;PERIQUITO;30
3150000;MG;PESCADOR;30
3150109;MG;PIAU;30
3150158;MG;PIEDADE DE CARATINGA;20
3150208;MG;PIEDADE DE PONTE NOVA;26
3150307;MG;PIEDADE DO RIO GRANDE;30
3150406;MG;PIEDADE DOS GERAIS;20
3150505;MG;PIMENTA;35
3150539;MG;PINGO-D'ÁGUA;20
3150570;MG;PINTÓPOLIS;65
3150604;MG;PIRACEMA;30
3150703;MG;PIRAJUBA;30
3150802;MG;PIRANGA;28
3150901;MG;PIRANGUÇU;30
3151008;MG;PIRANGUINHO;30
3151107;MG;PIRAPETINGA;30
3151206;MG;PIRAPORA;70
3151305;MG;PIRAÚBA;30
3151404;MG;PITANGUI;35
3151503;MG;PIUMHI;35
3151602;MG;PLANURA;30
3151701;MG;POÇO FUNDO;30
3151800;MG;POÇOS DE CALDAS;20
3151909;MG;POCRANE;30
3152006;MG;POMPÉU;40
3152105;MG;PONTE NOVA;26
3152131;MG;PONTO CHIQUE;50
3152170;MG;PONTO DOS VOLANTES;65
3152204;MG;PORTEIRINHA;65
3152303;MG;PORTO FIRME;28
3152402;MG;POTÉ;40
3152501;MG;POUSO ALEGRE;30
3152600;MG;POUSO ALTO;30
3152709;MG;PRADOS;22
3152808;MG;PRATA;30
3152907;MG;PRATÁPOLIS;26
3153004;MG;PRATINHA;35
3153103;MG;PRESIDENTE BERNARDES;28
3153202;MG;PRESIDENTE JUSCELINO;40
3153301;MG;PRESIDENTE KUBITSCHEK;40
3153400;MG;PRESIDENTE OLEGÁRIO;65
3153509;MG;ALTO JEQUITIBÁ;24
3153608;MG;PRUDENTE DE MORAIS;7
3153707;MG;QUARTEL GERAL;40
3153806;MG;QUELUZITA;20
3153905;MG;RAPOSOS;7
3154002;MG;RAUL SOARES;26
3154101;MG;RECREIO;30
3154150;MG;REDUTO;24
3154200;MG;RESENDE COSTA;30
3154309;MG;RESPLENDOR;30
3154408;MG;RESSAQUINHA;30
3154457;MG;RIACHINHO;70
3154507;MG;RIACHO DOS MACHADOS;65
3154606;MG;RIBEIRÃO DAS NEVES;7
3154705;MG;RIBEIRÃO VERMELHO;30
3154804;MG;RIO ACIMA;7
3154903;MG;RIO CASCA;26
3155009;MG;RIO DOCE;26
3155108;MG;RIO DO PRADO;60
3155207;MG;RIO ESPERA;22
3155306;MG;RIO MANSO;20
3155405;MG;RIO NOVO;30
3155504;MG;RIO PARANAÍBA;40
3155603;MG;RIO PARDO DE MINAS;65
3155702;MG;RIO PIRACICABA;20
3155801;MG;RIO POMBA;30
3155900;MG;RIO PRETO;24
3156007;MG;RIO VERMELHO;24
3156106;MG;RITÁPOLIS;30
3156205;MG;ROCHEDO DE MINAS;24
3156304;MG;RODEIRO;30
3156403;MG;ROMARIA;40
3156452;MG;ROSÁRIO DA LIMEIRA;28
3156502;MG;RUBELITA;65
3156601;MG;RUBIM;60
3156700;MG;SABARÁ;7
3156809;MG;SABINÓPOLIS;24
3156908;MG;SACRAMENTO;35
3157005;MG;SALINAS;65
3157104;MG;SALTO DA DIVISA;60
3157203;MG;SANTA BÁRBARA;20
3157252;MG;SANTA BÁRBARA DO LESTE;20
3157278;MG;SANTA BÁRBARA DO MONTE VERDE;24
3157302;MG;SANTA BÁRBARA DO TUGÚRIO;22
3157336;MG;SANTA CRUZ DE MINAS;22
3157377;MG;SANTA CRUZ DE SALINAS;65
3157401;MG;SANTA CRUZ DO ESCALVADO;26
3157500;MG;SANTA EFIGÊNIA DE MINAS;24
3157609;MG;SANTA FÉ DE MINAS;70
3157658;MG;SANTA HELENA DE MINAS;60
3157708;MG;SANTA JULIANA;35
3157807;MG;SANTA LUZIA;7
3157906;MG;SANTA MARGARIDA;24
3158003;MG;SANTA MARIA DE ITABIRA;20
3158102;MG;SANTA MARIA DO SALTO;60
3158201;MG;SANTA MARIA DO SUAÇUÍ;30
3158300;MG;SANTANA DA VARGEM;26
3158409;MG;SANTANA DE CATAGUASES;30
3158508;MG;SANTANA DE PIRAPAMA;20
3158607;MG;SANTANA DO DESERTO;24
3158706;MG;SANTANA DO GARAMBÉU;30
3158805;MG;SANTANA DO JACARÉ;30
3158904;MG;SANTANA DO MANHUAÇU;24
3158953;MG;SANTANA DO PARAÍSO;30
3159001;MG;SANTANA DO RIACHO;20
3159100;MG;SANTANA DOS MONTES;20
3159209;MG;SANTA RITA DE CALDAS;26
3159308;MG;SANTA RITA DE JACUTINGA;24
3159357;MG;SANTA RITA DE MINAS;20
3159407;MG;SANTA RITA DO IBITIPOCA;24
3159506;MG;SANTA RITA DO ITUETO;30
3159605;MG;SANTA RITA DO SAPUCAÍ;30
3159704;MG;SANTA ROSA DA SERRA;35
3159803;MG;SANTA VITÓRIA;30
3159902;MG;SANTO ANTÔNIO DO AMPARO;30
3160009;MG;SANTO ANTÔNIO DO AVENTUREIRO;30
3160108;MG;SANTO ANTÔNIO DO GRAMA;26
3160207;MG;SANTO ANTÔNIO DO ITAMBÉ;24
3160306;MG;SANTO ANTÔNIO DO JACINTO;60
3160405;MG;SANTO ANTÔNIO DO MONTE;35
3160454;MG;SANTO ANTÔNIO DO RETIRO;65
3160504;MG;SANTO ANTÔNIO DO RIO ABAIXO;20
3160603;MG;SANTO HIPÓLITO;40
3160702;MG;SANTOS DUMONT;24
3160801;MG;SÃO BENTO ABADE;30
3160900;MG;SÃO BRÁS DO SUAÇUÍ;20
3160959;MG;SÃO DOMINGOS DAS DORES;20
3161007;MG;SÃO DOMINGOS DO PRATA;20
3161056;MG;SÃO FÉLIX DE MINAS;30
3161106;MG;SÃO FRANCISCO;65
3161205;MG;SÃO FRANCISCO DE PAULA;30
3161304;MG;SÃO FRANCISCO DE SALES;30
3161403;MG;SÃO FRANCISCO DO GLÓRIA;28
3161502;MG;SÃO GERALDO;30
3161601;MG;SÃO GERALDO DA PIEDADE;30
3161650;MG;SÃO GERALDO DO BAIXIO;30
3161700;MG;SÃO GONÇALO DO ABAETÉ;40
3161809;MG;SÃO GONÇALO DO PARÁ;20
3161908;MG;SÃO GONÇALO DO RIO ABAIXO;20
3162005;MG;SÃO GONÇALO DO SAPUCAÍ;30
3162104;MG;SÃO GOTARDO;40
3162203;MG;SÃO JOÃO BATISTA DO GLÓRIA;26
3162252;MG;SÃO JOÃO DA LAGOA;50
3162302;MG;SÃO JOÃO DA MATA;30
3162401;MG;SÃO JOÃO DA PONTE;50
3162450;MG;SÃO JOÃO DAS MISSÕES;65
3162500;MG;SÃO JOÃO DEL REI;30
3162559;MG;SÃO JOÃO DO MANHUAÇU;24
3162575;MG;SÃO JOÃO DO MANTENINHA;30
3162609;MG;SÃO JOÃO DO ORIENTE;20
3162658;MG;SÃO JOÃO DO PACUÍ;50
3162708;MG;SÃO JOÃO DO PARAÍSO;65
3162807;MG;SÃO JOÃO EVANGELISTA;24
3162906;MG;SÃO JOÃO NEPOMUCENO;24
3162922;MG;SÃO JOAQUIM DE BICAS;20
3162948;MG;SÃO JOSÉ DA BARRA;26
3162955;MG;SÃO JOSÉ DA LAPA;7
3163003;MG;SÃO JOSÉ DA SAFIRA;30
3163102;MG;SÃO JOSÉ DA VARGINHA;20
3163201;MG;SÃO JOSÉ DO ALEGRE;30
3163300;MG;SÃO JOSÉ DO DIVINO;24
3163409;MG;SÃO JOSÉ DO GOIABAL;20
3163508;MG;SÃO JOSÉ DO JACURI;30
3163607;MG;SÃO JOSÉ DO MANTIMENTO;24
3163706;MG;SÃO LOURENÇO;30
3163805;MG;SÃO MIGUEL DO ANTA;28
3163904;MG;SÃO PEDRO DA UNIÃO;28
3164001;MG;SÃO PEDRO DOS FERROS;26
3164100;MG;SÃO PEDRO DO SUAÇUÍ;24
3164209;MG;SÃO ROMÃO;70
3164308;MG;SÃO ROQUE DE MINAS;35
3164407;MG;SÃO SEBASTIÃO DA BELA VISTA;30
3164431;MG;SÃO SEBASTIÃO DA VARGEM ALEGRE;28
3164472;MG;SÃO SEBASTIÃO DO ANTA;20
3164506;MG;SÃO SEBASTIÃO DO MARANHÃO;24
3164605;MG;SÃO SEBASTIÃO DO OESTE;30
3164704;MG;SÃO SEBASTIÃO DO PARAÍSO;28
3164803;MG;SÃO SEBASTIÃO DO RIO PRETO;20
3164902;MG;SÃO SEBASTIÃO DO RIO VERDE;30
3165008;MG;SÃO TIAGO;30
3165107;MG;SÃO TOMÁS DE AQUINO;28
3165206;MG;SÃO THOMÉ DAS LETRAS;30
3165305;MG;SÃO VICENTE DE MINAS;30
3165404;MG;SAPUCAÍ-MIRIM;30
3165503;MG;SARDOÁ;24
3165537;MG;SARZEDO;7
3165552;MG;SETUBINHA;40
3165560;MG;SEM-PEIXE;26
3165578;MG;SENADOR AMARAL;30
3165602;MG;SENADOR CORTES;24
3165701;MG;SENADOR FIRMINO;28
3165800;MG;SENADOR JOSÉ BENTO;30
3165909;MG;SENADOR MODESTINO GONÇALVES;40
3166006;MG;SENHORA DE OLIVEIRA;22
3166105;MG;SENHORA DO PORTO;30
3166204;MG;SENHORA DOS REMÉDIOS;22
3166303;MG;SERICITA;26
3166402;MG;SERITINGA;30
3166501;MG;SERRA AZUL DE MINAS;24
3166600;MG;SERRA DA SAUDADE;35
3166709;MG;SERRA DOS AIMORÉS;50
3166808;MG;SERRA DO SALITRE;40
3166907;MG;SERRANIA;26
3166956;MG;SERRANÓPOLIS DE MINAS;65
3167004;MG;SERRANOS;30
3167103;MG;SERRO;40
3167202;MG;SETE LAGOAS;20
3167301;MG;SILVEIRÂNIA;30
3167400;MG;SILVIANÓPOLIS;30
3167509;MG;SIMÃO PEREIRA;24
3167608;MG;SIMONÉSIA;24
3167707;MG;SOBRÁLIA;20
3167806;MG;SOLEDADE DE MINAS;30
3167905;MG;TABULEIRO;30
3168002;MG;TAIOBEIRAS;65
3168051;MG;TAPARUBA;30
3168101;MG;TAPIRA;35
3168200;MG;TAPIRAÍ;35
3168309;MG;TAQUARAÇU DE MINAS;7
3168408;MG;TARUMIRIM;20
3168507;MG;TEIXEIRAS;22
3168606;MG;TEÓFILO OTONI;40
3168705;MG;TIMÓTEO;20
3168804;MG;TIRADENTES;22
3168903;MG;TIROS;40
3169000;MG;TOCANTINS;30
3169059;MG;TOCOS DO MOJI;30
3169109;MG;TOLEDO;30
3169208;MG;TOMBOS;28
3169307;MG;TRÊS CORAÇÕES;30
3169356;MG;TRÊS MARIAS;40
3169406;MG;TRÊS PONTAS;26
3169505;MG;TUMIRITINGA;30
3169604;MG;TUPACIGUARA;20
3169703;MG;TURMALINA;40
3169802;MG;TURVOLÂNDIA;30
3169901;MG;UBÁ;30
3170008;MG;UBAÍ;50
3170057;MG;UBAPORANGA;20
3170107;MG;UBERABA;24
3170206;MG;UBERLÂNDIA;20
3170305;MG;UMBURATIBA;60
3170404;MG;UNAÍ;65
3170438;MG;UNIÃO DE MINAS;30
3170479;MG;URUANA DE MINAS;65
3170503;MG;URUCÂNIA;26
3170529;MG;URUCUIA;65
3170578;MG;VARGEM ALEGRE;20
3170602;MG;VARGEM BONITA;35
3170651;MG;VARGEM GRANDE DO RIO PARDO;65
3170701;MG;VARGINHA;26
3170750;MG;VARJÃO DE MINAS;40
3170800;MG;VÁRZEA DA PALMA;50
3170909;MG;VARZELÂNDIA;50
3171006;MG;VAZANTE;50
3171030;MG;VERDELÂNDIA;50
3171071;MG;VEREDINHA;40
3171105;MG;VERÍSSIMO;24
3171154;MG;VERMELHO NOVO;26
3171204;MG;VESPASIANO;7
3171303;MG;VIÇOSA;22
3171402;MG;VIEIRAS;28
3171501;MG;MATHIAS LOBATO;30
3171600;MG;VIRGEM DA LAPA;65
3171709;MG;VIRGÍNIA;30
3171808;MG;VIRGINÓPOLIS;24
3171907;MG;VIRGOLÂNDIA;24
3172004;MG;VISCONDE DO RIO BRANCO;30
3172103;MG;VOLTA GRANDE;30
3172202;MG;WENCESLAU BRAZ;30
3200102;ES;AFONSO CLÁUDIO;20
3200136;ES;ÁGUIA BRANCA;20
3200169;ES;ÁGUA DOCE DO NORTE;20
3200201;ES;ALEGRE;24
3200300;ES;ALFREDO CHAVES;18
3200359;ES;ALTO RIO NOVO;20
3200409;ES;ANCHIETA;16
3200508;ES;APIACÁ;30
3200607;ES;ARACRUZ;20
3200706;ES;ATILIO VIVACQUA;16
3200805;ES;BAIXO GUANDU;26
3200904;ES;BARRA DE SÃO FRANCISCO;20
3201001;ES;BOA ESPERANÇA;20
3201100;ES;BOM JESUS DO NORTE;20
3201159;ES;BREJETUBA;20
3201209;ES;CACHOEIRO DE ITAPEMIRIM;16
3201308;ES;CARIACICA;12
3201407;ES;CASTELO;18
3201506;ES;COLATINA;18
3201605;ES;CONCEIÇÃO DA BARRA;20
3201704;ES;CONCEIÇÃO DO CASTELO;18
3201803;ES;DIVINO DE SÃO LOURENÇO;20
3201902;ES;DOMINGOS MARTINS;18
3202009;ES;DORES DO RIO PRETO;20
3202108;ES;ECOPORANGA;50
3202207;ES;FUNDÃO;20
3202256;ES;GOVERNADOR LINDENBERG;18
3202306;ES;GUAÇUÍ;22
3202405;ES;GUARAPARI;16
3202454;ES;IBATIBA;20
3202504;ES;IBIRAÇU;24
3202553;ES;IBITIRAMA;24
3202603;ES;ICONHA;18
3202652;ES;IRUPI;20
3202702;ES;ITAGUAÇU;22
3202801;ES;ITAPEMIRIM;18
3202900;ES;ITARANA;20
3203007;ES;IÚNA;20
3203056;ES;JAGUARÉ;20
3203106;ES;JERÔNIMO MONTEIRO;30
3203130;ES;JOÃO NEIVA;24
3203163;ES;LARANJA DA TERRA;20
3203205;ES;LINHARES;20
3203304;ES;MANTENÓPOLIS;20
3203320;ES;MARATAÍZES;18
3203346;ES;MARECHAL FLORIANO;18
3203353;ES;MARILÂNDIA;18
3203403;ES;MIMOSO DO SUL;30
3203502;ES;MONTANHA;60
3203601;ES;MUCURICI;60
3203700;ES;MUNIZ FREIRE;18
3203809;ES;MUQUI;30
3203908;ES;NOVA VENÉCIA;20
3204005;ES;PANCAS;20
3204054;ES;PEDRO CANÁRIO;20
3204104;ES;PINHEIROS;20
3204203;ES;PIÚMA;18
3204252;ES;PONTO BELO;60
3204302;ES;PRESIDENTE KENNEDY;30
3204351;ES;RIO BANANAL;20
3204401;ES;RIO NOVO DO SUL;20
3204500;ES;SANTA LEOPOLDINA;18
3204559;ES;SANTA MARIA DE JETIBÁ;18
3204609;ES;SANTA TERESA;18
3204658;ES;SÃO DOMINGOS DO NORTE;18
3204708;ES;SÃO GABRIEL DA PALHA;20
3204807;ES;SÃO JOSÉ DO CALÇADO;20
3204906;ES;SÃO MATEUS;20
3204955;ES;SÃO ROQUE DO CANAÃ;18
3205002;ES;SERRA;12
3205010;ES;SOORETAMA;20
3205036;ES;VARGEM ALTA;16
3205069;ES;VENDA NOVA DO IMIGRANTE;18
3205101;ES;VIANA;12
3205150;ES;VILA PAVÃO;20
3205176;ES;VILA VALÉRIO;20
3205200;ES;VILA VELHA;12
3205309;ES;VITÓRIA;7
3300100;RJ;ANGRA DOS REIS;16
3300159;RJ;APERIBÉ;35
3300209;RJ;ARARUAMA;14
3300225;RJ;AREAL;28
3300233;RJ;ARMAÇÃO DOS BÚZIOS;14
3300258;RJ;ARRAIAL DO CABO;14
3300308;RJ;BARRA DO PIRAÍ;20
3300407;RJ;BARRA MANSA;26
3300456;RJ;BELFORD ROXO;10
3300506;RJ;BOM JARDIM;25
3300605;RJ;BOM JESUS DE ITABAPOANA;30
3300704;RJ;CABO FRIO;14
3300803;RJ;CACHOEIRAS DE MACACU;14
3300902;RJ;CAMBUCI;35
3300936;RJ;CARAPEBUS;12
3300951;RJ;COMENDADOR LEVY GASPARIAN;28
3301009;RJ;CAMPOS DOS GOYTACAZES;12
3301108;RJ;CANTAGALO;35
3301157;RJ;CARDOSO MOREIRA;12
3301207;RJ;CARMO;35
3301306;RJ;CASIMIRO DE ABREU;18
3301405;RJ;CONCEIÇÃO DE MACABU;12
3301504;RJ;CORDEIRO;35
3301603;RJ;DUAS BARRAS;26
3301702;RJ;DUQUE DE CAXIAS;10
3301801;RJ;ENGENHEIRO PAULO DE FRONTIN;14
3301850;RJ;GUAPIMIRIM;10
3301876;RJ;IGUABA GRANDE;14
3301900;RJ;ITABORAÍ;10
3302007;RJ;ITAGUAÍ;10
3302056;RJ;ITALVA;12
3302106;RJ;ITAOCARA;22
3302205;RJ;ITAPERUNA;30
3302254;RJ;ITATIAIA;26
3302270;RJ;JAPERI;10
3302304;RJ;LAJE DO MURIAÉ;28
3302403;RJ;MACAÉ;12
3302452;RJ;MACUCO;35
3302502;RJ;MAGÉ;10
3302601;RJ;MANGARATIBA;16
3302700;RJ;MARICÁ;14
3302809;RJ;MENDES;18
3302858;RJ;MESQUITA;10
3302908;RJ;MIGUEL PEREIRA;16
3303005;RJ;MIRACEMA;35
3303104;RJ;NATIVIDADE;30
3303203;RJ;NILÓPOLIS;10
3303302;RJ;NITERÓI;5
3303401;RJ;NOVA FRIBURGO;10
3303500;RJ;NOVA IGUAÇU;10
3303609;RJ;PARACAMBI;10
3303708;RJ;PARAÍBA DO SUL;28
3303807;RJ;PARATI;16
3303856;RJ;PATY DO ALFERES;16
3303906;RJ;PETRÓPOLIS;10
3303955;RJ;PINHEIRAL;16
3304003;RJ;PIRAÍ;16
3304102;RJ;PORCIÚNCULA;30
3304110;RJ;PORTO REAL;26
3304128;RJ;QUATIS;26
3304144;RJ;QUEIMADOS;10
3304151;RJ;QUISSAMÃ;12
3304201;RJ;RESENDE;26
3304300;RJ;RIO BONITO;14
3304409;RJ;RIO CLARO;20
3304508;RJ;RIO DAS FLORES;22
3304524;RJ;RIO DAS OSTRAS;18
3304557;RJ;RIO DE JANEIRO;5
3304607;RJ;SANTA MARIA MADALENA;35
3304706;RJ;SANTO ANTÔNIO DE PÁDUA;35
3304755;RJ;SÃO FRANCISCO DE ITABAPOANA;12
3304805;RJ;SÃO FIDÉLIS;12
3304904;RJ;SÃO GONÇALO;10
3305000;RJ;SÃO JOÃO DA BARRA;12
3305109;RJ;SÃO JOÃO DE MERITI;10
3305133;RJ;SÃO JOSÉ DE UBÁ;35
3305158;RJ;SÃO JOSÉ DO VALE DO RIO PRETO;10
3305208;RJ;SÃO PEDRO DA ALDEIA;14
3305307;RJ;SÃO SEBASTIÃO DO ALTO;35
3305406;RJ;SAPUCAIA;28
3305505;RJ;SAQUAREMA;14
3305554;RJ;SEROPÉDICA;10
3305604;RJ;SILVA JARDIM;16
3305703;RJ;SUMIDOURO;26
3305752;RJ;TANGUÁ;10
3305802;RJ;TERESÓPOLIS;10
3305901;RJ;TRAJANO DE MORAIS;35
3306008;RJ;TRÊS RIOS;28
3306107;RJ;VALENÇA;24
3306156;RJ;VARRE-SAI;30
3306206;RJ;VASSOURAS;16
3306305;RJ;VOLTA REDONDA;14
3500105;SP;ADAMANTINA;20
3500204;SP;ADOLFO;22
3500303;SP;AGUAÍ;18
3500402;SP;ÁGUAS DA PRATA;22
3500501;SP;ÁGUAS DE LINDÓIA;16
3500550;SP;ÁGUAS DE SANTA BÁRBARA;30
3500600;SP;ÁGUAS DE SÃO PEDRO;18
3500709;SP;AGUDOS;12
3500758;SP;ALAMBARI;22
3500808;SP;ALFREDO MARCONDES;22
3500907;SP;ALTAIR;28
3501004;SP;ALTINÓPOLIS;22
3501103;SP;ALTO ALEGRE;30
3501152;SP;ALUMÍNIO;12
3501202;SP;ÁLVARES FLORENCE;28
3501301;SP;ÁLVARES MACHADO;22
3501400;SP;ÁLVARO DE CARVALHO;14
3501509;SP;ALVINLÂNDIA;14
3501608;SP;AMERICANA;12
3501707;SP;AMÉRICO BRASILIENSE;12
3501806;SP;AMÉRICO DE CAMPOS;30
3501905;SP;AMPARO;20
3502002;SP;ANALÂNDIA;18
3502101;SP;ANDRADINA;30
3502200;SP;ANGATUBA;22
3502309;SP;ANHEMBI;30
3502408;SP;ANHUMAS;24
3502507;SP;APARECIDA;24
3502606;SP;APARECIDA D'OESTE;30
3502705;SP;APIAÍ;16
3502754;SP;ARAÇARIGUAMA;12
3502804;SP;ARAÇATUBA;30
3502903;SP;ARAÇOIABA DA SERRA;12
3503000;SP;ARAMINA;20
3503109;SP;ARANDU;22
3503158;SP;ARAPEÍ;24
3503208;SP;ARARAQUARA;12
3503307;SP;ARARAS;10
3503356;SP;ARCO-ÍRIS;20
3503406;SP;AREALVA;14
3503505;SP;AREIAS;35
3503604;SP;AREIÓPOLIS;16
3503703;SP;ARIRANHA;16
3503802;SP;ARTUR NOGUEIRA;10
3503901;SP;ARUJÁ;5
3503950;SP;ASPÁSIA;26
3504008;SP;ASSIS;20
3504107;SP;ATIBAIA;16
3504206;SP;AURIFLAMA;35
3504305;SP;AVAÍ;14
3504404;SP;AVANHANDAVA;30
3504503;SP;AVARÉ;30
3504602;SP;BADY BASSITT;16
3504701;SP;BALBINOS;20
3504800;SP;BÁLSAMO;20
3504909;SP;BANANAL;24
3505005;SP;BARÃO DE ANTONINA;20
3505104;SP;BARBOSA;30
3505203;SP;BARIRI;16
3505302;SP;BARRA BONITA;14
3505351;SP;BARRA DO CHAPÉU;16
3505401;SP;BARRA DO TURVO;16
3505500;SP;BARRETOS;22
3505609;SP;BARRINHA;12
3505708;SP;BARUERI;7
3505807;SP;BASTOS;16
3505906;SP;BATATAIS;22
3506003;SP;BAURU;12
3506102;SP;BEBEDOURO;14
3506201;SP;BENTO DE ABREU;30
3506300;SP;BERNARDINO DE CAMPOS;20
3506359;SP;BERTIOGA;10
3506409;SP;BILAC;30
3506508;SP;BIRIGUI;30
3506607;SP;BIRITIBA-MIRIM;5
3506706;SP;BOA ESPERANÇA DO SUL;12
3506805;SP;BOCAINA;16
3506904;SP;BOFETE;20
3507001;SP;BOITUVA;18
3507100;SP;BOM JESUS DOS PERDÕES;16
3507159;SP;BOM SUCESSO DE ITARARÉ;20
3507209;SP;BORÁ;20
3507308;SP;BORACÉIA;16
3507407;SP;BORBOREMA;16
3507456;SP;BOREBI;12
3507506;SP;BOTUCATU;20
3507605;SP;BRAGANÇA PAULISTA;16
3507704;SP;BRAÚNA;30
3507753;SP;BREJO ALEGRE;30
3507803;SP;BRODOWSKI;22
3507902;SP;BROTAS;18
3508009;SP;BURI;20
3508108;SP;BURITAMA;30
3508207;SP;BURITIZAL;22
3508306;SP;CABRÁLIA PAULISTA;12
3508405;SP;CABREÚVA;12
3508504;SP;CAÇAPAVA;16
3508603;SP;CACHOEIRA PAULISTA;24
3508702;SP;CACONDE;22
3508801;SP;CAFELÂNDIA;20
3508900;SP;CAIABU;22
3509007;SP;CAIEIRAS;7
3509106;SP;CAIUÁ;30
3509205;SP;CAJAMAR;7
3509254;SP;CAJATI;16
3509304;SP;CAJOBI;16
3509403;SP;CAJURU;16
3509452;SP;CAMPINA DO MONTE ALEGRE;22
3509502;SP;CAMPINAS;10
3509601;SP;CAMPO LIMPO PAULISTA;12
3509700;SP;CAMPOS DO JORDÃO;12
3509809;SP;CAMPOS NOVOS PAULISTA;20
3509908;SP;CANANÉIA;16
3509957;SP;CANAS;24
3510005;SP;CÂNDIDO MOTA;20
3510104;SP;CÂNDIDO RODRIGUES;14
3510153;SP;CANITAR;20
3510203;SP;CAPÃO BONITO;16
3510302;SP;CAPELA DO ALTO;18
3510401;SP;CAPIVARI;10
3510500;SP;CARAGUATATUBA;16
3510609;SP;CARAPICUÍBA;5
3510708;SP;CARDOSO;30
3510807;SP;CASA BRANCA;18
3510906;SP;CÁSSIA DOS COQUEIROS;16
3511003;SP;CASTILHO;35
3511102;SP;CATANDUVA;16
3511201;SP;CATIGUÁ;16
3511300;SP;CEDRAL;20
3511409;SP;CERQUEIRA CÉSAR;22
3511508;SP;CERQUILHO;20
3511607;SP;CESÁRIO LANGE;18
3511706;SP;CHARQUEADA;10
3511904;SP;CLEMENTINA;30
3512001;SP;COLINA;18
3512100;SP;COLÔMBIA;22
3512209;SP;CONCHAL;12
3512308;SP;CONCHAS;30
3512407;SP;CORDEIRÓPOLIS;10
3512506;SP;COROADOS;30
3512605;SP;CORONEL MACEDO;20
3512704;SP;CORUMBATAÍ;18
3512803;SP;COSMÓPOLIS;10
3512902;SP;COSMORAMA;30
3513009;SP;COTIA;5
3513108;SP;CRAVINHOS;12
3513207;SP;CRISTAIS PAULISTA;16
3513306;SP;CRUZÁLIA;20
3513405;SP;CRUZEIRO;24
3513504;SP;CUBATÃO;10
3513603;SP;CUNHA;40
3513702;SP;DESCALVADO;12
3513801;SP;DIADEMA;7
3513850;SP;DIRCE REIS;22
3513900;SP;DIVINOLÂNDIA;22
3514007;SP;DOBRADA;12
3514106;SP;DOIS CÓRREGOS;18
3514205;SP;DOLCINÓPOLIS;30
3514304;SP;DOURADO;14
3514403;SP;DRACENA;20
3514502;SP;DUARTINA;12
3514601;SP;DUMONT;12
3514700;SP;ECHAPORÃ;20
3514809;SP;ELDORADO;16
3514908;SP;ELIAS FAUSTO;10
3514924;SP;ELISIÁRIO;16
3514957;SP;EMBAÚBA;16
3515004;SP;EMBU;5
3515103;SP;EMBU-GUAÇU;5
3515129;SP;EMILIANÓPOLIS;22
3515152;SP;ENGENHEIRO COELHO;10
3515186;SP;ESPÍRITO SANTO DO PINHAL;22
3515194;SP;ESPÍRITO SANTO DO TURVO;20
3515202;SP;ESTRELA D'OESTE;26
3515301;SP;ESTRELA DO NORTE;22
3515350;SP;EUCLIDES DA CUNHA PAULISTA;30
3515400;SP;FARTURA;20
3515509;SP;FERNANDÓPOLIS;26
3515608;SP;FERNANDO PRESTES;14
3515657;SP;FERNÃO;14
3515707;SP;FERRAZ DE VASCONCELOS;5
3515806;SP;FLORA RICA;22
3515905;SP;FLOREAL;35
3516002;SP;FLÓRIDA PAULISTA;22
3516101;SP;FLORINÍA;20
3516200;SP;FRANCA;16
3516309;SP;FRANCISCO MORATO;7
3516408;SP;FRANCO DA ROCHA;7
3516507;SP;GABRIEL MONTEIRO;30
3516606;SP;GÁLIA;14
3516705;SP;GARÇA;14
3516804;SP;GASTÃO VIDIGAL;35
3516853;SP;GAVIÃO PEIXOTO;12
3516903;SP;GENERAL SALGADO;35
3517000;SP;GETULINA;22
3517109;SP;GLICÉRIO;30
3517208;SP;GUAIÇARA;22
3517307;SP;GUAIMBÊ;20
3517406;SP;GUAÍRA;22
3517505;SP;GUAPIAÇU;16
3517604;SP;GUAPIARA;16
3517703;SP;GUARÁ;22
3517802;SP;GUARAÇAÍ;30
3517901;SP;GUARACI;30
3518008;SP;GUARANI D'OESTE;30
3518107;SP;GUARANTÃ;20
3518206;SP;GUARARAPES;30
3518305;SP;GUARAREMA;7
3518404;SP;GUARATINGUETÁ;24
3518503;SP;GUAREÍ;22
3518602;SP;GUARIBA;14
3518701;SP;GUARUJÁ;10
3518800;SP;GUARULHOS;5
3518859;SP;GUATAPARÁ;10
3518909;SP;GUZOLÂNDIA;35
3519006;SP;HERCULÂNDIA;20
3519055;SP;HOLAMBRA;10
3519071;SP;HORTOLÂNDIA;10
3519105;SP;IACANGA;20
3519204;SP;IACRI;16
3519253;SP;IARAS;30
3519303;SP;IBATÉ;12
3519402;SP;IBIRÁ;20
3519501;SP;IBIRAREMA;20
3519600;SP;IBITINGA;12
3519709;SP;IBIÚNA;16
3519808;SP;ICÉM;28
3519907;SP;IEPÊ;24
3520004;SP;IGARAÇU DO TIETÊ;14
3520103;SP;IGARAPAVA;20
3520202;SP;IGARATÁ;14
3520301;SP;IGUAPE;16
3520400;SP;ILHABELA;16
3520426;SP;ILHA COMPRIDA;16
3520442;SP;ILHA SOLTEIRA;30
3520509;SP;INDAIATUBA;10
3520608;SP;INDIANA;22
3520707;SP;INDIAPORÃ;30
3520806;SP;INÚBIA PAULISTA;22
3520905;SP;IPAUSSU;20
3521002;SP;IPERÓ;12
3521101;SP;IPEÚNA;16
3521150;SP;IPIGUÁ;12
3521200;SP;IPORANGA;16
3521309;SP;IPUÃ;22
3521408;SP;IRACEMÁPOLIS;10
3521507;SP;IRAPUÃ;22
3521606;SP;IRAPURU;20
3521705;SP;ITABERÁ;20
3521804;SP;ITAÍ;20
3521903;SP;ITAJOBI;22
3522000;SP;ITAJU;16
3522109;SP;ITANHAÉM;10
3522158;SP;ITAÓCA;16
3522208;SP;ITAPECERICA DA SERRA;5
3522307;SP;ITAPETININGA;22
3522406;SP;ITAPEVA;20
3522505;SP;ITAPEVI;5
3522604;SP;ITAPIRA;20
3522653;SP;ITAPIRAPUÃ PAULISTA;16
3522703;SP;ITÁPOLIS;16
3522802;SP;ITAPORANGA;20
3522901;SP;ITAPUÍ;14
3523008;SP;ITAPURA;35
3523107;SP;ITAQUAQUECETUBA;5
3523206;SP;ITARARÉ;20
3523305;SP;ITARIRI;10
3523404;SP;ITATIBA;12
3523503;SP;ITATINGA;30
3523602;SP;ITIRAPINA;14
3523701;SP;ITIRAPUÃ;16
3523800;SP;ITOBI;22
3523909;SP;ITU;12
3524006;SP;ITUPEVA;10
3524105;SP;ITUVERAVA;22
3524204;SP;JABORANDI;18
3524303;SP;JABOTICABAL;14
3524402;SP;JACAREÍ;12
3524501;SP;JACI;20
3524600;SP;JACUPIRANGA;16
3524709;SP;JAGUARIÚNA;10
3524808;SP;JALES;26
3524907;SP;JAMBEIRO;30
3525003;SP;JANDIRA;7
3525102;SP;JARDINÓPOLIS;14
3525201;SP;JARINU;12
3525300;SP;JAÚ;14
3525409;SP;JERIQUARA;16
3525508;SP;JOANÓPOLIS;24
3525607;SP;JOÃO RAMALHO;24
3525706;SP;JOSÉ BONIFÁCIO;30
3525805;SP;JÚLIO MESQUITA;12
3525854;SP;JUMIRIM;26
3525904;SP;JUNDIAÍ;10
3526001;SP;JUNQUEIRÓPOLIS;20
3526100;SP;JUQUIÁ;16
3526209;SP;JUQUITIBA;7
3526308;SP;LAGOINHA;35
3526407;SP;LARANJAL PAULISTA;18
3526506;SP;LAVÍNIA;30
3526605;SP;LAVRINHAS;24
3526704;SP;LEME;18
3526803;SP;LENÇÓIS PAULISTA;12
3526902;SP;LIMEIRA;10
3527009;SP;LINDÓIA;16
3527108;SP;LINS;22
3527207;SP;LORENA;24
3527256;SP;LOURDES;30
3527306;SP;LOUVEIRA;10
3527405;SP;LUCÉLIA;20
3527504;SP;LUCIANÓPOLIS;12
3527603;SP;LUÍS ANTÔNIO;14
3527702;SP;LUIZIÂNIA;30
3527801;SP;LUPÉRCIO;14
3527900;SP;LUTÉCIA;20
3528007;SP;MACATUBA;14
3528106;SP;MACAUBAL;30
3528205;SP;MACEDÔNIA;30
3528304;SP;MAGDA;35
3528403;SP;MAIRINQUE;12
3528502;SP;MAIRIPORÃ;7
3528601;SP;MANDURI;20
3528700;SP;MARABÁ PAULISTA;30
3528809;SP;MARACAÍ;20
3528858;SP;MARAPOAMA;22
3528908;SP;MARIÁPOLIS;22
3529005;SP;MARÍLIA;14
3529104;SP;MARINÓPOLIS;22
3529203;SP;MARTINÓPOLIS;24
3529302;SP;MATÃO;12
3529401;SP;MAUÁ;5
3529500;SP;MENDONÇA;30
3529609;SP;MERIDIANO;26
3529658;SP;MESÓPOLIS;30
3529708;SP;MIGUELÓPOLIS;22
3529807;SP;MINEIROS DO TIETÊ;16
3529906;SP;MIRACATU;16
3530003;SP;MIRA ESTRELA;30
3530102;SP;MIRANDÓPOLIS;30
3530201;SP;MIRANTE DO PARANAPANEMA;30
3530300;SP;MIRASSOL;16
3530409;SP;MIRASSOLÂNDIA;24
3530508;SP;MOCOCA;22
3530607;SP;MOJI DAS CRUZES;5
3530706;SP;MOGI GUAÇU;18
3530805;SP;MOJI MIRIM;18
3530904;SP;MOMBUCA;10
3531001;SP;MONÇÕES;35
3531100;SP;MONGAGUÁ;10
3531209;SP;MONTE ALEGRE DO SUL;16
3531308;SP;MONTE ALTO;14
3531407;SP;MONTE APRAZÍVEL;30
3531506;SP;MONTE AZUL PAULISTA;14
3531605;SP;MONTE CASTELO;22
3531704;SP;MONTEIRO LOBATO;14
3531803;SP;MONTE MOR;10
3531902;SP;MORRO AGUDO;22
3532009;SP;MORUNGABA;12
3532058;SP;MOTUCA;12
3532108;SP;MURUTINGA DO SUL;30
3532157;SP;NANTES;24
3532207;SP;NARANDIBA;24
3532306;SP;NATIVIDADE DA SERRA;40
3532405;SP;NAZARÉ PAULISTA;16
3532504;SP;NEVES PAULISTA;26
3532603;SP;NHANDEARA;35
3532702;SP;NIPOÃ;30
3532801;SP;NOVA ALIANÇA;20
3532827;SP;NOVA CAMPINA;20
3532843;SP;NOVA CANAÃ PAULISTA;26
3532868;SP;NOVA CASTILHO;35
3532900;SP;NOVA EUROPA;12
3533007;SP;NOVA GRANADA;22
3533106;SP;NOVA GUATAPORANGA;18
3533205;SP;NOVA INDEPENDÊNCIA;35
3533254;SP;NOVAIS;16
3533304;SP;NOVA LUZITÂNIA;35
3533403;SP;NOVA ODESSA;10
3533502;SP;NOVO HORIZONTE;22
3533601;SP;NUPORANGA;22
3533700;SP;OCAUÇU;14
3533809;SP;ÓLEO;20
3533908;SP;OLÍMPIA;20
3534005;SP;ONDA VERDE;22
3534104;SP;ORIENTE;14
3534203;SP;ORINDIÚVA;30
3534302;SP;ORLÂNDIA;22
3534401;SP;OSASCO;5
3534500;SP;OSCAR BRESSANE;20
3534609;SP;OSVALDO CRUZ;18
3534708;SP;OURINHOS;20
3534757;SP;OUROESTE;30
3534807;SP;OURO VERDE;20
3534906;SP;PACAEMBU;18
3535002;SP;PALESTINA;24
3535101;SP;PALMARES PAULISTA;16
3535200;SP;PALMEIRA D'OESTE;22
3535309;SP;PALMITAL;20
3535408;SP;PANORAMA;30
3535507;SP;PARAGUAÇU PAULISTA;20
3535606;SP;PARAIBUNA;30
3535705;SP;PARAÍSO;16
3535804;SP;PARANAPANEMA;22
3535903;SP;PARANAPUÃ;30
3536000;SP;PARAPUÃ;18
3536109;SP;PARDINHO;24
3536208;SP;PARIQUERA-AÇU;16
3536257;SP;PARISI;24
3536307;SP;PATROCÍNIO PAULISTA;16
3536406;SP;PAULICÉIA;30
3536505;SP;PAULÍNIA;10
3536570;SP;PAULISTÂNIA;12
3536604;SP;PAULO DE FARIA;30
3536703;SP;PEDERNEIRAS;14
3536802;SP;PEDRA BELA;20
3536901;SP;PEDRANÓPOLIS;26
3537008;SP;PEDREGULHO;20
3537107;SP;PEDREIRA;18
3537156;SP;PEDRINHAS PAULISTA;20
3537206;SP;PEDRO DE TOLEDO;10
3537305;SP;PENÁPOLIS;30
3537404;SP;PEREIRA BARRETO;30
3537503;SP;PEREIRAS;30
3537602;SP;PERUÍBE;10
3537701;SP;PIACATU;30
3537800;SP;PIEDADE;16
3537909;SP;PILAR DO SUL;16
3538006;SP;PINDAMONHANGABA;16
3538105;SP;PINDORAMA;16
3538204;SP;PINHALZINHO;16
3538303;SP;PIQUEROBI;30
3538501;SP;PIQUETE;24
3538600;SP;PIRACAIA;24
3538709;SP;PIRACICABA;10
3538808;SP;PIRAJU;20
3538907;SP;PIRAJUÍ;20
3539004;SP;PIRANGI;14
3539103;SP;PIRAPORA DO BOM JESUS;7
3539202;SP;PIRAPOZINHO;24
3539301;SP;PIRASSUNUNGA;18
3539400;SP;PIRATININGA;12
3539509;SP;PITANGUEIRAS;16
3539608;SP;PLANALTO;30
3539707;SP;PLATINA;20
3539806;SP;POÁ;5
3539905;SP;POLONI;30
3540002;SP;POMPÉIA;18
3540101;SP;PONGAÍ;20
3540200;SP;PONTAL;12
3540259;SP;PONTALINDA;26
3540309;SP;PONTES GESTAL;30
3540408;SP;POPULINA;30
3540507;SP;PORANGABA;30
3540606;SP;PORTO FELIZ;12
3540705;SP;PORTO FERREIRA;16
3540754;SP;POTIM;24
3540804;SP;POTIRENDABA;20
3540853;SP;PRACINHA;20
3540903;SP;PRADÓPOLIS;12
3541000;SP;PRAIA GRANDE;10
3541059;SP;PRATÂNIA;16
3541109;SP;PRESIDENTE ALVES;20
3541208;SP;PRESIDENTE BERNARDES;22
3541307;SP;PRESIDENTE EPITÁCIO;30
3541406;SP;PRESIDENTE PRUDENTE;22
3541505;SP;PRESIDENTE VENCESLAU;30
3541604;SP;PROMISSÃO;22
3541653;SP;QUADRA;18
3541703;SP;QUATÁ;20
3541802;SP;QUEIROZ;20
3541901;SP;QUELUZ;24
3542008;SP;QUINTANA;18
3542107;SP;RAFARD;10
3542206;SP;RANCHARIA;24
3542305;SP;REDENÇÃO DA SERRA;40
3542404;SP;REGENTE FEIJÓ;24
3542503;SP;REGINÓPOLIS;20
3542602;SP;REGISTRO;16
3542701;SP;RESTINGA;16
3542800;SP;RIBEIRA;16
3542909;SP;RIBEIRÃO BONITO;12
3543006;SP;RIBEIRÃO BRANCO;16
3543105;SP;RIBEIRÃO CORRENTE;16
3543204;SP;RIBEIRÃO DO SUL;20
3543238;SP;RIBEIRÃO DOS ÍNDIOS;30
3543253;SP;RIBEIRÃO GRANDE;16
3543303;SP;RIBEIRÃO PIRES;5
3543402;SP;RIBEIRÃO PRETO;10
3543501;SP;RIVERSUL;20
3543600;SP;RIFAINA;20
3543709;SP;RINCÃO;12
3543808;SP;RINÓPOLIS;18
3543907;SP;RIO CLARO;14
3544004;SP;RIO DAS PEDRAS;10
3544103;SP;RIO GRANDE DA SERRA;5
3544202;SP;RIOLÂNDIA;30
3544251;SP;ROSANA;30
3544301;SP;ROSEIRA;22
3544400;SP;RUBIÁCEA;30
3544509;SP;RUBINÉIA;30
3544608;SP;SABINO;22
3544707;SP;SAGRES;22
3544806;SP;SALES;22
3544905;SP;SALES OLIVEIRA;16
3545001;SP;SALESÓPOLIS;7
3545100;SP;SALMOURÃO;22
3545159;SP;SALTINHO;10
3545209;SP;SALTO;12
3545308;SP;SALTO DE PIRAPORA;12
3545407;SP;SALTO GRANDE;20
3545506;SP;SANDOVALINA;30
3545605;SP;SANTA ADÉLIA;16
3545704;SP;SANTA ALBERTINA;30
3545803;SP;SANTA BÁRBARA D'OESTE;10
3546009;SP;SANTA BRANCA;20
3546108;SP;SANTA CLARA D'OESTE;30
3546207;SP;SANTA CRUZ DA CONCEIÇÃO;18
3546256;SP;SANTA CRUZ DA ESPERANÇA;16
3546306;SP;SANTA CRUZ DAS PALMEIRAS;18
3546405;SP;SANTA CRUZ DO RIO PARDO;20
3546504;SP;SANTA ERNESTINA;14
3546603;SP;SANTA FÉ DO SUL;30
3546702;SP;SANTA GERTRUDES;10
3546801;SP;SANTA ISABEL;7
3546900;SP;SANTA LÚCIA;12
3547007;SP;SANTA MARIA DA SERRA;24
3547106;SP;SANTA MERCEDES;30
3547205;SP;SANTANA DA PONTE PENSA;26
3547304;SP;SANTANA DE PARNAÍBA;7
3547403;SP;SANTA RITA D'OESTE;26
3547502;SP;SANTA RITA DO PASSA QUATRO;14
3547601;SP;SANTA ROSA DE VITERBO;14
3547650;SP;SANTA SALETE;26
3547700;SP;SANTO ANASTÁCIO;30
3547809;SP;SANTO ANDRÉ;5
3547908;SP;SANTO ANTÔNIO DA ALEGRIA;22
3548005;SP;SANTO ANTÔNIO DE POSSE;12
3548054;SP;SANTO ANTÔNIO DE ARACANGUÁ;30
3548104;SP;SANTO ANTÔNIO DO JARDIM;22
3548203;SP;SANTO ANTÔNIO DO PINHAL;14
3548302;SP;SANTO EXPEDITO;24
3548401;SP;SANTÓPOLIS DO AGUAPEÍ;30
3548500;SP;SANTOS;10
3548609;SP;SÃO BENTO DO SAPUCAÍ;20
3548708;SP;SÃO BERNARDO DO CAMPO;5
3548807;SP;SÃO CAETANO DO SUL;5
3548906;SP;SÃO CARLOS;12
3549003;SP;SÃO FRANCISCO;22
3549102;SP;SÃO JOÃO DA BOA VISTA;22
3549201;SP;SÃO JOÃO DAS DUAS PONTES;26
3549250;SP;SÃO JOÃO DE IRACEMA;35
3549300;SP;SÃO JOÃO DO PAU D'ALHO;24
3549409;SP;SÃO JOAQUIM DA BARRA;22
3549508;SP;SÃO JOSÉ DA BELA VISTA;16
3549607;SP;SÃO JOSÉ DO BARREIRO;24
3549706;SP;SÃO JOSÉ DO RIO PARDO;22
3549805;SP;SÃO JOSÉ DO RIO PRETO;12
3549904;SP;SÃO JOSÉ DOS CAMPOS;12
3549953;SP;SÃO LOURENÇO DA SERRA;5
3550001;SP;SÃO LUÍS DO PARAITINGA;40
3550100;SP;SÃO MANUEL;16
3550209;SP;SÃO MIGUEL ARCANJO;16
3550308;SP;SÃO PAULO;5
3550407;SP;SÃO PEDRO;16
3550506;SP;SÃO PEDRO DO TURVO;20
3550605;SP;SÃO ROQUE;12
3550704;SP;SÃO SEBASTIÃO;16
3550803;SP;SÃO SEBASTIÃO DA GRAMA;22
3550902;SP;SÃO SIMÃO;16
3551009;SP;SÃO VICENTE;10
3551108;SP;SARAPUÍ;20
3551207;SP;SARUTAIÁ;20
3551306;SP;SEBASTIANÓPOLIS DO SUL;35
3551405;SP;SERRA AZUL;12
3551504;SP;SERRANA;12
3551603;SP;SERRA NEGRA;16
3551702;SP;SERTÃOZINHO;12
3551801;SP;SETE BARRAS;16
3551900;SP;SEVERÍNIA;16
3552007;SP;SILVEIRAS;35
3552106;SP;SOCORRO;16
3552205;SP;SOROCABA;12
3552304;SP;SUD MENNUCCI;30
3552403;SP;SUMARÉ;10
3552502;SP;SUZANO;5
3552551;SP;SUZANÁPOLIS;30
3552601;SP;TABAPUÃ;16
3552700;SP;TABATINGA;12
3552809;SP;TABOÃO DA SERRA;5
3552908;SP;TACIBA;24
3553005;SP;TAGUAÍ;20
3553104;SP;TAIAÇU;16
3553203;SP;TAIÚVA;14
3553302;SP;TAMBAÚ;20
3553401;SP;TANABI;24
3553500;SP;TAPIRAÍ;16
3553609;SP;TAPIRATIBA;22
3553658;SP;TAQUARAL;16
3553708;SP;TAQUARITINGA;14
3553807;SP;TAQUARITUBA;20
3553856;SP;TAQUARIVAÍ;20
3553906;SP;TARABAI;24
3553955;SP;TARUMÃ;20
3554003;SP;TATUÍ;18
3554102;SP;TAUBATÉ;20
3554201;SP;TEJUPÁ;20
3554300;SP;TEODORO SAMPAIO;30
3554409;SP;TERRA ROXA;20
3554508;SP;TIETÊ;26
3554607;SP;TIMBURI;20
3554656;SP;TORRE DE PEDRA;30
3554706;SP;TORRINHA;24
3554755;SP;TRABIJU;12
3554805;SP;TREMEMBÉ;16
3554904;SP;TRÊS FRONTEIRAS;26
3554953;SP;TUIUTI;16
3555000;SP;TUPÃ;20
3555109;SP;TUPI PAULISTA;18
3555208;SP;TURIÚBA;30
3555307;SP;TURMALINA;26
3555356;SP;UBARANA;30
3555406;SP;UBATUBA;16
3555505;SP;UBIRAJARA;16
3555604;SP;UCHOA;16
3555703;SP;UNIÃO PAULISTA;30
3555802;SP;URÂNIA;26
3555901;SP;URU;20
3556008;SP;URUPÊS;22
3556107;SP;VALENTIM GENTIL;24
3556206;SP;VALINHOS;10
3556305;SP;VALPARAÍSO;30
3556354;SP;VARGEM;16
3556404;SP;VARGEM GRANDE DO SUL;22
3556453;SP;VARGEM GRANDE PAULISTA;5
3556503;SP;VÁRZEA PAULISTA;12
3556602;SP;VERA CRUZ;14
3556701;SP;VINHEDO;10
3556800;SP;VIRADOURO;16
3556909;SP;VISTA ALEGRE DO ALTO;14
3556958;SP;VITÓRIA BRASIL;26
3557006;SP;VOTORANTIN;12
3557105;SP;VOTUPORANGA;24
3557154;SP;ZACARIAS;30
3557204;SP;CHAVANTES;20
3557303;SP;ESTIVA GERBI;18
4100103;PR;ABATIÁ;18
4100202;PR;ADRIANÓPOLIS;30
4100301;PR;AGUDOS DO SUL;20
4100400;PR;ALMIRANTE TAMANDARÉ;12
4100459;PR;ALTAMIRA DO PARANÁ;20
4100509;PR;ALTÔNIA;20
4100608;PR;ALTO PARANÁ;20
4100707;PR;ALTO PIQUIRI;22
4100806;PR;ALVORADA DO SUL;16
4100905;PR;AMAPORÃ;24
4101002;PR;AMPÉRE;20
4101051;PR;ANAHY;18
4101101;PR;ANDIRÁ;18
4101150;PR;ÂNGULO;16
4101200;PR;ANTONINA;16
4101309;PR;ANTÔNIO OLINTO;16
4101408;PR;APUCARANA;14
4101507;PR;ARAPONGAS;12
4101606;PR;ARAPOTI;20
4101655;PR;ARAPUÃ;18
4101705;PR;ARARUNA;20
4101804;PR;ARAUCÁRIA;12
4101853;PR;ARIRANHA DO IVAÍ;18
4101903;PR;ASSAÍ;18
4102000;PR;ASSIS CHATEAUBRIAND;18
4102109;PR;ASTORGA;16
4102208;PR;ATALAIA;16
4102307;PR;BALSA NOVA;12
4102406;PR;BANDEIRANTES;18
4102505;PR;BARBOSA FERRAZ;20
4102604;PR;BARRACÃO;20
4102703;PR;BARRA DO JACARÉ;18
4102752;PR;BELA VISTA DA CAROBA;20
4102802;PR;BELA VISTA DO PARAÍSO;16
4102901;PR;BITURUNA;24
4103008;PR;BOA ESPERANÇA;20
4103024;PR;BOA ESPERANÇA DO IGUAÇU;20
4103040;PR;BOA VENTURA DE SÃO ROQUE;20
4103057;PR;BOA VISTA DA APARECIDA;20
4103107;PR;BOCAIÚVA DO SUL;20
4103156;PR;BOM JESUS DO SUL;20
4103206;PR;BOM SUCESSO;16
4103222;PR;BOM SUCESSO DO SUL;18
4103305;PR;BORRAZÓPOLIS;18
4103354;PR;BRAGANEY;18
4103370;PR;BRASILÂNDIA DO SUL;22
4103404;PR;CAFEARA;16
4103453;PR;CAFELÂNDIA;18
4103479;PR;CAFEZAL DO SUL;20
4103503;PR;CALIFÓRNIA;16
4103602;PR;CAMBARÁ;18
4103701;PR;CAMBÉ;12
4103800;PR;CAMBIRA;16
4103909;PR;CAMPINA DA LAGOA;20
4103958;PR;CAMPINA DO SIMÃO;18
4104006;PR;CAMPINA GRANDE DO SUL;14
4104055;PR;CAMPO BONITO;20
4104105;PR;CAMPO DO TENENTE;20
4104204;PR;CAMPO LARGO;12
4104253;PR;CAMPO MAGRO;12
4104303;PR;CAMPO MOURÃO;18
4104402;PR;CÂNDIDO DE ABREU;20
4104428;PR;CANDÓI;18
4104451;PR;CANTAGALO;18
4104501;PR;CAPANEMA;20
4104600;PR;CAPITÃO LEÔNIDAS MARQUES;20
4104659;PR;CARAMBEÍ;16
4104709;PR;CARLÓPOLIS;18
4104808;PR;CASCAVEL;18
4104907;PR;CASTRO;16
4105003;PR;CATANDUVAS;18
4105102;PR;CENTENÁRIO DO SUL;12
4105201;PR;CERRO AZUL;30
4105300;PR;CÉU AZUL;18
4105409;PR;CHOPINZINHO;20
4105508;PR;CIANORTE;20
4105607;PR;CIDADE GAÚCHA;22
4105706;PR;CLEVELÂNDIA;24
4105805;PR;COLOMBO;10
4105904;PR;COLORADO;16
4106001;PR;CONGONHINHAS;18
4106100;PR;CONSELHEIRO MAIRINCK;18
4106209;PR;CONTENDA;12
4106308;PR;CORBÉLIA;18
4106407;PR;CORNÉLIO PROCÓPIO;18
4106456;PR;CORONEL DOMINGOS SOARES;24
4106506;PR;CORONEL VIVIDA;20
4106555;PR;CORUMBATAÍ DO SUL;20
4106571;PR;CRUZEIRO DO IGUAÇU;20
4106605;PR;CRUZEIRO DO OESTE;22
4106704;PR;CRUZEIRO DO SUL;24
4106803;PR;CRUZ MACHADO;24
4106852;PR;CRUZMALTINA;18
4106902;PR;CURITIBA;5
4107009;PR;CURIÚVA;18
4107108;PR;DIAMANTE DO NORTE;24
4107124;PR;DIAMANTE DO SUL;20
4107157;PR;DIAMANTE D'OESTE;18
4107207;PR;DOIS VIZINHOS;20
4107256;PR;DOURADINA;22
4107306;PR;DOUTOR CAMARGO;16
4107405;PR;ENÉAS MARQUES;20
4107504;PR;ENGENHEIRO BELTRÃO;20
4107520;PR;ESPERANÇA NOVA;20
4107538;PR;ENTRE RIOS DO OESTE;18
4107546;PR;ESPIGÃO ALTO DO IGUAÇU;20
4107553;PR;FAROL;18
4107603;PR;FAXINAL;18
4107652;PR;FAZENDA RIO GRANDE;12
4107702;PR;FÊNIX;20
4107736;PR;FERNANDES PINHEIRO;16
4107751;PR;FIGUEIRA;18
4107801;PR;FLORAÍ;16
4107850;PR;FLOR DA SERRA DO SUL;20
4107900;PR;FLORESTA;16
4108007;PR;FLORESTÓPOLIS;14
4108106;PR;FLÓRIDA;14
4108205;PR;FORMOSA DO OESTE;18
4108304;PR;FOZ DO IGUAÇU;18
4108320;PR;FRANCISCO ALVES;20
4108403;PR;FRANCISCO BELTRÃO;18
4108452;PR;FOZ DO JORDÃO;18
4108502;PR;GENERAL CARNEIRO;24
4108551;PR;GODOY MOREIRA;18
4108601;PR;GOIOERÊ;20
4108650;PR;GOIOXIM;18
4108700;PR;GRANDES RIOS;18
4108809;PR;GUAÍRA;20
4108908;PR;GUAIRAÇÁ;24
4108957;PR;GUAMIRANGA;16
4109005;PR;GUAPIRAMA;18
4109104;PR;GUAPOREMA;22
4109203;PR;GUARACI;16
4109302;PR;GUARANIAÇU;20
4109401;PR;GUARAPUAVA;18
4109500;PR;GUARAQUEÇABA;20
4109609;PR;GUARATUBA;16
4109658;PR;HONÓRIO SERPA;24
4109708;PR;IBAITI;18
4109757;PR;IBEMA;18
4109807;PR;IBIPORÃ;12
4109906;PR;ICARAÍMA;22
4110003;PR;IGUARAÇU;16
4110052;PR;IGUATU;18
4110078;PR;IMBAÚ;20
4110102;PR;IMBITUVA;16
4110201;PR;INACIO MARTINS;20
4110300;PR;INAJÁ;24
4110409;PR;INDIANÓPOLIS;22
4110508;PR;IPIRANGA;20
4110607;PR;IPORÃ;20
4110656;PR;IRACEMA DO OESTE;18
4110706;PR;IRATI;16
4110805;PR;IRETAMA;20
4110904;PR;ITAGUAJÉ;16
4110953;PR;ITAIPULÂNDIA;18
4111001;PR;ITAMBARACÁ;18
4111100;PR;ITAMBÉ;16
4111209;PR;ITAPEJARA D'OESTE;20
4111258;PR;ITAPERUÇU;14
4111308;PR;ITAÚNA DO SUL;24
4111407;PR;IVAÍ;20
4111506;PR;IVAIPORÃ;18
4111555;PR;IVATÉ;20
4111605;PR;IVATUBA;16
4111704;PR;JABOTI;18
4111803;PR;JACAREZINHO;18
4111902;PR;JAGUAPITÃ;16
4112009;PR;JAGUARIAÍVA;20
4112108;PR;JANDAIA DO SUL;16
4112207;PR;JANIÓPOLIS;20
4112306;PR;JAPIRA;18
4112405;PR;JAPURÁ;22
4112504;PR;JARDIM ALEGRE;18
4112603;PR;JARDIM OLINDA;24
4112702;PR;JATAIZINHO;18
4112751;PR;JESUÍTAS;18
4112801;PR;JOAQUIM TÁVORA;18
4112900;PR;JUNDIAÍ DO SUL;18
4112959;PR;JURANDA;20
4113007;PR;JUSSARA;22
4113106;PR;KALORÉ;18
4113205;PR;LAPA;16
4113254;PR;LARANJAL;20
4113304;PR;LARANJEIRAS DO SUL;18
4113403;PR;LEÓPOLIS;18
4113429;PR;LIDIANÓPOLIS;18
4113452;PR;LINDOESTE;18
4113502;PR;LOANDA;24
4113601;PR;LOBATO;16
4113700;PR;LONDRINA;12
4113734;PR;LUIZIANA;18
4113759;PR;LUNARDELLI;18
4113809;PR;LUPIONÓPOLIS;14
4113908;PR;MALLET;16
4114005;PR;MAMBORÊ;20
4114104;PR;MANDAGUAÇU;14
4114203;PR;MANDAGUARI;14
4114302;PR;MANDIRITUBA;12
4114351;PR;MANFRINÓPOLIS;20
4114401;PR;MANGUEIRINHA;24
4114500;PR;MANOEL RIBAS;20
4114609;PR;MARECHAL CÂNDIDO RONDON;18
4114708;PR;MARIA HELENA;22
4114807;PR;MARIALVA;14
4114906;PR;MARILÂNDIA DO SUL;18
4115002;PR;MARILENA;24
4115101;PR;MARILUZ;20
4115200;PR;MARINGÁ;14
4115309;PR;MARIÓPOLIS;18
4115358;PR;MARIPÁ;18
4115408;PR;MARMELEIRO;20
4115457;PR;MARQUINHO;18
4115507;PR;MARUMBI;18
4115606;PR;MATELÂNDIA;18
4115705;PR;MATINHOS;16
4115739;PR;MATO RICO;20
4115754;PR;MAUÁ DA SERRA;18
4115804;PR;MEDIANEIRA;18
4115853;PR;MERCEDES;18
4115903;PR;MIRADOR;24
4116000;PR;MIRASELVA;16
4116059;PR;MISSAL;18
4116109;PR;MOREIRA SALES;20
4116208;PR;MORRETES;16
4116307;PR;MUNHOZ DE MELO;14
4116406;PR;NOSSA SENHORA DAS GRAÇAS;16
4116505;PR;NOVA ALIANÇA DO IVAÍ;24
4116604;PR;NOVA AMÉRICA DA COLINA;18
4116703;PR;NOVA AURORA;18
4116802;PR;NOVA CANTU;20
4116901;PR;NOVA ESPERANÇA;20
4116950;PR;NOVA ESPERANÇA DO SUDOESTE;20
4117008;PR;NOVA FÁTIMA;18
4117057;PR;NOVA LARANJEIRAS;18
4117107;PR;NOVA LONDRINA;24
4117206;PR;NOVA OLÍMPIA;22
4117214;PR;NOVA SANTA BÁRBARA;18
4117222;PR;NOVA SANTA ROSA;18
4117255;PR;NOVA PRATA DO IGUAÇU;20
4117271;PR;NOVA TEBAS;20
4117297;PR;NOVO ITACOLOMI;16
4117305;PR;ORTIGUEIRA;20
4117404;PR;OURIZONA;16
4117453;PR;OURO VERDE DO OESTE;18
4117503;PR;PAIÇANDU;16
4117602;PR;PALMAS;24
4117701;PR;PALMEIRA;16
4117800;PR;PALMITAL;20
4117909;PR;PALOTINA;18
4118006;PR;PARAÍSO DO NORTE;24
4118105;PR;PARANACITY;24
4118204;PR;PARANAGUÁ;16
4118303;PR;PARANAPOEMA;24
4118402;PR;PARANAVAÍ;20
4118451;PR;PATO BRAGADO;18
4118501;PR;PATO BRANCO;18
4118600;PR;PAULA FREITAS;24
4118709;PR;PAULO FRONTIN;24
4118808;PR;PEABIRU;20
4118857;PR;PEROBAL;20
4118907;PR;PÉROLA;20
4119004;PR;PÉROLA D'OESTE;20
4119103;PR;PIÊN;20
4119152;PR;PINHAIS;12
4119202;PR;PINHALÃO;18
4119251;PR;PINHAL DE SÃO BENTO;20
4119301;PR;PINHÃO;20
4119400;PR;PIRAÍ DO SUL;16
4119509;PR;PIRAQUARA;12
4119608;PR;PITANGA;20
4119657;PR;PITANGUEIRAS;12
4119707;PR;PLANALTINA DO PARANÁ;24
4119806;PR;PLANALTO;20
4119905;PR;PONTA GROSSA;12
4119954;PR;PONTAL DO PARANÁ;16
4120002;PR;PORECATU;16
4120101;PR;PORTO AMAZONAS;20
4120150;PR;PORTO BARREIRO;18
4120200;PR;PORTO RICO;24
4120309;PR;PORTO VITÓRIA;24
4120333;PR;PRADO FERREIRA;16
4120358;PR;PRANCHITA;20
4120408;PR;PRESIDENTE CASTELO BRANCO;20
4120507;PR;PRIMEIRO DE MAIO;16
4120606;PR;PRUDENTÓPOLIS;16
4120655;PR;QUARTO CENTENÁRIO;20
4120705;PR;QUATIGUÁ;18
4120804;PR;QUATRO BARRAS;12
4120853;PR;QUATRO PONTES;18
4120903;PR;QUEDAS DO IGUAÇU;20
4121000;PR;QUERÊNCIA DO NORTE;30
4121109;PR;QUINTA DO SOL;20
4121208;PR;QUITANDINHA;20
4121257;PR;RAMILÂNDIA;18
4121307;PR;RANCHO ALEGRE;18
4121356;PR;RANCHO ALEGRE D'OESTE;20
4121406;PR;REALEZA;20
4121505;PR;REBOUÇAS;16
4121604;PR;RENASCENÇA;20
4121703;PR;RESERVA;20
4121752;PR;RESERVA DO IGUAÇU;20
4121802;PR;RIBEIRÃO CLARO;18
4121901;PR;RIBEIRÃO DO PINHAL;18
4122008;PR;RIO AZUL;16
4122107;PR;RIO BOM;18
4122156;PR;RIO BONITO DO IGUAÇU;18
4122172;PR;RIO BRANCO DO IVAÍ;18
4122206;PR;RIO BRANCO DO SUL;14
4122305;PR;RIO NEGRO;16
4122404;PR;ROLÂNDIA;12
4122503;PR;RONCADOR;20
4122602;PR;RONDON;22
4122651;PR;ROSÁRIO DO IVAÍ;18
4122701;PR;SABÁUDIA;16
4122800;PR;SALGADO FILHO;20
4122909;PR;SALTO DO ITARARÉ;18
4123006;PR;SALTO DO LONTRA;20
4123105;PR;SANTA AMÉLIA;18
4123204;PR;SANTA CECÍLIA DO PAVÃO;18
4123303;PR;SANTA CRUZ DE MONTE CASTELO;24
4123402;PR;SANTA FÉ;18
4123501;PR;SANTA HELENA;18
4123600;PR;SANTA INÊS;18
4123709;PR;SANTA ISABEL DO IVAÍ;24
4123808;PR;SANTA IZABEL DO OESTE;20
4123824;PR;SANTA LÚCIA;20
4123857;PR;SANTA MARIA DO OESTE;20
4123907;PR;SANTA MARIANA;18
4123956;PR;SANTA MÔNICA;24
4124004;PR;SANTANA DO ITARARÉ;18
4124020;PR;SANTA TEREZA DO OESTE;18
4124053;PR;SANTA TEREZINHA DE ITAIPU;18
4124103;PR;SANTO ANTÔNIO DA PLATINA;18
4124202;PR;SANTO ANTÔNIO DO CAIUÁ;24
4124301;PR;SANTO ANTÔNIO DO PARAÍSO;18
4124400;PR;SANTO ANTÔNIO DO SUDOESTE;20
4124509;PR;SANTO INÁCIO;18
4124608;PR;SÃO CARLOS DO IVAÍ;16
4124707;PR;SÃO JERÔNIMO DA SERRA;20
4124806;PR;SÃO JOÃO;20
4124905;PR;SÃO JOÃO DO CAIUÁ;24
4125001;PR;SÃO JOÃO DO IVAÍ;18
4125100;PR;SÃO JOÃO DO TRIUNFO;16
4125209;PR;SÃO JORGE D'OESTE;20
4125308;PR;SÃO JORGE DO IVAÍ;16
4125357;PR;SÃO JORGE DO PATROCÍNIO;20
4125407;PR;SÃO JOSÉ DA BOA VISTA;18
4125456;PR;SÃO JOSÉ DAS PALMEIRAS;18
4125506;PR;SÃO JOSÉ DOS PINHAIS;12
4125555;PR;SÃO MANOEL DO PARANÁ;22
4125605;PR;SÃO MATEUS DO SUL;16
4125704;PR;SÃO MIGUEL DO IGUAÇU;18
4125753;PR;SÃO PEDRO DO IGUAÇU;18
4125803;PR;SÃO PEDRO DO IVAÍ;18
4125902;PR;SÃO PEDRO DO PARANÁ;24
4126009;PR;SÃO SEBASTIÃO DA AMOREIRA;20
4126108;PR;SÃO TOMÉ;22
4126207;PR;SAPOPEMA;18
4126256;PR;SARANDI;14
4126272;PR;SAUDADE DO IGUAÇU;20
4126306;PR;SENGÉS;20
4126355;PR;SERRANÓPOLIS DO IGUAÇU;18
4126405;PR;SERTANEJA;18
4126504;PR;SERTANÓPOLIS;16
4126603;PR;SIQUEIRA CAMPOS;18
4126652;PR;SULINA;20
4126678;PR;TAMARANA;12
4126702;PR;TAMBOARA;24
4126801;PR;TAPEJARA;22
4126900;PR;TAPIRA;24
4127007;PR;TEIXEIRA SOARES;16
4127106;PR;TELÊMACO BORBA;20
4127205;PR;TERRA BOA;22
4127304;PR;TERRA RICA;24
4127403;PR;TERRA ROXA;18
4127502;PR;TIBAGI;20
4127601;PR;TIJUCAS DO SUL;20
4127700;PR;TOLEDO;18
4127809;PR;TOMAZINA;18
4127858;PR;TRÊS BARRAS DO PARANÁ;18
4127882;PR;TUNAS DO PARANÁ;20
4127908;PR;TUNEIRAS DO OESTE;22
4127957;PR;TUPÃSSI;18
4127965;PR;TURVO;18
4128005;PR;UBIRATÃ;20
4128104;PR;UMUARAMA;20
4128203;PR;UNIÃO DA VITÓRIA;20
4128302;PR;UNIFLOR;16
4128401;PR;URAÍ;18
4128500;PR;WENCESLAU BRAZ;18
4128534;PR;VENTANIA;20
4128559;PR;VERA CRUZ DO OESTE;18
4128609;PR;VERÊ;20
4128625;PR;ALTO PARAÍSO;20
4128633;PR;DOUTOR ULISSES;30
4128658;PR;VIRMOND;18
4128708;PR;VITORINO;18
4128807;PR;XAMBRÊ;20
4200051;SC;ABDON BATISTA;20
4200101;SC;ABELARDO LUZ;20
4200200;SC;AGROLÂNDIA;18
4200309;SC;AGRONÔMICA;18
4200408;SC;ÁGUA DOCE;20
4200507;SC;ÁGUAS DE CHAPECÓ;20
4200556;SC;ÁGUAS FRIAS;20
4200606;SC;ÁGUAS MORNAS;18
4200705;SC;ALFREDO WAGNER;18
4200754;SC;ALTO BELA VISTA;18
4200804;SC;ANCHIETA;18
4200903;SC;ANGELINA;18
4201000;SC;ANITA GARIBALDI;20
4201109;SC;ANITÁPOLIS;18
4201208;SC;ANTÔNIO CARLOS;18
4201257;SC;APIÚNA;12
4201273;SC;ARABUTÃ;18
4201307;SC;ARAQUARI;12
4201406;SC;ARARANGUÁ;20
4201505;SC;ARMAZÉM;14
4201604;SC;ARROIO TRINTA;18
4201653;SC;ARVOREDO;20
4201703;SC;ASCURRA;12
4201802;SC;ATALANTA;18
4201901;SC;AURORA;18
4201950;SC;BALNEÁRIO ARROIO DO SILVA;20
4202008;SC;BALNEÁRIO CAMBORIÚ;12
4202057;SC;BALNEÁRIO BARRA DO SUL;12
4202073;SC;BALNEÁRIO GAIVOTA;20
4202081;SC;BANDEIRANTE;20
4202099;SC;BARRA BONITA;20
4202107;SC;BARRA VELHA;12
4202131;SC;BELA VISTA DO TOLDO;16
4202156;SC;BELMONTE;18
4202206;SC;BENEDITO NOVO;12
4202305;SC;BIGUAÇU;12
4202404;SC;BLUMENAU;12
4202438;SC;BOCAINA DO SUL;20
4202453;SC;BOMBINHAS;12
4202503;SC;BOM JARDIM DA SERRA;20
4202537;SC;BOM JESUS;20
4202578;SC;BOM JESUS DO OESTE;20
4202602;SC;BOM RETIRO;20
4202701;SC;BOTUVERÁ;12
4202800;SC;BRAÇO DO NORTE;14
4202859;SC;BRAÇO DO TROMBUDO;18
4202875;SC;BRUNÓPOLIS;20
4202909;SC;BRUSQUE;12
4203006;SC;CAÇADOR;18
4203105;SC;CAIBI;20
4203154;SC;CALMON;16
4203204;SC;CAMBORIÚ;12
4203253;SC;CAPÃO ALTO;20
4203303;SC;CAMPO ALEGRE;16
4203402;SC;CAMPO BELO DO SUL;24
4203501;SC;CAMPO ERÊ;18
4203600;SC;CAMPOS NOVOS;20
4203709;SC;CANELINHA;18
4203808;SC;CANOINHAS;16
4203907;SC;CAPINZAL;18
4203956;SC;CAPIVARI DE BAIXO;14
4204004;SC;CATANDUVAS;18
4204103;SC;CAXAMBU DO SUL;20
4204152;SC;CELSO RAMOS;20
4204178;SC;CERRO NEGRO;24
4204194;SC;CHAPADÃO DO LAGEADO;18
4204202;SC;CHAPECÓ;20
4204251;SC;COCAL DO SUL;14
4204301;SC;CONCÓRDIA;18
4204350;SC;CORDILHEIRA ALTA;20
4204400;SC;CORONEL FREITAS;20
4204459;SC;CORONEL MARTINS;20
4204509;SC;CORUPÁ;12
4204558;SC;CORREIA PINTO;20
4204608;SC;CRICIÚMA;14
4204707;SC;CUNHA PORÃ;18
4204756;SC;CUNHATAÍ;18
4204806;SC;CURITIBANOS;24
4204905;SC;DESCANSO;18
4205001;SC;DIONÍSIO CERQUEIRA;20
4205100;SC;DONA EMMA;18
4205159;SC;DOUTOR PEDRINHO;12
4205175;SC;ENTRE RIOS;20
4205191;SC;ERMO;18
4205209;SC;ERVAL VELHO;20
4205308;SC;FAXINAL DOS GUEDES;20
4205357;SC;FLOR DO SERTÃO;20
4205407;SC;FLORIANÓPOLIS;7
4205431;SC;FORMOSA DO SUL;18
4205456;SC;FORQUILHINHA;14
4205506;SC;FRAIBURGO;18
4205555;SC;FREI ROGÉRIO;24
4205605;SC;GALVÃO;20
4205704;SC;GAROPABA;12
4205803;SC;GARUVA;12
4205902;SC;GASPAR;12
4206009;SC;GOVERNADOR CELSO RAMOS;12
4206108;SC;GRÃO PARÁ;14
4206207;SC;GRAVATAL;14
4206306;SC;GUABIRUBA;12
4206405;SC;GUARACIABA;20
4206504;SC;GUARAMIRIM;12
4206603;SC;GUARUJÁ DO SUL;20
4206652;SC;GUATAMBÚ;20
4206702;SC;HERVAL D'OESTE;20
4206751;SC;IBIAM;18
4206801;SC;IBICARÉ;18
4206900;SC;IBIRAMA;18
4207007;SC;IÇARA;20
4207106;SC;ILHOTA;12
4207205;SC;IMARUÍ;16
4207304;SC;IMBITUBA;16
4207403;SC;IMBUIA;18
4207502;SC;INDAIAL;12
4207577;SC;IOMERÊ;18
4207601;SC;IPIRA;20
4207650;SC;IPORÃ DO OESTE;20
4207684;SC;IPUAÇU;20
4207700;SC;IPUMIRIM;20
4207759;SC;IRACEMINHA;18
4207809;SC;IRANI;18
4207858;SC;IRATI;18
4207908;SC;IRINEÓPOLIS;16
4208005;SC;ITÁ;20
4208104;SC;ITAIÓPOLIS;16
4208203;SC;ITAJAÍ;12
4208302;SC;ITAPEMA;12
4208401;SC;ITAPIRANGA;20
4208450;SC;ITAPOÁ;12
4208500;SC;ITUPORANGA;18
4208609;SC;JABORÁ;18
4208708;SC;JACINTO MACHADO;18
4208807;SC;JAGUARUNA;20
4208906;SC;JARAGUÁ DO SUL;12
4208955;SC;JARDINÓPOLIS;20
4209003;SC;JOAÇABA;20
4209102;SC;JOINVILLE;12
4209151;SC;JOSÉ BOITEUX;18
4209177;SC;JUPIÁ;20
4209201;SC;LACERDÓPOLIS;20
4209300;SC;LAGES;20
4209409;SC;LAGUNA;16
4209458;SC;LAJEADO GRANDE;20
4209508;SC;LAURENTINO;18
4209607;SC;LAURO MULLER;14
4209706;SC;LEBON RÉGIS;20
4209805;SC;LEOBERTO LEAL;18
4209854;SC;LINDÓIA DO SUL;18
4209904;SC;LONTRAS;18
4210001;SC;LUIZ ALVES;12
4210035;SC;LUZERNA;20
4210050;SC;MACIEIRA;18
4210100;SC;MAFRA;16
4210209;SC;MAJOR GERCINO;18
4210308;SC;MAJOR VIEIRA;16
4210407;SC;MARACAJÁ;20
4210506;SC;MARAVILHA;20
4210555;SC;MAREMA;20
4210605;SC;MASSARANDUBA;12
4210704;SC;MATOS COSTA;16
4210803;SC;MELEIRO;18
4210852;SC;MIRIM DOCE;18
4210902;SC;MODELO;18
4211009;SC;MONDAÍ;20
4211058;SC;MONTE CARLO;20
4211108;SC;MONTE CASTELO;16
4211207;SC;MORRO DA FUMAÇA;14
4211256;SC;MORRO GRANDE;18
4211306;SC;NAVEGANTES;12
4211405;SC;NOVA ERECHIM;18
4211454;SC;NOVA ITABERABA;20
4211504;SC;NOVA TRENTO;18
4211603;SC;NOVA VENEZA;18
4211652;SC;NOVO HORIZONTE;20
4211702;SC;ORLEANS;14
4211751;SC;OTACÍLIO COSTA;20
4211801;SC;OURO;18
4211850;SC;OURO VERDE;20
4211876;SC;PAIAL;20
4211892;SC;PAINEL;20
4211900;SC;PALHOÇA;12
4212007;SC;PALMA SOLA;18
4212056;SC;PALMEIRA;20
4212106;SC;PALMITOS;20
4212205;SC;PAPANDUVA;16
4212239;SC;PARAÍSO;20
4212254;SC;PASSO DE TORRES;20
4212270;SC;PASSOS MAIA;18
4212304;SC;PAULO LOPES;12
4212403;SC;PEDRAS GRANDES;14
4212502;SC;PENHA;12
4212601;SC;PERITIBA;18
4212650;SC;PESCARIA BRAVA;16
4212700;SC;PETROLÂNDIA;18
4212809;SC;BALNEÁRIO PIÇARRAS;12
4212908;SC;PINHALZINHO;20
4213005;SC;PINHEIRO PRETO;18
4213104;SC;PIRATUBA;20
4213153;SC;PLANALTO ALEGRE;20
4213203;SC;POMERODE;12
4213302;SC;PONTE ALTA;22
4213351;SC;PONTE ALTA DO NORTE;24
4213401;SC;PONTE SERRADA;18
4213500;SC;PORTO BELO;12
4213609;SC;PORTO UNIÃO;16
4213708;SC;POUSO REDONDO;18
4213807;SC;PRAIA GRANDE;18
4213906;SC;PRESIDENTE CASTELLO BRANCO;18
4214003;SC;PRESIDENTE GETÚLIO;18
4214102;SC;PRESIDENTE NEREU;12
4214151;SC;PRINCESA;20
4214201;SC;QUILOMBO;18
4214300;SC;RANCHO QUEIMADO;18
4214409;SC;RIO DAS ANTAS;18
4214508;SC;RIO DO CAMPO;18
4214607;SC;RIO DO OESTE;18
4214706;SC;RIO DOS CEDROS;12
4214805;SC;RIO DO SUL;18
4214904;SC;RIO FORTUNA;14
4215000;SC;RIO NEGRINHO;16
4215059;SC;RIO RUFINO;20
4215075;SC;RIQUEZA;20
4215109;SC;RODEIO;12
4215208;SC;ROMELÂNDIA;18
4215307;SC;SALETE;18
4215356;SC;SALTINHO;18
4215406;SC;SALTO VELOSO;20
4215455;SC;SANGÃO;20
4215505;SC;SANTA CECÍLIA;24
4215554;SC;SANTA HELENA;18
4215604;SC;SANTA ROSA DE LIMA;14
4215653;SC;SANTA ROSA DO SUL;20
4215679;SC;SANTA TEREZINHA;16
4215687;SC;SANTA TEREZINHA DO PROGRESSO;18
4215695;SC;SANTIAGO DO SUL;18
4215703;SC;SANTO AMARO DA IMPERATRIZ;12
4215752;SC;SÃO BERNARDINO;20
4215802;SC;SÃO BENTO DO SUL;16
4215901;SC;SÃO BONIFÁCIO;18
4216008;SC;SÃO CARLOS;18
4216057;SC;SÃO CRISTOVÃO DO SUL;24
4216107;SC;SÃO DOMINGOS;20
4216206;SC;SÃO FRANCISCO DO SUL;12
4216255;SC;SÃO JOÃO DO OESTE;20
4216305;SC;SÃO JOÃO BATISTA;18
4216354;SC;SÃO JOÃO DO ITAPERIÚ;12
4216404;SC;SÃO JOÃO DO SUL;20
4216503;SC;SÃO JOAQUIM;20
4216602;SC;SÃO JOSÉ;12
4216701;SC;SÃO JOSÉ DO CEDRO;20
4216800;SC;SÃO JOSÉ DO CERRITO;20
4216909;SC;SÃO LOURENÇO DO OESTE;20
4217006;SC;SÃO LUDGERO;14
4217105;SC;SÃO MARTINHO;14
4217154;SC;SÃO MIGUEL DA BOA VISTA;20
4217204;SC;SÃO MIGUEL DO OESTE;20
4217253;SC;SÃO PEDRO DE ALCÂNTARA;12
4217303;SC;SAUDADES;18
4217402;SC;SCHROEDER;12
4217501;SC;SEARA;20
4217550;SC;SERRA ALTA;18
4217600;SC;SIDERÓPOLIS;14
4217709;SC;SOMBRIO;20
4217758;SC;SUL BRASIL;18
4217808;SC;TAIÓ;18
4217907;SC;TANGARÁ;18
4217956;SC;TIGRINHOS;20
4218004;SC;TIJUCAS;12
4218103;SC;TIMBÉ DO SUL;18
4218202;SC;TIMBÓ;12
4218251;SC;TIMBÓ GRANDE;24
4218301;SC;TRÊS BARRAS;16
4218350;SC;TREVISO;14
4218400;SC;TREZE DE MAIO;14
4218509;SC;TREZE TÍLIAS;20
4218608;SC;TROMBUDO CENTRAL;18
4218707;SC;TUBARÃO;14
4218756;SC;TUNÁPOLIS;20
4218806;SC;TURVO;18
4218855;SC;UNIÃO DO OESTE;20
4218905;SC;URUBICI;20
4218954;SC;URUPEMA;20
4219002;SC;URUSSANGA;14
4219101;SC;VARGEÃO;18
4219150;SC;VARGEM;20
4219176;SC;VARGEM BONITA;18
4219200;SC;VIDAL RAMOS;12
4219309;SC;VIDEIRA;18
4219358;SC;VITOR MEIRELES;18
4219408;SC;WITMARSUM;18
4219507;SC;XANXERÊ;18
4219606;SC;XAVANTINA;20
4219705;SC;XAXIM;20
4219853;SC;ZORTÉA;20
4220000;SC;BALNEÁRIO RINCÃO;20
4300034;RS;ACEGUÁ;28
4300059;RS;ÁGUA SANTA;20
4300109;RS;AGUDO;20
4300208;RS;AJURICABA;20
4300307;RS;ALECRIM;20
4300406;RS;ALEGRETE;28
4300455;RS;ALEGRIA;20
4300471;RS;ALMIRANTE TAMANDARÉ DO SUL;16
4300505;RS;ALPESTRE;20
4300554;RS;ALTO ALEGRE;18
4300570;RS;ALTO FELIZ;18
4300604;RS;ALVORADA;7
4300638;RS;AMARAL FERRADOR;35
4300646;RS;AMETISTA DO SUL;20
4300661;RS;ANDRÉ DA ROCHA;25
4300703;RS;ANTA GORDA;20
4300802;RS;ANTÔNIO PRADO;12
4300851;RS;ARAMBARÉ;16
4300877;RS;ARARICÁ;14
4300901;RS;ARATIBA;20
4301008;RS;ARROIO DO MEIO;18
4301057;RS;ARROIO DO SAL;18
4301073;RS;ARROIO DO PADRE;16
4301107;RS;ARROIO DOS RATOS;14
4301206;RS;ARROIO DO TIGRE;20
4301305;RS;ARROIO GRANDE;40
4301404;RS;ARVOREZINHA;20
4301503;RS;AUGUSTO PESTANA;20
4301552;RS;ÁUREA;20
4301602;RS;BAGÉ;28
4301636;RS;BALNEÁRIO PINHAL;18
4301651;RS;BARÃO;18
4301701;RS;BARÃO DE COTEGIPE;20
4301750;RS;BARÃO DO TRIUNFO;14
4301800;RS;BARRACÃO;20
4301859;RS;BARRA DO GUARITA;20
4301875;RS;BARRA DO QUARAÍ;28
4301909;RS;BARRA DO RIBEIRO;14
4301925;RS;BARRA DO RIO AZUL;20
4301958;RS;BARRA FUNDA;20
4302006;RS;BARROS CASSAL;18
4302055;RS;BENJAMIM CONSTANT DO SUL;20
4302105;RS;BENTO GONÇALVES;12
4302154;RS;BOA VISTA DAS MISSÕES;16
4302204;RS;BOA VISTA DO BURICÁ;20
4302220;RS;BOA VISTA DO CADEADO;20
4302238;RS;BOA VISTA DO INCRA;20
4302253;RS;BOA VISTA DO SUL;12
4302303;RS;BOM JESUS;25
4302352;RS;BOM PRINCÍPIO;18
4302378;RS;BOM PROGRESSO;20
4302402;RS;BOM RETIRO DO SUL;18
4302451;RS;BOQUEIRÃO DO LEÃO;18
4302501;RS;BOSSOROCA;20
4302584;RS;BOZANO;20
4302600;RS;BRAGA;20
4302659;RS;BROCHIER;18
4302709;RS;BUTIÁ;20
4302808;RS;CAÇAPAVA DO SUL;35
4302907;RS;CACEQUI;28
4303004;RS;CACHOEIRA DO SUL;20
4303103;RS;CACHOEIRINHA;7
4303202;RS;CACIQUE DOBLE;20
4303301;RS;CAIBATÉ;20
4303400;RS;CAIÇARA;20
4303509;RS;CAMAQUÃ;16
4303558;RS;CAMARGO;20
4303608;RS;CAMBARÁ DO SUL;25
4303673;RS;CAMPESTRE DA SERRA;25
4303707;RS;CAMPINA DAS MISSÕES;20
4303806;RS;CAMPINAS DO SUL;20
4303905;RS;CAMPO BOM;7
4304002;RS;CAMPO NOVO;20
4304101;RS;CAMPOS BORGES;18
4304200;RS;CANDELÁRIA;20
4304309;RS;CÂNDIDO GODÓI;20
4304358;RS;CANDIOTA;35
4304408;RS;CANELA;18
4304507;RS;CANGUÇU;16
4304606;RS;CANOAS;7
4304614;RS;CANUDOS DO VALE;18
4304622;RS;CAPÃO BONITO DO SUL;25
4304630;RS;CAPÃO DA CANOA;18
4304655;RS;CAPÃO DO CIPÓ;35
4304663;RS;CAPÃO DO LEÃO;16
4304671;RS;CAPIVARI DO SUL;18
4304689;RS;CAPELA DE SANTANA;18
4304697;RS;CAPITÃO;18
4304705;RS;CARAZINHO;16
4304713;RS;CARAÁ;18
4304804;RS;CARLOS BARBOSA;12
4304853;RS;CARLOS GOMES;20
4304903;RS;CASCA;20
4304952;RS;CASEIROS;25
4305009;RS;CATUÍPE;20
4305108;RS;CAXIAS DO SUL;12
4305116;RS;CENTENÁRIO;20
4305124;RS;CERRITO;16
4305132;RS;CERRO BRANCO;20
4305157;RS;CERRO GRANDE;16
4305173;RS;CERRO GRANDE DO SUL;16
4305207;RS;CERRO LARGO;20
4305306;RS;CHAPADA;16
4305355;RS;CHARQUEADAS;14
4305371;RS;CHARRUA;20
4305405;RS;CHIAPETTA;20
4305439;RS;CHUÍ;40
4305447;RS;CHUVISCA;16
4305454;RS;CIDREIRA;18
4305504;RS;CIRÍACO;20
4305587;RS;COLINAS;18
4305603;RS;COLORADO;20
4305702;RS;CONDOR;20
4305801;RS;CONSTANTINA;20
4305835;RS;COQUEIRO BAIXO;18
4305850;RS;COQUEIROS DO SUL;16
4305871;RS;CORONEL BARROS;20
4305900;RS;CORONEL BICACO;16
4305934;RS;CORONEL PILAR;12
4305959;RS;COTIPORÃ;12
4305975;RS;COXILHA;16
4306007;RS;CRISSIUMAL;20
4306056;RS;CRISTAL;16
4306072;RS;CRISTAL DO SUL;20
4306106;RS;CRUZ ALTA;20
4306130;RS;CRUZALTENSE;20
4306205;RS;CRUZEIRO DO SUL;18
4306304;RS;DAVID CANABARRO;20
4306320;RS;DERRUBADAS;20
4306353;RS;DEZESSEIS DE NOVEMBRO;20
4306379;RS;DILERMANDO DE AGUIAR;22
4306403;RS;DOIS IRMÃOS;18
4306429;RS;DOIS IRMÃOS DAS MISSÕES;20
4306452;RS;DOIS LAJEADOS;20
4306502;RS;DOM FELICIANO;16
4306551;RS;DOM PEDRO DE ALCÂNTARA;18
4306601;RS;DOM PEDRITO;28
4306700;RS;DONA FRANCISCA;20
4306734;RS;DOUTOR MAURÍCIO CARDOSO;20
4306759;RS;DOUTOR RICARDO;18
4306767;RS;ELDORADO DO SUL;14
4306809;RS;ENCANTADO;18
4306908;RS;ENCRUZILHADA DO SUL;35
4306924;RS;ENGENHO VELHO;20
4306932;RS;ENTRE-IJUÍS;20
4306957;RS;ENTRE RIOS DO SUL;20
4306973;RS;EREBANGO;20
4307005;RS;ERECHIM;20
4307054;RS;ERNESTINA;16
4307104;RS;HERVAL;40
4307203;RS;ERVAL GRANDE;20
4307302;RS;ERVAL SECO;20
4307401;RS;ESMERALDA;25
4307450;RS;ESPERANÇA DO SUL;20
4307500;RS;ESPUMOSO;18
4307559;RS;ESTAÇÃO;20
4307609;RS;ESTÂNCIA VELHA;7
4307708;RS;ESTEIO;7
4307807;RS;ESTRELA;18
4307815;RS;ESTRELA VELHA;20
4307831;RS;EUGÊNIO DE CASTRO;20
4307864;RS;FAGUNDES VARELA;12
4307906;RS;FARROUPILHA;12
4308003;RS;FAXINAL DO SOTURNO;20
4308052;RS;FAXINALZINHO;20
4308078;RS;FAZENDA VILANOVA;18
4308102;RS;FELIZ;18
4308201;RS;FLORES DA CUNHA;12
4308250;RS;FLORIANO PEIXOTO;20
4308300;RS;FONTOURA XAVIER;20
4308409;RS;FORMIGUEIRO;22
4308433;RS;FORQUETINHA;18
4308458;RS;FORTALEZA DOS VALOS;20
4308508;RS;FREDERICO WESTPHALEN;20
4308607;RS;GARIBALDI;12
4308656;RS;GARRUCHOS;20
4308706;RS;GAURAMA;20
4308805;RS;GENERAL CÂMARA;14
4308854;RS;GENTIL;20
4308904;RS;GETÚLIO VARGAS;20
4309001;RS;GIRUÁ;20
4309050;RS;GLORINHA;10
4309100;RS;GRAMADO;18
4309126;RS;GRAMADO DOS LOUREIROS;20
4309159;RS;GRAMADO XAVIER;20
4309209;RS;GRAVATAÍ;10
4309258;RS;GUABIJU;20
4309308;RS;GUAÍBA;14
4309407;RS;GUAPORÉ;20
4309506;RS;GUARANI DAS MISSÕES;20
4309555;RS;HARMONIA;18
4309571;RS;HERVEIRAS;20
4309605;RS;HORIZONTINA;20
4309654;RS;HULHA NEGRA;28
4309704;RS;HUMAITÁ;20
4309753;RS;IBARAMA;20
4309803;RS;IBIAÇÁ;20
4309902;RS;IBIRAIARAS;25
4309951;RS;IBIRAPUITÃ;18
4310009;RS;IBIRUBÁ;20
4310108;RS;IGREJINHA;18
4310207;RS;IJUÍ;20
4310306;RS;ILÓPOLIS;20
4310330;RS;IMBÉ;18
4310363;RS;IMIGRANTE;18
4310405;RS;INDEPENDÊNCIA;20
4310413;RS;INHACORÁ;20
4310439;RS;IPÊ;25
4310462;RS;IPIRANGA DO SUL;20
4310504;RS;IRAÍ;20
4310538;RS;ITAARA;22
4310553;RS;ITACURUBI;28
4310579;RS;ITAPUCA;20
4310603;RS;ITAQUI;20
4310652;RS;ITATI;18
4310702;RS;ITATIBA DO SUL;20
4310751;RS;IVORÁ;35
4310801;RS;IVOTI;18
4310850;RS;JABOTICABA;16
4310876;RS;JACUIZINHO;18
4310900;RS;JACUTINGA;20
4311007;RS;JAGUARÃO;40
4311106;RS;JAGUARI;22
4311122;RS;JAQUIRANA;25
4311130;RS;JARI;35
4311155;RS;JÓIA;35
4311205;RS;JÚLIO DE CASTILHOS;35
4311239;RS;LAGOA BONITA DO SUL;20
4311254;RS;LAGOÃO;18
4311270;RS;LAGOA DOS TRÊS CANTOS;20
4311304;RS;LAGOA VERMELHA;25
4311403;RS;LAJEADO;18
4311429;RS;LAJEADO DO BUGRE;16
4311502;RS;LAVRAS DO SUL;35
4311601;RS;LIBERATO SALZANO;20
4311627;RS;LINDOLFO COLLOR;18
4311643;RS;LINHA NOVA;18
4311700;RS;MACHADINHO;20
4311718;RS;MAÇAMBARÁ;20
4311734;RS;MAMPITUBA;18
4311759;RS;MANOEL VIANA;35
4311775;RS;MAQUINÉ;18
4311791;RS;MARATÁ;18
4311809;RS;MARAU;20
4311908;RS;MARCELINO RAMOS;20
4311981;RS;MARIANA PIMENTEL;14
4312005;RS;MARIANO MORO;20
4312054;RS;MARQUES DE SOUZA;18
4312104;RS;MATA;22
4312138;RS;MATO CASTELHANO;16
4312153;RS;MATO LEITÃO;20
4312179;RS;MATO QUEIMADO;20
4312203;RS;MAXIMILIANO DE ALMEIDA;20
4312252;RS;MINAS DO LEÃO;20
4312302;RS;MIRAGUAÍ;20
4312351;RS;MONTAURI;20
4312377;RS;MONTE ALEGRE DOS CAMPOS;25
4312385;RS;MONTE BELO DO SUL;12
4312401;RS;MONTENEGRO;18
4312427;RS;MORMAÇO;18
4312443;RS;MORRINHOS DO SUL;18
4312450;RS;MORRO REDONDO;16
4312476;RS;MORRO REUTER;18
4312500;RS;MOSTARDAS;25
4312609;RS;MUÇUM;18
4312617;RS;MUITOS CAPÕES;25
4312625;RS;MULITERNO;20
4312658;RS;NÃO-ME-TOQUE;20
4312674;RS;NICOLAU VERGUEIRO;20
4312708;RS;NONOAI;20
4312757;RS;NOVA ALVORADA;20
4312807;RS;NOVA ARAÇÁ;20
4312906;RS;NOVA BASSANO;20
4312955;RS;NOVA BOA VISTA;20
4313003;RS;NOVA BRÉSCIA;18
4313011;RS;NOVA CANDELÁRIA;20
4313037;RS;NOVA ESPERANÇA DO SUL;22
4313060;RS;NOVA HARTZ;14
4313086;RS;NOVA PÁDUA;12
4313102;RS;NOVA PALMA;20
4313201;RS;NOVA PETRÓPOLIS;18
4313300;RS;NOVA PRATA;20
4313334;RS;NOVA RAMADA;20
4313359;RS;NOVA ROMA DO SUL;12
4313375;RS;NOVA SANTA RITA;7
4313391;RS;NOVO CABRAIS;20
4313409;RS;NOVO HAMBURGO;7
4313425;RS;NOVO MACHADO;20
4313441;RS;NOVO TIRADENTES;20
4313466;RS;NOVO XINGU;20
4313490;RS;NOVO BARREIRO;16
4313508;RS;OSÓRIO;18
4313607;RS;PAIM FILHO;20
4313656;RS;PALMARES DO SUL;18
4313706;RS;PALMEIRA DAS MISSÕES;16
4313805;RS;PALMITINHO;20
4313904;RS;PANAMBI;20
4313953;RS;PANTANO GRANDE;20
4314001;RS;PARAÍ;20
4314027;RS;PARAÍSO DO SUL;20
4314035;RS;PARECI NOVO;18
4314050;RS;PAROBÉ;18
4314068;RS;PASSA SETE;20
4314076;RS;PASSO DO SOBRADO;20
4314100;RS;PASSO FUNDO;16
4314134;RS;PAULO BENTO;20
4314159;RS;PAVERAMA;18
4314175;RS;PEDRAS ALTAS;35
4314209;RS;PEDRO OSÓRIO;16
4314308;RS;PEJUÇARA;20
4314407;RS;PELOTAS;16
4314423;RS;PICADA CAFÉ;18
4314456;RS;PINHAL;16
4314464;RS;PINHAL DA SERRA;25
4314472;RS;PINHAL GRANDE;35
4314498;RS;PINHEIRINHO DO VALE;20
4314506;RS;PINHEIRO MACHADO;35
4314548;RS;PINTO BANDEIRA;12
4314555;RS;PIRAPÓ;20
4314605;RS;PIRATINI;35
4314704;RS;PLANALTO;20
4314753;RS;POÇO DAS ANTAS;18
4314779;RS;PONTÃO;16
4314787;RS;PONTE PRETA;20
4314803;RS;PORTÃO;7
4314902;RS;PORTO ALEGRE;5
4315008;RS;PORTO LUCENA;20
4315057;RS;PORTO MAUÁ;20
4315073;RS;PORTO VERA CRUZ;20
4315107;RS;PORTO XAVIER;20
4315131;RS;POUSO NOVO;18
4315149;RS;PRESIDENTE LUCENA;18
4315156;RS;PROGRESSO;18
4315172;RS;PROTÁSIO ALVES;20
4315206;RS;PUTINGA;20
4315305;RS;QUARAÍ;28
4315313;RS;QUATRO IRMÃOS;20
4315321;RS;QUEVEDOS;35
4315354;RS;QUINZE DE NOVEMBRO;20
4315404;RS;REDENTORA;20
4315453;RS;RELVADO;18
4315503;RS;RESTINGA SECA;22
4315552;RS;RIO DOS ÍNDIOS;20
4315602;RS;RIO GRANDE;25
4315701;RS;RIO PARDO;20
4315750;RS;RIOZINHO;18
4315800;RS;ROCA SALES;18
4315909;RS;RODEIO BONITO;20
4315958;RS;ROLADOR;20
4316006;RS;ROLANTE;18
4316105;RS;RONDA ALTA;20
4316204;RS;RONDINHA;20
4316303;RS;ROQUE GONZALES;20
4316402;RS;ROSÁRIO DO SUL;28
4316428;RS;SAGRADA FAMÍLIA;16
4316436;RS;SALDANHA MARINHO;20
4316451;RS;SALTO DO JACUÍ;18
4316477;RS;SALVADOR DAS MISSÕES;20
4316501;RS;SALVADOR DO SUL;18
4316600;RS;SANANDUVA;20
4316709;RS;SANTA BÁRBARA DO SUL;20
4316733;RS;SANTA CECÍLIA DO SUL;20
4316758;RS;SANTA CLARA DO SUL;18
4316808;RS;SANTA CRUZ DO SUL;20
4316907;RS;SANTA MARIA;22
4316956;RS;SANTA MARIA DO HERVAL;18
4316972;RS;SANTA MARGARIDA DO SUL;28
4317004;RS;SANTANA DA BOA VISTA;35
4317103;RS;SANTANA DO LIVRAMENTO;28
4317202;RS;SANTA ROSA;20
4317251;RS;SANTA TEREZA;12
4317301;RS;SANTA VITÓRIA DO PALMAR;40
4317400;RS;SANTIAGO;35
4317509;RS;SANTO ÂNGELO;20
4317558;RS;SANTO ANTÔNIO DO PALMA;20
4317608;RS;SANTO ANTÔNIO DA PATRULHA;18
4317707;RS;SANTO ANTÔNIO DAS MISSÕES;20
4317756;RS;SANTO ANTÔNIO DO PLANALTO;16
4317806;RS;SANTO AUGUSTO;16
4317905;RS;SANTO CRISTO;20
4317954;RS;SANTO EXPEDITO DO SUL;20
4318002;RS;SÃO BORJA;20
4318051;RS;SÃO DOMINGOS DO SUL;20
4318101;RS;SÃO FRANCISCO DE ASSIS;35
4318200;RS;SÃO FRANCISCO DE PAULA;25
4318309;RS;SÃO GABRIEL;28
4318408;RS;SÃO JERÔNIMO;14
4318424;RS;SÃO JOÃO DA URTIGA;20
4318432;RS;SÃO JOÃO DO POLÊSINE;20
4318440;RS;SÃO JORGE;20
4318457;RS;SÃO JOSÉ DAS MISSÕES;16
4318465;RS;SÃO JOSÉ DO HERVAL;20
4318481;RS;SÃO JOSÉ DO HORTÊNCIO;18
4318499;RS;SÃO JOSÉ DO INHACORÁ;20
4318507;RS;SÃO JOSÉ DO NORTE;25
4318606;RS;SÃO JOSÉ DO OURO;20
4318614;RS;SÃO JOSÉ DO SUL;18
4318622;RS;SÃO JOSÉ DOS AUSENTES;25
4318705;RS;SÃO LEOPOLDO;7
4318804;RS;SÃO LOURENÇO DO SUL;16
4318903;RS;SÃO LUIZ GONZAGA;20
4319000;RS;SÃO MARCOS;12
4319109;RS;SÃO MARTINHO;20
4319125;RS;SÃO MARTINHO DA SERRA;22
4319158;RS;SÃO MIGUEL DAS MISSÕES;20
4319208;RS;SÃO NICOLAU;20
4319307;RS;SÃO PAULO DAS MISSÕES;20
4319356;RS;SÃO PEDRO DA SERRA;18
4319364;RS;SÃO PEDRO DAS MISSÕES;16
4319372;RS;SÃO PEDRO DO BUTIÁ;20
4319406;RS;SÃO PEDRO DO SUL;22
4319505;RS;SÃO SEBASTIÃO DO CAÍ;18
4319604;RS;SÃO SEPÉ;35
4319703;RS;SÃO VALENTIM;20
4319711;RS;SÃO VALENTIM DO SUL;20
4319737;RS;SÃO VALÉRIO DO SUL;16
4319752;RS;SÃO VENDELINO;18
4319802;RS;SÃO VICENTE DO SUL;22
4319901;RS;SAPIRANGA;7
4320008;RS;SAPUCAIA DO SUL;7
4320107;RS;SARANDI;20
4320206;RS;SEBERI;20
4320230;RS;SEDE NOVA;20
4320263;RS;SEGREDO;20
4320305;RS;SELBACH;20
4320321;RS;SENADOR SALGADO FILHO;20
4320354;RS;SENTINELA DO SUL;16
4320404;RS;SERAFINA CORRÊA;20
4320453;RS;SÉRIO;18
4320503;RS;SERTÃO;20
4320552;RS;SERTÃO SANTANA;16
4320578;RS;SETE DE SETEMBRO;20
4320602;RS;SEVERIANO DE ALMEIDA;20
4320651;RS;SILVEIRA MARTINS;22
4320677;RS;SINIMBU;20
4320701;RS;SOBRADINHO;20
4320800;RS;SOLEDADE;18
4320859;RS;TABAÍ;18
4320909;RS;TAPEJARA;20
4321006;RS;TAPERA;20
4321105;RS;TAPES;16
4321204;RS;TAQUARA;18
4321303;RS;TAQUARI;18
4321329;RS;TAQUARUÇU DO SUL;20
4321352;RS;TAVARES;25
4321402;RS;TENENTE PORTELA;20
4321436;RS;TERRA DE AREIA;18
4321451;RS;TEUTÔNIA;18
4321469;RS;TIO HUGO;20
4321477;RS;TIRADENTES DO SUL;20
4321493;RS;TOROPI;22
4321501;RS;TORRES;18
4321600;RS;TRAMANDAÍ;18
4321626;RS;TRAVESSEIRO;18
4321634;RS;TRÊS ARROIOS;20
4321667;RS;TRÊS CACHOEIRAS;18
4321709;RS;TRÊS COROAS;18
4321808;RS;TRÊS DE MAIO;20
4321832;RS;TRÊS FORQUILHAS;18
4321857;RS;TRÊS PALMEIRAS;20
4321907;RS;TRÊS PASSOS;20
4321956;RS;TRINDADE DO SUL;20
4322004;RS;TRIUNFO;18
4322103;RS;TUCUNDUVA;20
4322152;RS;TUNAS;18
4322186;RS;TUPANCI DO SUL;20
4322202;RS;TUPANCIRETÃ;35
4322251;RS;TUPANDI;18
4322301;RS;TUPARENDI;20
4322327;RS;TURUÇU;16
4322343;RS;UBIRETAMA;20
4322350;RS;UNIÃO DA SERRA;20
4322376;RS;UNISTALDA;35
4322400;RS;URUGUAIANA;28
4322509;RS;VACARIA;25
4322525;RS;VALE VERDE;14
4322533;RS;VALE DO SOL;20
4322541;RS;VALE REAL;18
4322558;RS;VANINI;20
4322608;RS;VENÂNCIO AIRES;20
4322707;RS;VERA CRUZ;20
4322806;RS;VERANÓPOLIS;12
4322855;RS;VESPASIANO CORREA;18
4322905;RS;VIADUTOS;20
4323002;RS;VIAMÃO;10
4323101;RS;VICENTE DUTRA;20
4323200;RS;VICTOR GRAEFF;20
4323309;RS;VILA FLORES;12
4323358;RS;VILA LÂNGARO;20
4323408;RS;VILA MARIA;20
4323457;RS;VILA NOVA DO SUL;35
4323507;RS;VISTA ALEGRE;20
4323606;RS;VISTA ALEGRE DO PRATA;20
4323705;RS;VISTA GAÚCHA;20
4323754;RS;VITÓRIA DAS MISSÕES;20
4323770;RS;WESTFALIA;18
4323804;RS;XANGRI-LÁ;18
5000203;MS;ÁGUA CLARA;35
5000252;MS;ALCINÓPOLIS;60
5000609;MS;AMAMBAI;45
5000708;MS;ANASTÁCIO;90
5000807;MS;ANAURILÂNDIA;45
5000856;MS;ANGÉLICA;35
5000906;MS;ANTÔNIO JOÃO;45
5001003;MS;APARECIDA DO TABOADO;40
5001102;MS;AQUIDAUANA;90
5001243;MS;ARAL MOREIRA;35
5001508;MS;BANDEIRANTES;40
5001904;MS;BATAGUASSU;45
5002001;MS;BATAYPORÃ;40
5002100;MS;BELA VISTA;50
5002159;MS;BODOQUENA;90
5002209;MS;BONITO;60
5002308;MS;BRASILÂNDIA;35
5002407;MS;CAARAPÓ;40
5002605;MS;CAMAPUÃ;70
5002704;MS;CAMPO GRANDE;15
5002803;MS;CARACOL;50
5002902;MS;CASSILÂNDIA;40
5002951;MS;CHAPADÃO DO SUL;40
5003108;MS;CORGUINHO;35
5003157;MS;CORONEL SAPUCAIA;45
5003256;MS;COSTA RICA;70
5003306;MS;COXIM;60
5003454;MS;DEODÁPOLIS;30
5003488;MS;DOIS IRMÃOS DO BURITI;90
5003504;MS;DOURADINA;30
5003702;MS;DOURADOS;30
5003751;MS;ELDORADO;45
5003801;MS;FÁTIMA DO SUL;30
5003900;MS;FIGUEIRÃO;70
5004007;MS;GLÓRIA DE DOURADOS;35
5004106;MS;GUIA LOPES DA LAGUNA;50
5004304;MS;IGUATEMI;45
5004403;MS;INOCÊNCIA;40
5004502;MS;ITAPORÃ;30
5004601;MS;ITAQUIRAÍ;45
5004700;MS;IVINHEMA;30
5004809;MS;JAPORÃ;45
5004908;MS;JARAGUARI;35
5005004;MS;JARDIM;50
5005103;MS;JATEÍ;45
5005152;MS;JUTI;40
5005251;MS;LAGUNA CARAPÃ;35
5005400;MS;MARACAJU;40
5005608;MS;MIRANDA;90
5005681;MS;MUNDO NOVO;45
5005707;MS;NAVIRAÍ;45
5005806;MS;NIOAQUE;50
5006002;MS;NOVA ALVORADA DO SUL;30
5006200;MS;NOVA ANDRADINA;40
5006259;MS;NOVO HORIZONTE DO SUL;30
5006275;MS;PARAÍSO DAS ÁGUAS;40
5006309;MS;PARANAÍBA;40
5006358;MS;PARANHOS;45
5006408;MS;PEDRO GOMES;60
5006606;MS;PONTA PORÃ;35
5006903;MS;PORTO MURTINHO;80
5007109;MS;RIBAS DO RIO PARDO;35
5007208;MS;RIO BRILHANTE;30
5007307;MS;RIO NEGRO;40
5007406;MS;RIO VERDE DE MATO GROSSO;60
5007505;MS;ROCHEDO;35
5007554;MS;SANTA RITA DO PARDO;35
5007695;MS;SÃO GABRIEL DO OESTE;70
5007703;MS;SETE QUEDAS;45
5007802;MS;SELVÍRIA;35
5007901;MS;SIDROLÂNDIA;30
5007935;MS;SONORA;60
5007950;MS;TACURU;45
5007976;MS;TAQUARUSSU;40
5008008;MS;TERENOS;30
5008305;MS;TRÊS LAGOAS;35
5008404;MS;VICENTINA;30
5100102;MT;ACORIZAL;80
5100201;MT;ÁGUA BOA;80
5100300;MT;ALTO ARAGUAIA;60
5100359;MT;ALTO BOA VISTA;80
5100409;MT;ALTO GARÇAS;60
5100508;MT;ALTO PARAGUAI;80
5100607;MT;ALTO TAQUARI;60
5101001;MT;ARAGUAIANA;80
5101209;MT;ARAGUAINHA;60
5101258;MT;ARAPUTANGA;80
5101308;MT;ARENÁPOLIS;80
5101605;MT;BARÃO DE MELGAÇO;80
5101704;MT;BARRA DO BUGRES;80
5101803;MT;BARRA DO GARÇAS;80
5101852;MT;BOM JESUS DO ARAGUAIA;80
5102504;MT;CÁCERES;80
5102603;MT;CAMPINÁPOLIS;80
5102678;MT;CAMPO VERDE;60
5102694;MT;CANABRAVA DO NORTE;80
5102702;MT;CANARANA;80
5103007;MT;CHAPADA DOS GUIMARÃES;90
5103106;MT;COCALINHO;80
5103205;MT;COLÍDER;90
5103353;MT;CONFRESA;80
5103403;MT;CUIABÁ;30
5103437;MT;CURVELÂNDIA;80
5103452;MT;DENISE;80
5103601;MT;DOM AQUINO;60
5103700;MT;FELIZ NATAL;90
5103809;MT;FIGUEIRÓPOLIS D'OESTE;80
5103858;MT;GAÚCHA DO NORTE;90
5103908;MT;GENERAL CARNEIRO;60
5103957;MT;GLÓRIA D'OESTE;80
5104104;MT;GUARANTÃ DO NORTE;90
5104203;MT;GUIRATINGA;60
5104500;MT;INDIAVAÍ;80
5104609;MT;ITIQUIRA;60
5104807;MT;JACIARA;60
5104906;MT;JANGADA;80
5105002;MT;JAURU;80
5105200;MT;JUSCIMEIRA;60
5105234;MT;LAMBARI D'OESTE;80
5105309;MT;LUCIARA;80
5105580;MT;MARCELÂNDIA;90
5105606;MT;MATUPÁ;90
5105622;MT;MIRASSOL D'OESTE;80
5105903;MT;NOBRES;90
5106000;MT;NORTELÂNDIA;80
5106109;MT;NOSSA SENHORA DO LIVRAMENTO;80
5106174;MT;NOVA NAZARÉ;80
5106208;MT;NOVA BRASILÂNDIA;90
5106232;MT;NOVA OLÍMPIA;80
5106240;MT;NOVA UBIRATÃ;90
5106257;MT;NOVA XAVANTINA;80
5106265;MT;NOVO MUNDO;90
5106281;MT;NOVO SÃO JOAQUIM;80
5106307;MT;PARANATINGA;90
5106315;MT;NOVO SANTO ANTÔNIO;80
5106372;MT;PEDRA PRETA;60
5106422;MT;PEIXOTO DE AZEVEDO;90
5106455;MT;PLANALTO DA SERRA;90
5106505;MT;POCONÉ;80
5106653;MT;PONTAL DO ARAGUAIA;60
5106703;MT;PONTE BRANCA;60
5106778;MT;PORTO ALEGRE DO NORTE;80
5106828;MT;PORTO ESPERIDIÃO;80
5106851;MT;PORTO ESTRELA;80
5107008;MT;POXORÉO;60
5107040;MT;PRIMAVERA DO LESTE;60
5107065;MT;QUERÊNCIA;80
5107107;MT;SÃO JOSÉ DOS QUATRO MARCOS;80
5107156;MT;RESERVA DO CABAÇAL;80
5107180;MT;RIBEIRÃO CASCALHEIRA;80
5107198;MT;RIBEIRÃOZINHO;60
5107206;MT;RIO BRANCO;80
5107248;MT;SANTA CARMEM;90
5107263;MT;SANTO AFONSO;80
5107297;MT;SÃO JOSÉ DO POVO;60
5107354;MT;SÃO JOSÉ DO XINGU;80
5107404;MT;SÃO PEDRO DA CIPA;60
5107602;MT;RONDONÓPOLIS;60
5107701;MT;ROSÁRIO OESTE;80
5107743;MT;SANTA CRUZ DO XINGU;80
5107750;MT;SALTO DO CÉU;80
5107776;MT;SANTA TEREZINHA;80
5107792;MT;SANTO ANTÔNIO DO LESTE;80
5107800;MT;SANTO ANTÔNIO DO LEVERGER;70
5107859;MT;SÃO FÉLIX DO ARAGUAIA;80
5107883;MT;SERRA NOVA DOURADA;80
5107909;MT;SINOP;90
5107925;MT;SORRISO;90
5107958;MT;TANGARÁ DA SERRA;80
5108055;MT;TERRA NOVA DO NORTE;90
5108105;MT;TESOURO;60
5108204;MT;TORIXORÉU;60
5108402;MT;VÁRZEA GRANDE;70
5108501;MT;VERA;90
5108600;MT;VILA RICA;80
5108808;MT;NOVA GUARITA;90
5108857;MT;NOVA MARILÂNDIA;80
5200050;GO;ABADIA DE GOIÁS;24
5200100;GO;ABADIÂNIA;40
5200134;GO;ACREÚNA;30
5200159;GO;ADELÂNDIA;22
5200175;GO;ÁGUA FRIA DE GOIÁS;35
5200209;GO;ÁGUA LIMPA;45
5200258;GO;ÁGUAS LINDAS DE GOIÁS;40
5200308;GO;ALEXÂNIA;30
5200506;GO;ALOÂNDIA;35
5200555;GO;ALTO HORIZONTE;60
5200605;GO;ALTO PARAÍSO DE GOIÁS;70
5200803;GO;ALVORADA DO NORTE;70
5200829;GO;AMARALINA;60
5200852;GO;AMERICANO DO BRASIL;22
5200902;GO;AMORINÓPOLIS;20
5201108;GO;ANÁPOLIS;16
5201207;GO;ANHANGUERA;45
5201306;GO;ANICUNS;22
5201405;GO;APARECIDA DE GOIÂNIA;22
5201454;GO;APARECIDA DO RIO DOCE;40
5201504;GO;APORÉ;40
5201603;GO;ARAÇU;22
5201702;GO;ARAGARÇAS;45
5201801;GO;ARAGOIÂNIA;24
5202155;GO;ARAGUAPAZ;45
5202353;GO;ARENÓPOLIS;50
5202502;GO;ARUANÃ;50
5202601;GO;AURILÂNDIA;28
5202809;GO;AVELINÓPOLIS;20
5203104;GO;BALIZA;45
5203203;GO;BARRO ALTO;30
5203302;GO;BELA VISTA DE GOIÁS;35
5203401;GO;BOM JARDIM DE GOIÁS;45
5203500;GO;BOM JESUS DE GOIÁS;22
5203559;GO;BONFINÓPOLIS;16
5203575;GO;BONÓPOLIS;60
5203609;GO;BRAZABRANTES;20
5203807;GO;BRITÂNIA;50
5203906;GO;BURITI ALEGRE;40
5203939;GO;BURITI DE GOIÁS;22
5203962;GO;BURITINÓPOLIS;70
5204003;GO;CABECEIRAS;45
5204102;GO;CACHOEIRA ALTA;24
5204201;GO;CACHOEIRA DE GOIÁS;30
5204250;GO;CACHOEIRA DOURADA;24
5204300;GO;CAÇU;35
5204409;GO;CAIAPÔNIA;60
5204508;GO;CALDAS NOVAS;45
5204557;GO;CALDAZINHA;35
5204607;GO;CAMPESTRE DE GOIÁS;20
5204656;GO;CAMPINAÇU;50
5204706;GO;CAMPINORTE;60
5204805;GO;CAMPO ALEGRE DE GOIÁS;28
5204854;GO;CAMPO LIMPO DE GOIÁS;16
5204904;GO;CAMPOS BELOS;80
5204953;GO;CAMPOS VERDES;50
5205000;GO;CARMO DO RIO VERDE;20
5205059;GO;CASTELÂNDIA;30
5205109;GO;CATALÃO;40
5205208;GO;CATURAÍ;20
5205307;GO;CAVALCANTE;70
5205406;GO;CERES;20
5205455;GO;CEZARINA;22
5205471;GO;CHAPADÃO DO CÉU;40
5205497;GO;CIDADE OCIDENTAL;40
5205513;GO;COCALZINHO DE GOIÁS;35
5205521;GO;COLINAS DO SUL;70
5205703;GO;CÓRREGO DO OURO;26
5205802;GO;CORUMBÁ DE GOIÁS;35
5205901;GO;CORUMBAÍBA;45
5206206;GO;CRISTALINA;40
5206305;GO;CRISTIANÓPOLIS;35
5206404;GO;CRIXÁS;60
5206503;GO;CROMÍNIA;35
5206602;GO;CUMARI;45
5206701;GO;DAMIANÓPOLIS;70
5206800;GO;DAMOLÂNDIA;30
5206909;GO;DAVINÓPOLIS;30
5207105;GO;DIORAMA;50
5207253;GO;DOVERLÂNDIA;60
5207352;GO;EDEALINA;30
5207402;GO;EDÉIA;30
5207501;GO;ESTRELA DO NORTE;50
5207535;GO;FAINA;45
5207600;GO;FAZENDA NOVA;30
5207808;GO;FIRMINÓPOLIS;30
5207907;GO;FLORES DE GOIÁS;70
5208004;GO;FORMOSA;40
5208103;GO;FORMOSO;50
5208152;GO;GAMELEIRA DE GOIÁS;30
5208301;GO;DIVINÓPOLIS DE GOIÁS;70
5208400;GO;GOIANÁPOLIS;20
5208509;GO;GOIANDIRA;35
5208608;GO;GOIANÉSIA;20
5208707;GO;GOIÂNIA;7
5208806;GO;GOIANIRA;20
5208905;GO;GOIÁS;45
5209101;GO;GOIATUBA;30
5209150;GO;GOUVELÂNDIA;30
5209200;GO;GUAPÓ;22
5209291;GO;GUARAÍTA;20
5209408;GO;GUARANI DE GOIÁS;70
5209457;GO;GUARINOS;50
5209606;GO;HEITORAÍ;20
5209705;GO;HIDROLÂNDIA;35
5209804;GO;HIDROLINA;35
5209903;GO;IACIARA;70
5209937;GO;INACIOLÂNDIA;24
5209952;GO;INDIARA;30
5210000;GO;INHUMAS;24
5210109;GO;IPAMERI;40
5210158;GO;IPIRANGA DE GOIÁS;20
5210208;GO;IPORÁ;30
5210307;GO;ISRAELÂNDIA;30
5210406;GO;ITABERAÍ;20
5210562;GO;ITAGUARI;20
5210604;GO;ITAGUARU;20
5210802;GO;ITAJÁ;30
5210901;GO;ITAPACI;30
5211008;GO;ITAPIRAPUÃ;45
5211206;GO;ITAPURANGA;20
5211305;GO;ITARUMÃ;35
5211404;GO;ITAUÇU;26
5211503;GO;ITUMBIARA;24
5211602;GO;IVOLÂNDIA;30
5211701;GO;JANDAIA;30
5211800;GO;JARAGUÁ;20
5211909;GO;JATAÍ;40
5212006;GO;JAUPACI;22
5212055;GO;JESÚPOLIS;20
5212105;GO;JOVIÂNIA;26
5212204;GO;JUSSARA;45
5212253;GO;LAGOA SANTA;30
5212303;GO;LEOPOLDO DE BULHÕES;16
5212501;GO;LUZIÂNIA;40
5212600;GO;MAIRIPOTABA;35
5212709;GO;MAMBAÍ;70
5212808;GO;MARA ROSA;60
5212907;GO;MARZAGÃO;45
5212956;GO;MATRINCHÃ;50
5213004;GO;MAURILÂNDIA;22
5213053;GO;MIMOSO DE GOIÁS;40
5213087;GO;MINAÇU;50
5213103;GO;MINEIROS;60
5213400;GO;MOIPORÁ;30
5213509;GO;MONTE ALEGRE DE GOIÁS;80
5213707;GO;MONTES CLAROS DE GOIÁS;45
5213756;GO;MONTIVIDIU;30
5213772;GO;MONTIVIDIU DO NORTE;50
5213806;GO;MORRINHOS;40
5213855;GO;MORRO AGUDO DE GOIÁS;30
5213905;GO;MOSSÂMEDES;22
5214002;GO;MOZARLÂNDIA;50
5214051;GO;MUNDO NOVO;60
5214101;GO;MUTUNÓPOLIS;55
5214408;GO;NAZÁRIO;22
5214507;GO;NERÓPOLIS;20
5214606;GO;NIQUELÂNDIA;60
5214705;GO;NOVA AMÉRICA;30
5214804;GO;NOVA AURORA;45
5214838;GO;NOVA CRIXÁS;60
5214861;GO;NOVA GLÓRIA;20
5214879;GO;NOVA IGUAÇÚ DE GOIÁS;60
5214903;GO;NOVA ROMA;70
5215009;GO;NOVA VENEZA;22
5215207;GO;NOVO BRASIL;20
5215231;GO;NOVO GAMA;40
5215256;GO;NOVO PLANALTO;70
5215306;GO;ORIZONA;35
5215405;GO;OURO VERDE DE GOIÁS;20
5215504;GO;OUVIDOR;40
5215603;GO;PADRE BERNARDO;40
5215652;GO;PALESTINA DE GOIÁS;60
5215702;GO;PALMEIRAS DE GOIÁS;22
5215801;GO;PALMELO;30
5215900;GO;PALMINÓPOLIS;30
5216007;GO;PANAMÁ;20
5216304;GO;PARANAIGUARA;30
5216403;GO;PARAÚNA;30
5216452;GO;PEROLÂNDIA;40
5216809;GO;PETROLINA DE GOIÁS;26
5216908;GO;PILAR DE GOIÁS;50
5217104;GO;PIRACANJUBA;30
5217203;GO;PIRANHAS;50
5217302;GO;PIRENÓPOLIS;35
5217401;GO;PIRES DO RIO;35
5217609;GO;PLANALTINA;35
5217708;GO;PONTALINA;35
5218003;GO;PORANGATU;60
5218052;GO;PORTEIRÃO;30
5218102;GO;PORTELÂNDIA;60
5218300;GO;POSSE;70
5218391;GO;PROFESSOR JAMIL;30
5218508;GO;QUIRINÓPOLIS;30
5218607;GO;RIALMA;20
5218706;GO;RIANÁPOLIS;20
5218789;GO;RIO QUENTE;45
5218805;GO;RIO VERDE;30
5218904;GO;RUBIATABA;30
5219001;GO;SANCLERLÂNDIA;26
5219100;GO;SANTA BÁRBARA DE GOIÁS;22
5219209;GO;SANTA CRUZ DE GOIÁS;35
5219258;GO;SANTA FÉ DE GOIÁS;45
5219308;GO;SANTA HELENA DE GOIÁS;20
5219357;GO;SANTA ISABEL;20
5219407;GO;SANTA RITA DO ARAGUAIA;60
5219456;GO;SANTA RITA DO NOVO DESTINO;30
5219506;GO;SANTA ROSA DE GOIÁS;20
5219605;GO;SANTA TEREZA DE GOIÁS;50
5219704;GO;SANTA TEREZINHA DE GOIÁS;50
5219712;GO;SANTO ANTÔNIO DA BARRA;30
5219738;GO;SANTO ANTÔNIO DE GOIÁS;20
5219753;GO;SANTO ANTÔNIO DO DESCOBERTO;40
5219803;GO;SÃO DOMINGOS;70
5219902;GO;SÃO FRANCISCO DE GOIÁS;20
5220009;GO;SÃO JOÃO D'ALIANÇA;70
5220058;GO;SÃO JOÃO DA PARAÚNA;30
5220108;GO;SÃO LUÍS DE MONTES BELOS;30
5220157;GO;SÃO LUÍZ DO NORTE;30
5220207;GO;SÃO MIGUEL DO ARAGUAIA;70
5220264;GO;SÃO MIGUEL DO PASSA QUATRO;30
5220280;GO;SÃO PATRÍCIO;20
5220405;GO;SÃO SIMÃO;35
5220454;GO;SENADOR CANEDO;7
5220504;GO;SERRANÓPOLIS;40
5220603;GO;SILVÂNIA;30
5220686;GO;SIMOLÂNDIA;70
5220702;GO;SÍTIO D'ABADIA;70
5221007;GO;TAQUARAL DE GOIÁS;20
5221080;GO;TERESINA DE GOIÁS;70
5221197;GO;TEREZÓPOLIS DE GOIÁS;20
5221304;GO;TRÊS RANCHOS;40
5221403;GO;TRINDADE;20
5221452;GO;TROMBAS;50
5221502;GO;TURVÂNIA;22
5221551;GO;TURVELÂNDIA;30
5221577;GO;UIRAPURU;60
5221601;GO;URUAÇU;50
5221700;GO;URUANA;20
5221809;GO;URUTAÍ;30
5221858;GO;VALPARAÍSO DE GOIÁS;40
5221908;GO;VARJÃO;35
5222005;GO;VIANÓPOLIS;40
5222054;GO;VICENTINÓPOLIS;35
5222203;GO;VILA BOA;40
5222302;GO;VILA PROPÍCIO;35
5300108;DF;BRASÍLIA;5
